pecha_id,start,end_exclusive
I0156A8B1,1110,1230
I0156A8B1,2026,2260
I0156A8B1,4907,5106
I0156A8B1,18547,18571
I0156A8B1,19666,19791
I0156A8B1,20059,20122
I0156A8B1,20766,20826
I0156A8B1,21845,21906
I0156A8B1,22148,22216
I0156A8B1,22591,22685
I0156A8B1,24296,24396
I0156A8B1,25312,25336
I0156A8B1,26108,26134
I0156A8B1,26559,26604
I0156A8B1,29086,29152
I0156A8B1,32978,32999
I0156A8B1,37354,37400
I0156A8B1,42545,42681
I0156A8B1,44755,44764
I0156A8B1,50817,50924
I0156A8B1,54631,54640
I0156A8B1,60915,60967
I0156A8B1,61325,61334
I048844DB,358,501
I048844DB,1254,1274
I048844DB,1439,1687
I048844DB,2564,2617
I048844DB,3231,3252
I048844DB,3930,3949
I048844DB,4439,4501
I048844DB,5890,5919
I048844DB,7177,7208
I048844DB,7759,7791
I048844DB,8366,8407
I048844DB,9072,9123
I048844DB,9694,9736
I048844DB,10901,11437
I048844DB,12044,12078
I048844DB,12718,12753
I048844DB,13351,13381
I048844DB,14242,14517
I048844DB,14917,14941
I048844DB,15555,15606
I048844DB,16223,16261
I048844DB,16728,16753
I048844DB,17154,17208
I048844DB,17588,17626
I048844DB,18055,18098
I048844DB,18884,18932
I048844DB,19540,19574
I048844DB,20538,20585
I048844DB,21086,21146
I048844DB,21754,21800
I048844DB,22492,22534
I048844DB,23131,23169
I048844DB,24010,24315
I048844DB,25503,25541
I048844DB,26275,26312
I048844DB,27056,27082
I048844DB,27792,27833
I048844DB,28137,28172
I048844DB,28632,28664
I048844DB,29232,29286
I048844DB,29968,29996
I048844DB,31348,31386
I048844DB,32439,32468
I048844DB,33793,33912
I048844DB,34424,34468
I048844DB,36537,36593
I048844DB,37237,37269
I048844DB,37911,38071
I048844DB,39255,39278
I048844DB,42743,42763
I048844DB,43394,43682
I048844DB,44305,44341
I048844DB,45003,45055
I048844DB,46399,46452
I048844DB,47059,47115
I048844DB,47684,47891
I048844DB,48975,49023
I048844DB,49714,49756
I069801F1,41735,41791
I069801F1,41793,41914
I069801F1,51449,51496
I07240379,875,892
I07240379,894,958
I07240379,960,973
I07240379,975,987
I07240379,989,1002
I07240379,1004,1073
I07240379,1075,1088
I07240379,1090,1112
I07240379,1114,1154
I07240379,1156,1170
I07240379,1172,1185
I07240379,1187,1199
I07240379,1201,1226
I07240379,1228,1282
I07240379,1284,1304
I07240379,1306,1341
I07240379,1343,1367
I07240379,1369,1376
I07240379,1378,1388
I07240379,1390,1398
I07240379,1400,1416
I07240379,1418,1447
I07240379,1449,1479
I07240379,1481,1507
I07240379,1509,1538
I07240379,1540,1569
I07240379,1571,1599
I07240379,1601,1646
I07240379,1648,1674
I07240379,1676,1720
I07240379,1722,1745
I07240379,1747,1769
I07240379,1771,1820
I07240379,1822,1861
I07240379,1863,1910
I07240379,1912,1945
I07240379,1947,1963
I07240379,1965,1982
I07240379,1984,2001
I07240379,2003,2016
I07240379,2018,2031
I07240379,2033,2083
I07240379,2085,2111
I07240379,2113,2141
I07240379,2143,2166
I07240379,2168,2187
I07240379,2189,2226
I07240379,2228,2252
I07240379,2254,2279
I07240379,2281,2307
I07240379,2309,2380
I07240379,2382,2409
I07240379,2411,2442
I07240379,2444,2480
I07240379,2482,2529
I07240379,2531,2587
I07240379,2589,2634
I07240379,2636,2677
I07240379,2679,2707
I07240379,2709,2737
I07240379,2739,2771
I07240379,2773,2800
I07240379,2802,2864
I07240379,2866,2899
I07240379,2901,2944
I07240379,2946,2968
I07240379,2970,2999
I07240379,3001,3019
I07240379,20470,20706
I07240379,22363,22411
I07240379,23411,23432
I07240379,24385,24405
I07240379,26464,26530
I07240379,28831,29093
I07240379,29095,29122
I07240379,29849,29892
I07240379,31779,31856
I07240379,32070,32088
I07240379,32822,32838
I07240379,33961,33977
I07240379,34312,34544
I07240379,34546,34587
I07240379,36002,36040
I07240379,37126,37160
I07240379,38091,38127
I07240379,38899,38934
I07240379,39670,39706
I07240379,40306,40359
I07240379,40906,40950
I07240379,41210,41261
I07240379,42448,42578
I07240379,42580,42610
I07240379,43392,43565
I07240379,43567,44736
I07240379,44738,44785
I07240379,45677,45732
I07240379,46708,46748
I07240379,47588,47619
I07240379,49319,49426
I07240379,51080,51101
I07240379,51784,51805
I07240379,53919,53952
I07240379,54621,54736
I07240379,55347,55371
I07240379,60891,60915
I07240379,61382,61410
I07240379,61527,61593
I07240379,62300,62325
I07240379,67533,67558
I07240379,74674,74708
I07240379,75166,75206
I07240379,75986,76030
I07240379,80561,80615
I07240379,117856,117891
I07240379,118750,118789
I07240379,119983,120032
I07240379,122237,122258
I07240379,123812,123845
I07ECF0AE,68276,68299
I07ECF0AE,68301,68329
I07ECF0AE,68331,68363
I07ECF0AE,75362,75386
I07ECF0AE,75388,75417
I07ECF0AE,75419,75451
I07ECF0AE,92012,92039
I07ECF0AE,92041,92071
I07ECF0AE,92073,92097
I07ECF0AE,92099,92131
I08405360,714,1029
I08405360,1245,1314
I08405360,1763,2106
I08405360,2617,2717
I08405360,2804,2968
I08405360,3775,3848
I08405360,6133,6696
I08405360,6852,6949
I08405360,7365,7431
I08405360,8035,8114
I08405360,9169,9217
I08405360,11015,11305
I08405360,11957,12045
I08405360,12464,12506
I08405360,12666,12786
I08405360,13407,13501
I08405360,15037,15126
I08405360,15400,15482
I08405360,15771,15880
I08405360,16236,16350
I08405360,16742,16793
I08405360,17017,17217
I08405360,17729,17873
I08405360,18603,18632
I08405360,18772,18795
I08405360,19212,19389
I08405360,19422,19519
I08405360,20189,20280
I08405360,20337,20461
I08405360,20611,20735
I08405360,20949,20984
I08405360,21098,21161
I08405360,22310,22369
I08405360,22469,22521
I08405360,22558,22613
I08405360,22732,22749
I08405360,23663,23947
I08405360,24919,24974
I08405360,25856,26078
I08405360,26579,26711
I08405360,27572,27674
I08405360,29175,29286
I08405360,30887,30978
I08405360,31201,31308
I08405360,34813,34836
I08405360,35760,35777
I08405360,36110,36132
I08405360,36484,36593
I08405360,36894,37053
I08405360,37294,37395
I08405360,37544,37634
I08405360,39995,40112
I08405360,40494,40576
I08405360,41579,41679
I08405360,46036,46182
I08405360,46254,46342
I08405360,46583,46703
I08405360,47034,47144
I08405360,47353,47443
I08405360,47889,47966
I08405360,48332,48413
I08405360,48746,48902
I08405360,54574,54814
I08405360,56012,56158
I08405360,58333,58415
I08405360,58512,58623
I08405360,60275,60353
I08405360,60908,61009
I08405360,61077,61168
I08405360,61245,61494
I08405360,61863,61946
I08405360,62042,62131
I08405360,62185,62350
I08405360,63398,63455
I08405360,63557,63665
I08405360,64548,64690
I08405360,65623,65804
I08405360,67188,67430
I08405360,69183,69315
I08405360,69741,69952
I08405360,70884,70972
I08405360,71785,71829
I08405360,72290,72327
I08405360,72479,72600
I08405360,73978,74044
I08405360,74307,74502
I08405360,76585,76753
I08405360,77795,77861
I08405360,78024,78101
I08405360,80584,80697
I08405360,82138,82267
I08405360,84907,85070
I08405360,89833,90002
I08405360,92515,92635
I08405360,93558,93655
I08405360,97346,97736
I08405360,107411,107469
I08405360,107836,108011
I08405360,110809,110967
I08405360,113822,113962
I08405360,115349,115447
I08405360,118414,118498
I08405360,118666,118748
I08405360,120158,120242
I08405360,124024,124098
I08405360,125290,125619
I08405360,129349,129499
I08405360,130457,130577
I08405360,137555,137695
I08405360,140367,140617
I08405360,140956,141021
I08405360,143493,143646
I08405360,146435,146613
I08405360,146963,147163
I08405360,149013,149102
I08405360,149615,149739
I08405360,150422,150487
I08405360,150790,150849
I08405360,151437,151596
I08405360,152783,152890
I08405360,155884,155954
I08405360,157240,157378
I08405360,158046,158182
I08405360,161532,161700
I08405360,161995,162073
I08405360,162334,162470
I08405360,162521,162586
I08405360,167182,167209
I08405360,167490,167627
I08405360,168221,168317
I08405360,170682,170868
I08405360,171243,171297
I08405360,171571,171836
I08405360,172305,172423
I08405360,173732,173756
I08405360,173999,174025
I08405360,174211,174328
I08405360,174734,174828
I08405360,175720,175791
I08405360,177075,177185
I08405360,177431,177551
I08405360,179836,180062
I08405360,180388,180629
I08405360,181585,181639
I08405360,189759,189874
I08405360,192252,192350
I08405360,194996,195124
I08405360,201425,201509
I08405360,203382,203632
I08405360,204548,204698
I08405360,205334,205500
I08405360,207757,207810
I08405360,207936,208050
I08405360,208152,208229
I08405360,212373,212504
I08405360,212737,213052
I08405360,216048,216153
I08405360,220790,220987
I08405360,221803,221843
I08405360,222797,223092
I08405360,224621,224689
I08405360,225881,225987
I08405360,227915,227937
I08405360,229220,229332
I08405360,233337,233369
I08405360,233576,233879
I08405360,235304,235485
I08405360,237441,237517
I08405360,237613,237748
I08405360,238798,238922
I08405360,240775,240867
I08405360,240919,240983
I08405360,241675,241794
I08405360,243043,243110
I08405360,243241,243393
I08405360,243485,243581
I08405360,247995,248103
I08405360,248196,248284
I08405360,248466,248606
I08405360,250157,250235
I08405360,250949,251031
I08405360,251153,251230
I08405360,251432,251563
I08405360,251896,251978
I08405360,252310,252385
I08405360,252992,253057
I08405360,253368,253443
I08405360,253525,253646
I08405360,254384,254415
I08405360,254632,254703
I08405360,256051,256373
I08405360,256834,256951
I08405360,257218,257308
I08405360,258407,258507
I08405360,259040,259115
I08405360,259945,260036
I08405360,260122,260243
I08405360,260430,260528
I08405360,260776,260881
I08405360,260995,261130
I08405360,261289,261351
I08405360,262985,263046
I08405360,263081,263184
I08405360,263541,263578
I08405360,264300,264514
I08405360,266132,266178
I08405360,266907,266946
I08405360,267403,267491
I08405360,268747,268833
I08405360,269764,269911
I08405360,270004,270095
I08405360,270943,270962
I08405360,271357,271446
I08405360,274062,274123
I08405360,274225,274431
I08405360,275301,275369
I08405360,277676,277779
I08405360,277818,277878
I08405360,277906,277993
I08405360,278388,278421
I08405360,278834,279009
I08405360,279343,279504
I08405360,284448,284494
I08405360,289227,289371
I08405360,292408,292494
I08405360,292574,292662
I08405360,294341,294430
I08405360,294675,294748
I08405360,295832,295935
I08405360,298783,298880
I08405360,299621,299723
I08405360,300558,300661
I08405360,302573,302780
I08405360,308091,308252
I08405360,308620,308724
I08405360,309501,309615
I08405360,309768,309831
I08405360,310172,310251
I08405360,310698,310780
I08405360,311001,311234
I08405360,311305,311406
I08405360,312733,312827
I08405360,318392,318457
I08405360,319868,319933
I08405360,320712,320805
I08405360,320853,320994
I08405360,325978,326025
I08405360,327653,327811
I08405360,343011,343164
I08405360,343734,343953
I0B81CD66,159,224
I0B81CD66,226,258
I0B81CD66,260,275
I0B81CD66,277,289
I0B81CD66,291,302
I0B81CD66,304,332
I0B81CD66,334,373
I0B81CD66,375,406
I0B81CD66,408,438
I0B81CD66,440,461
I0B81CD66,463,494
I0B81CD66,496,529
I0B81CD66,531,555
I0B81CD66,557,591
I0B81CD66,593,609
I0B81CD66,611,628
I0B81CD66,630,650
I0B81CD66,652,678
I0B81CD66,680,707
I0B81CD66,709,739
I0B81CD66,741,764
I0B81CD66,766,780
I0B81CD66,782,812
I0B81CD66,814,845
I0B81CD66,847,873
I0B81CD66,875,889
I0B81CD66,891,926
I0B81CD66,928,964
I0B81CD66,966,1001
I0B81CD66,1003,1042
I0B81CD66,1044,1064
I0B81CD66,1066,1130
I0B81CD66,1132,1147
I0B81CD66,1149,1161
I0B81CD66,1163,1174
I0B81CD66,1176,1191
I0B81CD66,1193,1219
I0B81CD66,1221,1240
I0B81CD66,1242,1271
I0B81CD66,1273,1295
I0B81CD66,1297,1316
I0B81CD66,1318,1351
I0B81CD66,1353,1383
I0B81CD66,1385,1420
I0B81CD66,1422,1442
I0B81CD66,1444,1474
I0B81CD66,1476,1510
I0B81CD66,1512,1543
I0B81CD66,1545,1564
I0B81CD66,1566,1590
I0B81CD66,1592,1626
I0B81CD66,1628,1658
I0B81CD66,1660,1678
I0B81CD66,1680,1704
I0B81CD66,1706,1740
I0B81CD66,1742,1750
I0B81CD66,1752,1759
I0B81CD66,1761,1789
I0B81CD66,1791,1805
I0B81CD66,1807,1827
I0B81CD66,1829,1893
I0B81CD66,1895,1910
I0B81CD66,1912,1924
I0B81CD66,1926,1937
I0B81CD66,1939,1961
I0B81CD66,1963,1994
I0B81CD66,1996,2016
I0B81CD66,2018,2040
I0B81CD66,2042,2071
I0B81CD66,2073,2098
I0B81CD66,2100,2130
I0B81CD66,2132,2152
I0B81CD66,2154,2193
I0B81CD66,2195,2221
I0B81CD66,2223,2248
I0B81CD66,2250,2276
I0B81CD66,2278,2307
I0B81CD66,2309,2336
I0B81CD66,2338,2357
I0B81CD66,2359,2373
I0B81CD66,2375,2395
I0B81CD66,2397,2454
I0B81CD66,2456,2471
I0B81CD66,2473,2485
I0B81CD66,2487,2498
I0B81CD66,2500,2522
I0B81CD66,2524,2559
I0B81CD66,2561,2598
I0B81CD66,2600,2621
I0B81CD66,2623,2646
I0B81CD66,2648,2670
I0B81CD66,2672,2708
I0B81CD66,2710,2741
I0B81CD66,2743,2779
I0B81CD66,2781,2806
I0B81CD66,2808,2822
I0B81CD66,2824,2844
I0B81CD66,2846,2909
I0B81CD66,2911,2926
I0B81CD66,2928,2940
I0B81CD66,2942,2953
I0B81CD66,2955,2985
I0B81CD66,2987,3009
I0B81CD66,3011,3043
I0B81CD66,3045,3075
I0B81CD66,3077,3124
I0B81CD66,3126,3168
I0B81CD66,3170,3192
I0B81CD66,3194,3233
I0B81CD66,3235,3276
I0B81CD66,3278,3322
I0B81CD66,3324,3352
I0B81CD66,3354,3381
I0B81CD66,3383,3397
I0B81CD66,3399,3430
I0B81CD66,3432,3470
I0B81CD66,3472,3523
I0B81CD66,3525,3540
I0B81CD66,3542,3557
I0B81CD66,3559,3570
I0B81CD66,3572,3610
I0B81CD66,3612,3639
I0B81CD66,3641,3661
I0B81CD66,3663,3676
I0B81CD66,3678,3717
I0B81CD66,3719,3746
I0B81CD66,3748,3776
I0B81CD66,3778,3810
I0B81CD66,3812,3841
I0B81CD66,3843,3865
I0B81CD66,3867,3880
I0B81CD66,3882,3900
I0B81CD66,3902,3916
I0B81CD66,3918,3934
I0B81CD66,3936,3964
I0B81CD66,3966,3993
I0B81CD66,3995,4020
I0B81CD66,4022,4044
I0B81CD66,4046,4059
I0B81CD66,4061,4081
I0B81CD66,4083,4127
I0B81CD66,4129,4144
I0B81CD66,4146,4158
I0B81CD66,4160,4171
I0B81CD66,4173,4190
I0B81CD66,4192,4208
I0B81CD66,4210,4231
I0B81CD66,4233,4256
I0B81CD66,4258,4281
I0B81CD66,4283,4331
I0B81CD66,4333,4377
I0B81CD66,4379,4398
I0B81CD66,4400,4426
I0B81CD66,4428,4460
I0B81CD66,4462,4472
I0B81CD66,4474,4484
I0B81CD66,4486,4497
I0B81CD66,4499,4509
I0B81CD66,4511,4521
I0B81CD66,4523,4541
I0B81CD66,4543,4556
I0B81CD66,4558,4578
I0B81CD66,4580,4644
I0B81CD66,4646,4661
I0B81CD66,4663,4675
I0B81CD66,4677,4688
I0B81CD66,4690,4733
I0B81CD66,4735,4746
I0B81CD66,4748,4768
I0B81CD66,4770,4793
I0B81CD66,4795,4830
I0B81CD66,4832,4866
I0B81CD66,4868,4886
I0B81CD66,4888,4920
I0B81CD66,4922,4961
I0B81CD66,4963,4986
I0B81CD66,4988,5012
I0B81CD66,5014,5038
I0B81CD66,5040,5063
I0B81CD66,5065,5103
I0B81CD66,5105,5149
I0B81CD66,5151,5185
I0B81CD66,5187,5200
I0B81CD66,5202,5229
I0B81CD66,5231,5257
I0B81CD66,5259,5285
I0B81CD66,5287,5320
I0B81CD66,5322,5349
I0B81CD66,5351,5369
I0B81CD66,5371,5388
I0B81CD66,5390,5408
I0B81CD66,5410,5424
I0B81CD66,5426,5446
I0B81CD66,5448,5496
I0B81CD66,5498,5545
I0B81CD66,5547,5567
I0B81CD66,5569,5601
I0B81CD66,5603,5644
I0B81CD66,5646,5673
I0B81CD66,5675,5704
I0B81CD66,5706,5731
I0B81CD66,5733,5758
I0B81CD66,5760,5789
I0B81CD66,5791,5814
I0B81CD66,5816,5835
I0B81CD66,5837,5862
I0B81CD66,5864,5910
I0B81CD66,5912,5956
I0B81CD66,5958,5967
I0B81CD66,5969,5986
I0B81CD66,5988,6014
I0B81CD66,6016,6034
I0B81CD66,6035,6066
I0B81CD66,7574,7677
I0B81CD66,8797,9011
I0B81CD66,13815,13863
I0B81CD66,15193,15414
I0B81CD66,16133,16266
I0B81CD66,16804,16923
I0B81CD66,17497,17529
I0B81CD66,20423,20457
I0B81CD66,22078,22157
I0B81CD66,22636,22867
I0B81CD66,24325,24380
I0B81CD66,24613,24658
I0B81CD66,27506,27546
I0B81CD66,27817,27837
I0B81CD66,28002,28226
I0B81CD66,31059,31094
I0B81CD66,32586,32691
I0B81CD66,33599,33801
I0B81CD66,34898,34926
I0B81CD66,36053,36078
I0B81CD66,37322,37345
I0B81CD66,38789,38812
I0B81CD66,39913,39947
I0B81CD66,44625,44975
I0B81CD66,45829,45879
I0B81CD66,46511,46631
I0B81CD66,52023,52051
I0B81CD66,52804,52927
I0B81CD66,54002,54136
I0B81CD66,54527,54567
I0B81CD66,60723,60836
I0B81CD66,62853,62883
I0B81CD66,64161,64357
I0B81CD66,64505,64520
I0B81CD66,66612,66630
I0B81CD66,66844,66881
I0B81CD66,69235,69265
I0B81CD66,70473,70721
I0B81CD66,71437,71620
I0B81CD66,71899,71943
I0B81CD66,72378,72423
I0B81CD66,72757,72800
I0B81CD66,73547,73591
I0B81CD66,75492,75512
I0B81CD66,76744,76847
I0B81CD66,77118,77268
I0B81CD66,77992,78162
I0B81CD66,78691,78707
I0B81CD66,80531,80622
I0B81CD66,81019,81089
I0B81CD66,84007,84034
I0B81CD66,85182,85391
I0B81CD66,85897,85913
I0B81CD66,86312,86425
I0B81CD66,86600,86924
I0B81CD66,87745,87777
I0B81CD66,88238,88269
I0B81CD66,88816,88842
I0B81CD66,89032,89116
I0B81CD66,89508,89614
I0B81CD66,90026,90054
I0B81CD66,90440,90468
I0B81CD66,90875,90895
I0B81CD66,91258,91461
I0B81CD66,92286,92366
I0B81CD66,92960,92978
I0B81CD66,93219,93258
I0B81CD66,94898,94940
I0B81CD66,95185,95492
I0B81CD66,96307,96346
I0B81CD66,97050,97072
I0B81CD66,97761,97923
I0B81CD66,99743,99787
I0B81CD66,100560,100923
I0B81CD66,101453,101488
I0B81CD66,101755,101785
I0B81CD66,102154,102188
I0B81CD66,102660,102694
I0B81CD66,102937,102962
I0B81CD66,104339,104363
I0B81CD66,108367,108470
I0B81CD66,110527,110543
I0B81CD66,117344,117454
I0B81CD66,117683,117702
I0B81CD66,118759,118841
I0B81CD66,119362,119400
I0B81CD66,119634,119658
I0B81CD66,120757,120778
I0B81CD66,121182,121202
I0B81CD66,122954,123106
I0B81CD66,123509,123810
I0B81CD66,124298,124335
I0B81CD66,125047,125085
I0B81CD66,125632,125659
I0B81CD66,126312,126340
I0B81CD66,127115,127149
I0B81CD66,127356,127388
I0B81CD66,127870,127907
I0B81CD66,129116,129144
I0B81CD66,129375,129608
I0B81CD66,129857,129891
I0B81CD66,130318,130353
I0B81CD66,130476,130513
I0B81CD66,130864,130898
I0B81CD66,132929,132955
I0B81CD66,133410,133431
I0B81CD66,133911,133931
I0B81CD66,134825,134999
I0B81CD66,136766,137051
I0B81CD66,142332,142378
I0B81CD66,147062,147092
I0B81CD66,147846,147876
I0B81CD66,148719,148901
I0B81CD66,150559,150599
I0B81CD66,151275,151320
I0B81CD66,154130,154161
I0B81CD66,157681,157702
I0B81CD66,158437,158457
I0B81CD66,159589,159692
I0B81CD66,160019,160394
I0B81CD66,160746,160787
I0B81CD66,161749,161788
I0B81CD66,171598,171834
I0B81CD66,174202,174233
I0B81CD66,174540,174829
I0B81CD66,175427,175456
I0B81CD66,175866,175891
I0B81CD66,176356,176396
I0B81CD66,177132,177167
I0B81CD66,179857,180003
I0B81CD66,180941,180981
I0B81CD66,182979,183026
I0B81CD66,183264,183385
I0B81CD66,184422,184446
I0B81CD66,188064,188233
I0B81CD66,191517,191553
I0B81CD66,193707,193736
I0B81CD66,197616,197637
I0B81CD66,197942,198241
I0B81CD66,199323,199364
I0B81CD66,200502,200629
I0B81CD66,201593,201743
I0B81CD66,202229,202259
I0B81CD66,202940,202973
I0B81CD66,203250,203278
I0B81CD66,205287,205305
I0B81CD66,205455,205515
I0B81CD66,205673,205830
I0B81CD66,208655,208800
I0B81CD66,208941,208975
I0B81CD66,210419,210449
I0B81CD66,210723,210754
I0B81CD66,211041,211149
I0B81CD66,211287,211317
I0B81CD66,212633,212665
I0B81CD66,213822,213850
I0B81CD66,215306,215326
I0B81CD66,217157,217177
I0B81CD66,218017,218119
I0B81CD66,220191,220383
I0B81CD66,223042,223072
I0B81CD66,226326,226358
I0B81CD66,230356,230635
I0B81CD66,231346,231483
I0B81CD66,232704,232739
I0B81CD66,233670,233711
I0B81CD66,235748,235845
I0B81CD66,238838,238991
I0B81CD66,243640,243683
I0B81CD66,245129,245159
I0B81CD66,245649,245674
I0B81CD66,248517,248596
I0B81CD66,249304,249342
I0B81CD66,250180,250267
I0B81CD66,253574,253832
I0B81CD66,254189,254223
I0B81CD66,256829,256863
I0B81CD66,258567,258672
I0B81CD66,261183,261267
I0B81CD66,263365,263393
I0B81CD66,265070,265090
I0B81CD66,268461,268481
I0B81CD66,272570,272756
I0B81CD66,272990,273042
I0B81CD66,273370,273705
I0B81CD66,274365,274389
I0B81CD66,274890,275079
I0B81CD66,275848,275895
I0B81CD66,276899,276926
I0B81CD66,278060,278150
I0B81CD66,278911,278940
I0B81CD66,279609,279879
I0B81CD66,280013,280028
I0B81CD66,281293,281329
I0B81CD66,281546,281823
I0B81CD66,281986,282028
I0B81CD66,282481,282655
I0B81CD66,283646,283679
I0B81CD66,284327,284360
I0B81CD66,284627,284665
I0B81CD66,285341,285368
I0B81CD66,285647,285754
I0B81CD66,285999,286015
I0B81CD66,286600,286889
I0B81CD66,287421,287459
I0B81CD66,287852,287915
I0B81CD66,289199,289219
I0B81CD66,290021,290096
I0B81CD66,290429,290664
I0B81CD66,290889,290926
I0B81CD66,291945,291983
I0B81CD66,292461,292619
I0B81CD66,292867,292973
I0B81CD66,293610,293658
I0B81CD66,295431,295506
I0B81CD66,295686,295843
I0B81CD66,296179,296222
I0B81CD66,296561,296600
I0B81CD66,297902,297948
I0B81CD66,298301,298518
I0B81CD66,299632,299689
I0B81CD66,300702,300744
I0B81CD66,301885,302191
I0B81CD66,302647,302810
I0B81CD66,303173,303209
I0B81CD66,303422,303455
I0B81CD66,303762,303782
I0B81CD66,304084,304243
I0B81CD66,304639,304674
I0B81CD66,305431,305530
I0B81CD66,306619,306643
I0B81CD66,307164,307283
I0B81CD66,308521,308547
I0B81CD66,309627,309654
I0B81CD66,310388,310409
I0B81CD66,311500,311520
I0B81CD66,312115,312520
I0B81CD66,313840,314010
I0B81CD66,314978,315036
I0B81CD66,315225,315328
I0B81CD66,315878,315915
I0B81CD66,317726,317753
I0B81CD66,318510,318574
I0B81CD66,318901,318915
I0B81CD66,320392,320724
I0B81CD66,321025,321178
I0B81CD66,321571,321608
I0B81CD66,322210,322453
I0B81CD66,323266,323390
I0B81CD66,324921,324955
I0B81CD66,325473,325505
I0B81CD66,326449,326481
I0B81CD66,327950,328088
I0B81CD66,328538,328614
I0B81CD66,329092,329116
I0B81CD66,329397,329499
I0B81CD66,330023,330068
I0B81CD66,330695,330998
I0B81CD66,332363,332398
I0B81CD66,332918,332954
I0B81CD66,333471,333502
I0B81CD66,340461,340477
I0B81CD66,340931,340955
I0B81CD66,341574,341700
I0B81CD66,342505,342535
I0B81CD66,343109,343138
I0FCFA88F,483,559
I0FCFA88F,561,586
I0FCFA88F,588,620
I0FCFA88F,622,648
I0FCFA88F,650,663
I0FCFA88F,665,677
I0FCFA88F,679,698
I0FCFA88F,700,738
I0FCFA88F,740,789
I0FCFA88F,791,825
I0FCFA88F,827,854
I0FCFA88F,855,872
I0FCFA88F,874,902
I0FCFA88F,904,927
I0FCFA88F,929,978
I0FCFA88F,980,1043
I0FCFA88F,1045,1102
I0FCFA88F,1104,1160
I0FCFA88F,1162,1223
I0FCFA88F,1225,1272
I0FCFA88F,1274,1299
I0FCFA88F,1301,1321
I0FCFA88F,1323,1344
I0FCFA88F,1346,1368
I0FCFA88F,1370,1392
I0FCFA88F,1394,1420
I0FCFA88F,1422,1447
I0FCFA88F,1449,1475
I0FCFA88F,1477,1509
I0FCFA88F,1511,1531
I0FCFA88F,1533,1548
I0FCFA88F,1550,1566
I0FCFA88F,1568,1587
I0FCFA88F,1589,1615
I0FCFA88F,1617,1637
I0FCFA88F,1639,1655
I0FCFA88F,1657,1677
I0FCFA88F,1679,1695
I0FCFA88F,1697,1710
I0FCFA88F,1712,1731
I0FCFA88F,1733,1752
I0FCFA88F,1754,1773
I0FCFA88F,1775,1795
I0FCFA88F,1797,1823
I0FCFA88F,1825,1847
I0FCFA88F,1849,1871
I0FCFA88F,1873,1910
I0FCFA88F,1912,1941
I0FCFA88F,1943,1975
I0FCFA88F,1977,2052
I0FCFA88F,2054,2103
I0FCFA88F,2105,2135
I0FCFA88F,2137,2166
I0FCFA88F,2168,2219
I0FCFA88F,2221,2280
I0FCFA88F,2282,2337
I0FCFA88F,2339,2398
I0FCFA88F,2400,2437
I0FCFA88F,2439,2477
I0FCFA88F,2479,2515
I0FCFA88F,2517,2546
I0FCFA88F,2548,2594
I0FCFA88F,2596,2641
I0FCFA88F,2643,2679
I0FCFA88F,2681,2714
I0FCFA88F,2716,2754
I0FCFA88F,2756,2797
I0FCFA88F,2799,2835
I0FCFA88F,2837,2876
I0FCFA88F,2878,2923
I0FCFA88F,2925,2942
I0FCFA88F,2944,2964
I0FCFA88F,2966,3037
I0FCFA88F,3039,3059
I0FCFA88F,3061,3082
I0FCFA88F,3084,3147
I0FCFA88F,3149,3191
I0FCFA88F,3193,3247
I0FCFA88F,3249,3298
I0FCFA88F,3300,3363
I0FCFA88F,3365,3434
I0FCFA88F,3436,3500
I0FCFA88F,3502,3556
I0FCFA88F,3558,3602
I0FCFA88F,3604,3631
I0FCFA88F,3633,3684
I0FCFA88F,3686,3701
I0FCFA88F,3703,3720
I0FCFA88F,3722,3773
I0FCFA88F,3775,3831
I0FCFA88F,3833,3866
I0FCFA88F,3868,3906
I0FCFA88F,3908,3938
I0FCFA88F,3940,3980
I0FCFA88F,3982,4030
I0FCFA88F,4032,4083
I0FCFA88F,4085,4130
I0FCFA88F,4132,4182
I0FCFA88F,4184,4222
I0FCFA88F,4224,4272
I0FCFA88F,4274,4322
I0FCFA88F,4324,4367
I0FCFA88F,4369,4400
I0FCFA88F,4402,4436
I0FCFA88F,4438,4465
I0FCFA88F,4467,4495
I0FCFA88F,4497,4542
I0FCFA88F,4544,4586
I0FCFA88F,4588,4630
I0FCFA88F,4632,4667
I0FCFA88F,4669,4708
I0FCFA88F,4710,4737
I0FCFA88F,4739,4756
I0FCFA88F,4758,4809
I0FCFA88F,4811,4833
I0FCFA88F,4835,4878
I0FCFA88F,4880,4918
I0FCFA88F,4920,4966
I0FCFA88F,4968,5008
I0FCFA88F,5010,5049
I0FCFA88F,5051,5089
I0FCFA88F,5091,5123
I0FCFA88F,5125,5164
I0FCFA88F,5166,5221
I0FCFA88F,5223,5257
I0FCFA88F,5259,5290
I0FCFA88F,5292,5326
I0FCFA88F,5328,5361
I0FCFA88F,5363,5394
I0FCFA88F,5396,5428
I0FCFA88F,5430,5463
I0FCFA88F,5465,5496
I0FCFA88F,5498,5530
I0FCFA88F,5532,5590
I0FCFA88F,5592,5639
I0FCFA88F,5641,5670
I0FCFA88F,5672,5690
I0FCFA88F,11739,12183
I0FCFA88F,16832,16866
I0FCFA88F,19514,19588
I0FCFA88F,20595,20849
I0FCFA88F,22708,22763
I0FCFA88F,26196,26236
I0FCFA88F,27008,27072
I0FCFA88F,29014,29036
I0FCFA88F,37910,37996
I0FCFA88F,42011,42059
I0FCFA88F,43010,43150
I0FCFA88F,43545,43607
I0FCFA88F,44694,44761
I0FCFA88F,46344,46396
I0FCFA88F,50431,50462
I0FCFA88F,50636,50769
I0FCFA88F,51121,51157
I0FCFA88F,53018,53046
I0FCFA88F,53973,54000
I0FCFA88F,54675,54705
I0FCFA88F,55142,55173
I0FCFA88F,55709,55748
I0FCFA88F,56848,56882
I0FCFA88F,57103,57391
I0FCFA88F,59112,59134
I0FCFA88F,61847,61874
I0FCFA88F,62972,63147
I0FCFA88F,64126,64164
I0FCFA88F,64943,64973
I0FCFA88F,67261,67287
I0FCFA88F,67545,67576
I0FCFA88F,67927,67978
I0FCFA88F,68400,68432
I0FCFA88F,70486,70527
I0FCFA88F,71937,71987
I0FCFA88F,72086,72103
I0FCFA88F,72432,72445
I0FCFA88F,73035,73063
I0FCFA88F,73438,73457
I0FCFA88F,73811,73847
I0FCFA88F,114779,114813
I0FCFA88F,122932,122963
I0FCFA88F,123052,123069
I0FCFA88F,123243,123299
I0FCFA88F,124752,125056
I0FCFA88F,135393,135584
I0FCFA88F,136977,137234
I0FCFA88F,138662,139551
I0FCFA88F,139961,140039
I0FCFA88F,140743,141148
I0FCFA88F,141377,141740
I0FCFA88F,141903,142230
I0FCFA88F,142382,142667
I0FCFA88F,143009,143673
I0FCFA88F,150162,150490
I0FCFA88F,150846,151461
I0FCFA88F,151463,151513
I0FCFA88F,152410,152451
I0FCFA88F,153408,153439
I0FCFA88F,153801,154330
I0FCFA88F,154522,154879
I0FCFA88F,155215,155672
I0FCFA88F,157242,159312
I0FCFA88F,159314,159543
I0FCFA88F,159869,160577
I0FCFA88F,161102,162359
I0FCFA88F,170939,171007
I0FCFA88F,171296,174467
I0FCFA88F,174627,175505
I0FCFA88F,175974,176277
I0FCFA88F,180098,180692
I0FCFA88F,180694,180796
I0FCFA88F,181461,181506
I0FCFA88F,183309,183346
I0FCFA88F,183833,183878
I0FCFA88F,190534,190587
I0FCFA88F,191486,191545
I0FCFA88F,192117,192169
I0FCFA88F,194208,194265
I0FCFA88F,197278,197520
I0FCFA88F,198169,198216
I0FCFA88F,199438,199486
I0FCFA88F,200154,200188
I0FCFA88F,200363,200391
I0FCFA88F,200810,200838
I0FCFA88F,201130,201259
I0FCFA88F,201557,201792
I0FCFA88F,203326,203374
I0FCFA88F,206340,206550
I0FCFA88F,206785,207155
I0FCFA88F,208207,208255
I0FCFA88F,208616,208660
I0FCFA88F,214067,214120
I0FCFA88F,215061,215109
I0FCFA88F,217604,217650
I0FCFA88F,218122,218166
I0FCFA88F,219829,219869
I0FCFA88F,222629,222677
I0FCFA88F,224596,224659
I0FCFA88F,225016,225055
I0FCFA88F,225626,225663
I0FCFA88F,227139,227179
I0FCFA88F,228358,228403
I0FCFA88F,228821,228856
I0FCFA88F,229949,229986
I0FCFA88F,232098,232137
I0FCFA88F,233951,233989
I0FCFA88F,235143,235180
I0FCFA88F,235644,235708
I0FCFA88F,236359,236412
I0FCFA88F,236891,236922
I10C4C4B5,3997,4265
I10C4C4B5,4410,4429
I10C4C4B5,4752,4784
I10C4C4B5,4878,4906
I10C4C4B5,5455,5721
I10C4C4B5,6051,6143
I10C4C4B5,7677,7937
I10C4C4B5,11338,11642
I10C4C4B5,15122,15206
I10C4C4B5,16064,16152
I10C4C4B5,19728,19820
I10C4C4B5,22574,22907
I10C4C4B5,23518,23608
I10C4C4B5,23965,24023
I10C4C4B5,26586,26765
I10C4C4B5,28881,28985
I10C4C4B5,30175,30327
I10C4C4B5,34129,34318
I10C4C4B5,35308,35450
I10C4C4B5,36127,36430
I10C4C4B5,42045,42192
I10C4C4B5,43252,43390
I10C4C4B5,47491,47611
I10C4C4B5,48925,49313
I10C4C4B5,49661,49728
I10C4C4B5,51053,51257
I10C4C4B5,52071,52667
I10C4C4B5,54476,54875
I10C4C4B5,58789,58862
I10C4C4B5,63236,63524
I10C4C4B5,63910,64000
I10C4C4B5,66723,66838
I10C4C4B5,73733,73809
I10C4C4B5,73994,74106
I10C4C4B5,76380,76729
I10C4C4B5,81728,82019
I10C4C4B5,83211,83270
I10C4C4B5,83361,83486
I10C4C4B5,85212,85332
I10C4C4B5,85832,86014
I10C4C4B5,91530,91884
I10C4C4B5,96627,96840
I10C4C4B5,104750,104914
I10C4C4B5,105948,106101
I10C4C4B5,108290,108480
I10C4C4B5,108646,108921
I10C4C4B5,109153,109242
I10C4C4B5,111853,111994
I10C4C4B5,112982,113068
I10C4C4B5,114616,114737
I10C4C4B5,114943,115037
I10C4C4B5,118438,118566
I10C4C4B5,118880,119309
I10C4C4B5,120982,121196
I10C4C4B5,123523,123572
I10C4C4B5,125924,125964
I10C4C4B5,127648,127842
I10C4C4B5,129233,129278
I10C4C4B5,134916,135109
I10C4C4B5,135515,135592
I10C4C4B5,137045,137097
I10C4C4B5,137405,137655
I10C4C4B5,140403,140496
I10C4C4B5,141000,141178
I10C4C4B5,146310,146396
I10C4C4B5,147725,148016
I10C4C4B5,148376,148469
I10C4C4B5,148903,149020
I10C4C4B5,151528,151588
I10C4C4B5,152258,152375
I10C4C4B5,153955,154160
I10C4C4B5,154454,154642
I10C4C4B5,154913,154969
I10C4C4B5,155148,155203
I10C4C4B5,155317,155384
I10C4C4B5,155893,155999
I10C4C4B5,157258,157419
I10C4C4B5,161649,161954
I10C4C4B5,162356,162411
I10C4C4B5,162836,162980
I10C4C4B5,165143,165280
I10C4C4B5,165606,165766
I10C4C4B5,165917,166148
I10C4C4B5,168086,168158
I10C4C4B5,168356,168412
I10C4C4B5,168585,168669
I10C4C4B5,170437,170624
I10C4C4B5,171503,171645
I10C4C4B5,175036,175258
I10C4C4B5,175830,176088
I10C4C4B5,181985,182022
I10C4C4B5,182428,182583
I10C4C4B5,183707,183760
I10C4C4B5,184210,184331
I10C4C4B5,185940,186139
I10C4C4B5,186532,186645
I10C4C4B5,187635,187780
I10C4C4B5,190713,190791
I10C4C4B5,191097,191244
I10C4C4B5,193358,193539
I10C4C4B5,195060,195205
I10C4C4B5,196909,197121
I10C4C4B5,197800,198030
I10C4C4B5,200177,200285
I10C4C4B5,202305,202411
I10C4C4B5,202659,202778
I10C4C4B5,204500,204624
I130B5D0F,40131,40312
I130B5D0F,40314,40342
I130B5D0F,41093,41113
I130B5D0F,43518,43545
I130B5D0F,45261,45324
I130B5D0F,56816,57137
I130B5D0F,57139,57173
I130B5D0F,57883,57942
I130B5D0F,59008,59104
I130B5D0F,60627,60674
I130B5D0F,67006,67332
I130B5D0F,67334,67360
I130B5D0F,68067,68110
I130B5D0F,68253,68273
I130B5D0F,69080,69118
I130B5D0F,69603,69626
I130B5D0F,70658,70676
I130B5D0F,71219,71267
I130B5D0F,71902,71934
I130B5D0F,72800,72822
I163178A0,254,550
I163178A0,605,626
I163178A0,763,1220
I163178A0,1686,1748
I163178A0,1962,2356
I163178A0,2969,3028
I163178A0,3211,3270
I163178A0,3302,3360
I163178A0,3516,3573
I163178A0,3860,3919
I163178A0,3986,4045
I163178A0,4184,4248
I163178A0,4596,4735
I163178A0,4982,5037
I163178A0,5161,5217
I163178A0,5317,5377
I163178A0,5644,5682
I163178A0,5978,6105
I163178A0,6694,6755
I163178A0,6813,6834
I1637B774,1388,1462
I1637B774,2336,2534
I1637B774,5884,6313
I1637B774,13100,13643
I1637B774,15423,15518
I1637B774,20047,20088
I1637B774,20828,20884
I1637B774,21746,21819
I1637B774,22689,22728
I1637B774,24681,24870
I1637B774,25444,25527
I19A08A51,300,514
I19A08A51,516,799
I19A08A51,801,834
I19A08A51,897,1065
I19A08A51,1089,1135
I19A08A51,1185,1225
I19A08A51,2508,2652
I19A08A51,3412,3521
I19A08A51,4623,4752
I19A08A51,5720,5848
I19A08A51,6444,6577
I19A08A51,7219,7338
I19A08A51,7952,8093
I19A08A51,8735,8870
I19A08A51,9490,9634
I19A08A51,10353,10462
I19A08A51,12689,13196
I19A08A51,14038,14062
I19A08A51,14237,14323
I1DCBD5CC,140,175
I1DCBD5CC,177,221
I1DCBD5CC,223,244
I1DCBD5CC,246,294
I1DCBD5CC,296,343
I1DCBD5CC,345,369
I1DCBD5CC,371,404
I1DCBD5CC,406,438
I1DCBD5CC,440,490
I1DCBD5CC,492,538
I1DCBD5CC,540,599
I1DCBD5CC,601,634
I1DCBD5CC,636,695
I1DCBD5CC,697,724
I1DCBD5CC,726,767
I1DCBD5CC,769,799
I1DCBD5CC,801,837
I1DCBD5CC,839,874
I1DCBD5CC,876,895
I1DCBD5CC,897,909
I1DCBD5CC,911,939
I1DCBD5CC,941,973
I1DCBD5CC,975,991
I1DCBD5CC,993,1054
I1DCBD5CC,1056,1084
I1DCBD5CC,1086,1115
I1DCBD5CC,1117,1148
I1DCBD5CC,9220,9260
I1DCBD5CC,12020,12110
I1DCBD5CC,15283,15364
I1DCBD5CC,16411,16436
I1DCBD5CC,21721,21764
I1DCBD5CC,24221,24265
I1DCBD5CC,29934,30082
I1DCBD5CC,58471,58584
I1DCBD5CC,65518,65784
I1DCBD5CC,79730,79781
I1DCBD5CC,86383,86510
I1DCBD5CC,89879,89911
I1DCBD5CC,91606,91654
I1DCBD5CC,97817,97895
I1DCBD5CC,108021,108080
I1DCBD5CC,111660,111693
I1DCBD5CC,118759,118997
I1DCBD5CC,123562,123618
I1DCBD5CC,136549,136571
I1DCBD5CC,139404,139439
I1DCBD5CC,141777,141818
I1DCBD5CC,143347,143372
I1DCBD5CC,145084,145237
I1DCBD5CC,148613,148656
I1DCBD5CC,149533,149565
I2133CA39,298,365
I2133CA39,367,422
I2133CA39,424,454
I2133CA39,456,492
I2133CA39,493,549
I2133CA39,551,585
I2133CA39,587,613
I2133CA39,615,646
I2133CA39,648,691
I2133CA39,693,720
I2133CA39,722,759
I2133CA39,761,799
I2133CA39,801,858
I2133CA39,860,883
I2133CA39,885,905
I2133CA39,907,975
I2133CA39,977,1004
I2133CA39,1006,1048
I2133CA39,1050,1066
I2133CA39,1068,1105
I2133CA39,1107,1149
I2133CA39,1151,1170
I2133CA39,1172,1193
I2133CA39,1194,1214
I2133CA39,1216,1232
I2133CA39,1234,1251
I2133CA39,1253,1272
I2133CA39,1274,1288
I2133CA39,1290,1322
I2133CA39,1324,1358
I2133CA39,1360,1395
I2133CA39,1397,1426
I2133CA39,1428,1466
I2133CA39,1468,1505
I2133CA39,1507,1533
I2133CA39,1535,1557
I2133CA39,1559,1586
I2133CA39,1588,1646
I2133CA39,1648,1684
I2133CA39,1686,1722
I2133CA39,1724,1746
I2133CA39,1748,1760
I2133CA39,1762,1777
I2133CA39,1779,1796
I2133CA39,1798,1870
I2133CA39,1872,1929
I2133CA39,1931,1958
I2133CA39,1960,1995
I2133CA39,1997,2021
I2133CA39,2023,2049
I2133CA39,2051,2067
I2133CA39,2069,2087
I2133CA39,2088,2105
I2133CA39,2107,2128
I2133CA39,2130,2147
I2133CA39,2149,2176
I2133CA39,2178,2192
I2133CA39,2194,2201
I2133CA39,2203,2216
I2133CA39,2218,2232
I2133CA39,2234,2259
I2133CA39,2261,2286
I2133CA39,2288,2308
I2133CA39,2310,2352
I2133CA39,2354,2368
I2133CA39,2369,2378
I2133CA39,2379,2389
I2133CA39,2391,2404
I2133CA39,2406,2429
I2133CA39,2431,2466
I2133CA39,2468,2536
I2133CA39,2538,2585
I2133CA39,2587,2613
I2133CA39,2615,2641
I2133CA39,2643,2668
I2133CA39,2670,2701
I2133CA39,2703,2734
I2133CA39,2736,2762
I2133CA39,2763,2779
I2133CA39,2781,2819
I2133CA39,2821,2853
I2133CA39,2855,2893
I2133CA39,2895,2950
I2133CA39,2952,2986
I2133CA39,2988,3027
I2133CA39,3029,3050
I2133CA39,3052,3078
I2133CA39,3080,3095
I2133CA39,3097,3122
I2133CA39,3124,3149
I2133CA39,3151,3180
I2133CA39,3182,3223
I2133CA39,3225,3254
I2133CA39,3256,3288
I2133CA39,3290,3331
I2133CA39,3333,3355
I2133CA39,3357,3378
I2133CA39,3380,3397
I2133CA39,3399,3414
I2133CA39,3416,3434
I2133CA39,3436,3501
I2133CA39,3503,3528
I2133CA39,3530,3558
I2133CA39,3560,3610
I2133CA39,3612,3663
I2133CA39,3665,3680
I2133CA39,3682,3696
I2133CA39,3698,3720
I2133CA39,3722,3746
I2133CA39,3748,3775
I2133CA39,3777,3806
I2133CA39,3808,3832
I2133CA39,3834,3861
I2133CA39,3863,3878
I2133CA39,3880,3901
I2133CA39,3903,3931
I2133CA39,3933,3951
I2133CA39,3953,3974
I2133CA39,3975,4003
I2133CA39,4004,4044
I2133CA39,4046,4082
I2133CA39,4084,4100
I2133CA39,4102,4149
I2133CA39,4151,4163
I2133CA39,4165,4201
I2133CA39,4203,4231
I2133CA39,4233,4260
I2133CA39,4262,4289
I2133CA39,4291,4319
I2133CA39,4321,4358
I2133CA39,4360,4388
I2133CA39,4390,4412
I2133CA39,4414,4425
I2133CA39,4427,4440
I2133CA39,4442,4453
I2133CA39,4455,4476
I2133CA39,4478,4490
I2133CA39,4492,4532
I2133CA39,4534,4554
I2133CA39,4556,4568
I2133CA39,4570,4581
I2133CA39,4583,4596
I2133CA39,4598,4634
I2133CA39,4636,4660
I2133CA39,4662,4685
I2133CA39,4687,4712
I2133CA39,4714,4736
I2133CA39,4738,4751
I2133CA39,4753,4765
I2133CA39,4767,4779
I2133CA39,4781,4830
I2133CA39,4832,4852
I2133CA39,4854,4872
I2133CA39,4874,4893
I2133CA39,4895,4940
I2133CA39,4942,4970
I2133CA39,4972,4999
I2133CA39,5000,5034
I2133CA39,5036,5079
I2133CA39,5081,5109
I2133CA39,5111,5133
I2133CA39,5134,5164
I2133CA39,5166,5187
I2133CA39,5189,5214
I2133CA39,5216,5244
I2133CA39,5246,5268
I2133CA39,5270,5302
I2133CA39,5304,5339
I2133CA39,5341,5377
I2133CA39,5379,5415
I2133CA39,5417,5458
I2133CA39,5460,5490
I2133CA39,5492,5518
I2133CA39,5519,5549
I2133CA39,5551,5564
I2133CA39,5566,5592
I2133CA39,5594,5627
I2133CA39,5629,5685
I2133CA39,5687,5700
I2133CA39,5702,5713
I2133CA39,5714,5726
I2133CA39,5728,5747
I2133CA39,5749,5760
I2133CA39,5762,5782
I2133CA39,5783,5808
I2133CA39,5810,5825
I2133CA39,5827,5861
I2133CA39,5863,5901
I2133CA39,5903,5928
I2133CA39,5930,5952
I2133CA39,5954,5991
I2133CA39,5993,6045
I2133CA39,6047,6096
I2133CA39,6098,6119
I2133CA39,6121,6140
I2133CA39,6141,6174
I2133CA39,6176,6201
I2133CA39,6203,6225
I2133CA39,6227,6251
I2133CA39,6252,6277
I2133CA39,6279,6307
I2133CA39,6309,6335
I2133CA39,6337,6366
I2133CA39,6368,6406
I2133CA39,6408,6438
I2133CA39,6439,6468
I2133CA39,6470,6498
I2133CA39,6500,6515
I2133CA39,6517,6561
I2133CA39,6563,6597
I2133CA39,6599,6624
I2133CA39,6625,6647
I2133CA39,6649,6687
I2133CA39,6689,6720
I2133CA39,6722,6749
I2133CA39,6751,6769
I2133CA39,6770,6788
I2133CA39,6789,6801
I2133CA39,6803,6822
I2133CA39,6823,6834
I2133CA39,6836,6847
I2133CA39,6849,6863
I2133CA39,6865,6887
I2133CA39,6888,6907
I2133CA39,6909,6930
I2133CA39,6932,6955
I2133CA39,6957,7005
I2133CA39,7007,7018
I2133CA39,7020,7045
I2133CA39,7047,7068
I2133CA39,7070,7090
I2133CA39,7092,7113
I2133CA39,7115,7156
I2133CA39,7158,7183
I2133CA39,7185,7195
I2133CA39,7197,7224
I2133CA39,7226,7256
I2133CA39,7258,7279
I2133CA39,7281,7302
I2133CA39,7304,7328
I2133CA39,7330,7350
I2133CA39,7352,7372
I2133CA39,7374,7397
I2133CA39,7399,7420
I2133CA39,7422,7442
I2133CA39,7443,7459
I2133CA39,7461,7467
I2133CA39,7469,7477
I2133CA39,7479,7485
I2133CA39,7487,7499
I2133CA39,7501,7514
I2133CA39,7516,7527
I2133CA39,7529,7542
I2133CA39,7544,7562
I2133CA39,7564,7588
I2133CA39,7590,7599
I2133CA39,7601,7611
I2133CA39,7613,7624
I2133CA39,7626,7633
I2133CA39,7635,7659
I2133CA39,7661,7675
I2133CA39,7677,7695
I2133CA39,7697,7715
I2133CA39,7717,7736
I2133CA39,7738,7761
I2133CA39,7763,7779
I2133CA39,7781,7802
I2133CA39,7803,7820
I2133CA39,7822,7844
I2133CA39,7846,7867
I2133CA39,7869,7889
I2133CA39,7890,7915
I2133CA39,7916,7967
I2133CA39,7969,8030
I2133CA39,8032,8064
I2133CA39,8066,8094
I2133CA39,8095,8123
I2133CA39,8125,8148
I2133CA39,8150,8175
I2133CA39,8177,8241
I2133CA39,8243,8284
I2133CA39,8286,8312
I2133CA39,8314,8330
I2133CA39,8332,8398
I2133CA39,8400,8480
I2133CA39,8482,8506
I2133CA39,8508,8528
I2133CA39,8530,8584
I2133CA39,8586,8612
I2133CA39,8614,8627
I2133CA39,8629,8640
I2133CA39,8642,8654
I2133CA39,8656,8668
I2133CA39,8669,8739
I2133CA39,8741,8794
I2133CA39,8796,8837
I2133CA39,8839,8862
I2133CA39,8864,8918
I2133CA39,8920,8944
I2133CA39,8945,8970
I2133CA39,8972,8988
I2133CA39,8990,9009
I2133CA39,9011,9077
I2133CA39,9079,9099
I2133CA39,9100,9124
I2133CA39,9126,9163
I2133CA39,9165,9212
I2133CA39,9214,9232
I2133CA39,18020,18411
I2133CA39,24618,24662
I2133CA39,28349,28541
I2133CA39,30332,30367
I2133CA39,32783,32822
I2133CA39,35856,36046
I2133CA39,36760,36805
I2133CA39,40876,40922
I2133CA39,42692,42830
I2133CA39,46469,46497
I2133CA39,51766,51984
I2133CA39,54608,54835
I2133CA39,60326,60427
I2133CA39,60529,60548
I2133CA39,60655,60677
I2133CA39,60836,60867
I2133CA39,61204,61232
I2133CA39,61976,61999
I2133CA39,62328,62464
I2133CA39,62635,62791
I2133CA39,64277,64444
I2133CA39,64531,64574
I2133CA39,64680,64789
I2133CA39,64791,64872
I2133CA39,66408,66780
I2133CA39,70867,70909
I2133CA39,71472,71566
I2133CA39,74548,74583
I2133CA39,76279,76304
I2133CA39,78028,78253
I2133CA39,82254,82318
I2133CA39,83437,83497
I2133CA39,85763,85938
I2133CA39,85975,85994
I2133CA39,86240,86285
I2133CA39,88353,88414
I2133CA39,93392,93424
I2133CA39,93737,93966
I2133CA39,94019,94041
I2133CA39,94214,94247
I2133CA39,94894,95021
I2133CA39,97517,97568
I2133CA39,98355,98417
I2133CA39,98652,98671
I2133CA39,99948,99973
I2133CA39,104567,104816
I2133CA39,105496,105576
I2133CA39,106071,106129
I2133CA39,106999,107153
I2133CA39,107251,107309
I2133CA39,108467,108504
I2133CA39,109310,109446
I2133CA39,110106,110283
I2133CA39,117023,117067
I2133CA39,118604,118650
I2133CA39,121085,121447
I2133CA39,121794,121823
I2133CA39,121993,122027
I2133CA39,122537,122559
I2133CA39,123031,123268
I2133CA39,124667,124716
I2133CA39,126968,127005
I2133CA39,128510,128544
I2133CA39,129991,130127
I2133CA39,130460,130478
I2133CA39,130788,130873
I2133CA39,131503,131835
I2133CA39,134141,134198
I2133CA39,139557,139614
I2133CA39,140797,140936
I2133CA39,149176,149359
I2133CA39,151761,151796
I2133CA39,153155,153274
I2133CA39,153469,153504
I2133CA39,155744,155850
I2133CA39,156579,156615
I2133CA39,158701,158810
I2133CA39,159003,159039
I2133CA39,160669,161081
I2133CA39,161266,161309
I2133CA39,162346,162382
I2133CA39,163573,163608
I2133CA39,165008,165230
I2133CA39,166921,166966
I2133CA39,170768,170804
I2133CA39,171058,171087
I2133CA39,171182,171271
I2133CA39,171699,171720
I2133CA39,172030,172049
I2133CA39,172308,172336
I2133CA39,172595,172613
I2133CA39,173030,173219
I2133CA39,173436,173456
I2133CA39,175167,175186
I2133CA39,175620,175640
I2133CA39,176075,176230
I2133CA39,176513,176544
I2133CA39,177275,177307
I2133CA39,178900,179011
I2133CA39,179785,179805
I2133CA39,180518,180538
I2133CA39,181242,181372
I2133CA39,182014,182040
I2133CA39,182590,182617
I2133CA39,183250,183619
I2133CA39,184805,184856
I2133CA39,185545,185581
I2133CA39,186412,186442
I2133CA39,188506,188623
I2133CA39,189600,189633
I2133CA39,190524,190559
I2133CA39,192347,192553
I2133CA39,193650,193693
I2133CA39,194654,194698
I2133CA39,195638,195681
I2133CA39,196666,196827
I2133CA39,198349,198383
I2133CA39,201128,201267
I2133CA39,201791,201825
I2133CA39,202568,202614
I2133CA39,203308,203469
I2133CA39,203748,203768
I2133CA39,204237,204457
I2133CA39,205419,205452
I2133CA39,206285,206502
I2133CA39,206938,206984
I2133CA39,213474,213507
I2133CA39,214072,214100
I2133CA39,214888,214931
I2133CA39,216279,216474
I2133CA39,217032,217215
I2133CA39,217918,217945
I2133CA39,218419,218460
I2133CA39,219460,219582
I2133CA39,219963,219982
I2133CA39,220218,220238
I2133CA39,220885,220907
I2133CA39,221220,221388
I2133CA39,222533,222579
I2133CA39,223569,223721
I2133CA39,225149,225185
I2133CA39,226419,226442
I2133CA39,228870,229032
I2133CA39,230100,230133
I2133CA39,231904,231934
I2133CA39,233198,233346
I2133CA39,233834,233868
I2133CA39,234339,234479
I2133CA39,235618,235711
I2133CA39,236412,236438
I2133CA39,236898,236924
I2133CA39,237420,237446
I2133CA39,238066,238171
I2133CA39,239931,239961
I2133CA39,240992,241096
I2133CA39,242109,242236
I2133CA39,243568,243596
I2133CA39,244953,244983
I2133CA39,247426,247653
I2133CA39,247655,247687
I2133CA39,247831,247971
I2133CA39,248250,248301
I2133CA39,249253,249272
I2133CA39,249419,249433
I2133CA39,249504,249518
I2133CA39,250456,250490
I2133CA39,250968,251203
I2133CA39,252016,252041
I2133CA39,252415,252448
I2133CA39,252675,252705
I2133CA39,252829,252859
I2133CA39,253974,254004
I2133CA39,254235,254267
I2133CA39,254676,254713
I2133CA39,254904,255018
I2133CA39,255262,255291
I2133CA39,255557,255597
I2133CA39,255823,255848
I2133CA39,255995,256025
I2133CA39,256300,256533
I2133CA39,256744,256771
I2133CA39,256928,256959
I2133CA39,257303,257326
I2133CA39,257709,257744
I2133CA39,258004,258029
I2133CA39,258153,258183
I2133CA39,259022,259051
I2133CA39,259509,259535
I2133CA39,259692,259699
I2133CA39,260006,260056
I2133CA39,263353,263561
I2133CA39,264437,264473
I2133CA39,266747,266782
I2133CA39,267564,267594
I2133CA39,268910,269003
I2133CA39,270585,270718
I2133CA39,271647,271671
I2133CA39,272139,272202
I2133CA39,272665,272836
I2133CA39,275854,275922
I2133CA39,277216,277351
I2133CA39,279540,279618
I2133CA39,279918,279938
I2133CA39,282091,282111
I2133CA39,282468,282646
I2133CA39,283941,283963
I2133CA39,284032,284220
I2133CA39,285365,285398
I2133CA39,286822,286846
I2133CA39,287983,288020
I2133CA39,288301,288445
I2133CA39,291181,291213
I2133CA39,292225,292277
I2133CA39,296117,296187
I23323023,84917,84967
I2342D649,408,676
I2342D649,2027,2268
I2342D649,3492,3716
I2342D649,4379,4441
I2342D649,6478,6559
I2342D649,6674,6691
I2342D649,6739,6758
I2342D649,7023,7042
I2342D649,7616,7639
I2342D649,8347,8472
I2342D649,9188,9203
I2342D649,9381,9400
I2342D649,9671,9844
I2342D649,11161,11196
I2342D649,11284,11381
I2342D649,19956,20029
I2342D649,20304,20327
I2342D649,20380,20498
I2342D649,22431,22459
I2342D649,23286,23315
I2342D649,24925,25065
I2342D649,25173,25273
I2342D649,31539,31568
I2342D649,34885,34925
I2342D649,35757,35774
I2342D649,42342,42387
I2342D649,44304,44328
I2342D649,44769,44794
I2342D649,45360,45417
I2342D649,45633,45648
I2342D649,45766,45783
I2342D649,45943,46043
I2342D649,46160,46226
I2342D649,47665,47926
I2342D649,51472,51514
I2342D649,53086,53122
I2342D649,53629,53668
I2342D649,54240,54253
I2342D649,54370,54386
I2342D649,54563,54616
I2342D649,54881,54896
I2342D649,55019,55036
I2342D649,56256,56354
I2342D649,56668,56694
I2342D649,56851,56881
I2342D649,57989,58043
I2342D649,58507,58542
I2342D649,58996,59022
I2342D649,60357,60371
I2342D649,68250,68277
I2342D649,69349,69362
I2342D649,72520,72531
I2342D649,74639,74651
I2342D649,75009,75031
I2342D649,75479,75494
I2342D649,82969,83005
I2342D649,83823,83848
I2342D649,84774,84878
I2342D649,90474,90698
I2342D649,90979,91107
I2342D649,91331,91559
I2342D649,92921,93029
I2342D649,94851,95000
I2342D649,99961,99991
I2342D649,109637,109679
I2342D649,114548,114583
I2342D649,118627,118656
I2342D649,119828,120042
I2342D649,120447,120581
I2342D649,121479,121555
I2342D649,127451,127479
I2342D649,139380,139413
I2342D649,147739,147776
I2342D649,165388,165424
I2342D649,203349,203362
I2342D649,203455,203471
I2342D649,203730,203782
I2342D649,204063,204078
I2342D649,204413,204430
I2342D649,204671,204882
I2342D649,205294,205336
I2342D649,211740,211780
I2342D649,212246,212284
I2342D649,216222,216332
I2342D649,216534,216562
I2342D649,224175,224265
I2342D649,224501,224664
I2342D649,244779,244819
I2342D649,247461,247493
I2342D649,249127,249158
I2342D649,249488,249515
I2342D649,250044,250060
I2342D649,250357,250406
I2342D649,250686,250701
I2342D649,250894,250911
I2342D649,251595,251717
I2342D649,253961,254077
I2342D649,254417,254432
I2342D649,262907,263058
I2342D649,263237,263427
I2342D649,265501,265553
I2342D649,279971,280001
I2342D649,280595,280615
I2342D649,281081,281097
I2342D649,281511,281560
I2342D649,282147,282162
I2342D649,282407,282424
I2342D649,282514,282531
I2342D649,282767,282872
I2342D649,283012,283040
I2342D649,283086,283233
I2342D649,299329,299346
I2342D649,300475,300492
I2342D649,301946,301974
I2342D649,302513,302541
I2342D649,302724,302737
I2342D649,302854,302870
I2342D649,303076,303133
I2342D649,303285,303300
I2342D649,303402,303419
I2342D649,303735,303853
I2342D649,310788,310805
I2342D649,311020,311033
I2342D649,311416,311429
I2342D649,311575,311591
I2342D649,311820,311877
I2342D649,312037,312052
I2342D649,312199,312216
I2342D649,312386,312501
I2342D649,317977,317994
I2342D649,334530,334543
I2342D649,334742,334758
I2342D649,334987,335042
I2342D649,335279,335294
I2342D649,335476,335493
I2342D649,335733,335749
I2342D649,356624,356637
I2342D649,356760,356776
I2342D649,357224,357284
I2342D649,357702,357734
I2342D649,358104,358120
I2342D649,358671,358727
I2342D649,368648,368664
I2342D649,375658,375671
I2342D649,375863,375879
I2342D649,376031,376148
I2342D649,376294,376311
I2342D649,377455,377685
I2342D649,378247,378382
I2342D649,380963,381006
I2342D649,393922,393966
I2342D649,409121,409165
I2342D649,413386,413438
I2342D649,420746,420771
I2342D649,422017,422156
I2342D649,422551,422579
I2342D649,423611,423640
I2342D649,425868,426017
I2342D649,429569,429586
I2342D649,430568,430585
I2342D649,442802,442955
I2342D649,448235,448271
I2342D649,448611,448645
I24EDBDA0,241,258
I24EDBDA0,260,324
I24EDBDA0,326,389
I24EDBDA0,391,418
I24EDBDA0,420,438
I24EDBDA0,444,464
I24EDBDA0,470,501
I24EDBDA0,507,544
I24EDBDA0,550,574
I24EDBDA0,580,597
I24EDBDA0,602,616
I24EDBDA0,621,642
I24EDBDA0,647,662
I24EDBDA0,667,699
I24EDBDA0,704,727
I24EDBDA0,732,746
I24EDBDA0,751,773
I24EDBDA0,779,801
I24EDBDA0,807,817
I24EDBDA0,823,847
I24EDBDA0,853,876
I24EDBDA0,882,902
I24EDBDA0,908,939
I24EDBDA0,945,970
I24EDBDA0,976,987
I24EDBDA0,993,1004
I24EDBDA0,1010,1028
I24EDBDA0,1034,1050
I24EDBDA0,1056,1065
I24EDBDA0,1071,1091
I24EDBDA0,1097,1120
I24EDBDA0,1126,1143
I24EDBDA0,1149,1167
I24EDBDA0,1173,1189
I24EDBDA0,1195,1213
I24EDBDA0,1219,1237
I24EDBDA0,1243,1269
I24EDBDA0,1275,1293
I24EDBDA0,1295,1361
I24EDBDA0,1367,1392
I24EDBDA0,1398,1447
I24EDBDA0,1453,1472
I24EDBDA0,1478,1499
I24EDBDA0,1505,1566
I24EDBDA0,1572,1635
I24EDBDA0,1641,1659
I24EDBDA0,1665,1708
I24EDBDA0,1714,1751
I24EDBDA0,1758,1787
I24EDBDA0,1794,1846
I24EDBDA0,1854,1915
I24EDBDA0,1922,1954
I24EDBDA0,1961,2005
I24EDBDA0,2012,2026
I24EDBDA0,2033,2055
I24EDBDA0,2062,2099
I24EDBDA0,2106,2142
I24EDBDA0,2181,2228
I24EDBDA0,2235,2293
I24EDBDA0,2300,2336
I24EDBDA0,2343,2372
I24EDBDA0,2379,2429
I24EDBDA0,2436,2495
I24EDBDA0,2502,2525
I24EDBDA0,2532,2586
I24EDBDA0,2593,2654
I24EDBDA0,2661,2707
I24EDBDA0,2714,2781
I24EDBDA0,2788,2814
I24EDBDA0,2816,2834
I24EDBDA0,46482,46508
I24EDBDA0,53762,53790
I24EDBDA0,57210,57228
I24EDBDA0,63451,63514
I24EDBDA0,63516,63537
I24EDBDA0,65743,65774
I24EDBDA0,66474,66498
I24EDBDA0,67041,67081
I24EDBDA0,67728,67761
I24EDBDA0,68157,68181
I24EDBDA0,77670,77733
I24EDBDA0,77735,77770
I24EDBDA0,78369,78401
I24EDBDA0,116536,116566
I24EDBDA0,129309,129348
I24EDBDA0,132433,132468
I24EDBDA0,136656,136677
I24EDBDA0,151762,151778
I24EDBDA0,152464,152566
I24EDBDA0,253445,253465
I24EDBDA0,283247,283268
I24EDBDA0,288235,288261
I24EDBDA0,294945,294972
I24EDBDA0,296166,296193
I24EDBDA0,296459,296494
I24EDBDA0,298118,298157
I24EDBDA0,303199,303241
I24EDBDA0,306245,306300
I24EDBDA0,306673,306701
I24EDBDA0,308993,309327
I24EDBDA0,310282,310314
I24EDBDA0,311022,311196
I24EDBDA0,325078,325158
I24EDBDA0,330548,330666
I24EDBDA0,331091,331112
I24EDBDA0,336429,336482
I24EDBDA0,337904,337951
I24EDBDA0,338175,338212
I24EDBDA0,338979,339060
I24EDBDA0,344311,344369
I24EDBDA0,351808,351860
I24EDBDA0,363304,363330
I24EDBDA0,364419,364444
I24EDBDA0,369349,369388
I24EDBDA0,371490,371534
I24EDBDA0,383693,383750
I24EDBDA0,401455,401500
I24EDBDA0,411572,411607
I25463E37,7422,7447
I25463E37,8405,8438
I25463E37,10443,10475
I25463E37,13099,13134
I25463E37,14434,14457
I25463E37,14588,14623
I25463E37,18580,18604
I25463E37,18906,18925
I25463E37,19045,19068
I25463E37,19565,19595
I25463E37,40420,40445
I25463E37,85416,85458
I25463E37,86140,86169
I25463E37,94756,94785
I25463E37,97416,97442
I25463E37,101926,101955
I25463E37,105361,105390
I25463E37,105530,105550
I25463E37,107207,107236
I25463E37,109648,109677
I25463E37,111881,111904
I25463E37,112260,112289
I25463E37,112447,112467
I25463E37,129205,129234
I2618C5EC,1364,1507
I2618C5EC,1671,1692
I2618C5EC,2022,2043
I2618C5EC,2390,2571
I2618C5EC,4432,4653
I2618C5EC,4937,4946
I2618C5EC,5496,5563
I2618C5EC,9115,9249
I2618C5EC,9814,9846
I2618C5EC,11102,11150
I2618C5EC,11300,11388
I2618C5EC,11757,11791
I2618C5EC,16238,16411
I2618C5EC,17682,17770
I2618C5EC,39153,39183
I2618C5EC,43957,44031
I2618C5EC,47197,47227
I2618C5EC,51205,51234
I2618C5EC,52826,52854
I2618C5EC,54493,54574
I2618C5EC,54782,54858
I2618C5EC,55167,55176
I2618C5EC,56567,56646
I2618C5EC,63075,63114
I2618C5EC,65222,65261
I2618C5EC,68287,68323
I2618C5EC,69343,69403
I2618C5EC,69571,69632
I2618C5EC,70019,70053
I2618C5EC,71625,71636
I2618C5EC,72997,73008
I2618C5EC,73939,74005
I2618C5EC,75146,75183
I2618C5EC,76732,76741
I2618C5EC,78375,78386
I2618C5EC,79040,79062
I2618C5EC,79346,79382
I2618C5EC,81758,81789
I2618C5EC,83102,83199
I2618C5EC,83352,83395
I27E347E9,364,427
I27E347E9,429,497
I27E347E9,499,543
I27E347E9,545,575
I27E347E9,577,593
I27E347E9,595,614
I27E347E9,616,639
I27E347E9,641,673
I27E347E9,675,739
I27E347E9,741,756
I27E347E9,758,779
I27E347E9,781,826
I27E347E9,828,854
I27E347E9,856,882
I27E347E9,884,910
I27E347E9,912,942
I27E347E9,944,972
I27E347E9,974,998
I27E347E9,1000,1030
I27E347E9,1032,1071
I27E347E9,1073,1099
I27E347E9,1100,1123
I27E347E9,1125,1154
I27E347E9,1156,1180
I27E347E9,1182,1218
I27E347E9,1220,1245
I27E347E9,1247,1271
I27E347E9,1273,1286
I27E347E9,1288,1300
I27E347E9,1302,1329
I27E347E9,1331,1359
I27E347E9,1361,1391
I27E347E9,1393,1424
I27E347E9,1426,1458
I27E347E9,1460,1485
I27E347E9,1487,1509
I27E347E9,1511,1543
I27E347E9,1545,1567
I27E347E9,1569,1595
I27E347E9,1597,1624
I27E347E9,1626,1660
I27E347E9,1662,1681
I27E347E9,1683,1708
I27E347E9,1709,1729
I27E347E9,1731,1749
I27E347E9,1751,1785
I27E347E9,1787,1815
I27E347E9,1816,1839
I27E347E9,1841,1869
I27E347E9,1871,1913
I27E347E9,1915,1933
I27E347E9,1935,1955
I27E347E9,1957,1981
I27E347E9,1983,2005
I27E347E9,2007,2025
I27E347E9,2027,2050
I27E347E9,2052,2080
I27E347E9,2082,2107
I27E347E9,2109,2129
I27E347E9,2131,2140
I27E347E9,2142,2153
I27E347E9,2155,2178
I27E347E9,2180,2199
I27E347E9,2201,2224
I27E347E9,2226,2250
I27E347E9,2252,2281
I27E347E9,2283,2301
I27E347E9,2303,2329
I27E347E9,2331,2359
I27E347E9,2361,2397
I27E347E9,2399,2445
I27E347E9,2447,2480
I27E347E9,2481,2509
I27E347E9,2510,2532
I27E347E9,2534,2554
I27E347E9,2556,2571
I27E347E9,2573,2589
I27E347E9,2591,2613
I27E347E9,2615,2636
I27E347E9,2638,2655
I27E347E9,2657,2682
I27E347E9,2684,2705
I27E347E9,2706,2717
I27E347E9,2719,2731
I27E347E9,2733,2744
I27E347E9,2746,2757
I27E347E9,2759,2773
I27E347E9,2775,2805
I27E347E9,2807,2835
I27E347E9,2837,2869
I27E347E9,2871,2920
I27E347E9,2921,2939
I27E347E9,18534,19028
I27E347E9,21972,22064
I27E347E9,23279,23359
I27E347E9,24407,24633
I27E347E9,24918,24927
I27E347E9,25267,25276
I27E347E9,25740,25748
I27E347E9,30355,30442
I27E347E9,32329,32529
I27E347E9,33961,33995
I27E347E9,42687,43213
I27E347E9,44891,44958
I27E347E9,44960,44994
I27E347E9,46112,46147
I27E347E9,46868,46907
I27E347E9,47993,48023
I27E347E9,50387,50421
I27E347E9,50884,51095
I27E347E9,51710,51763
I27E347E9,52786,52823
I27E347E9,53085,53299
I27E347E9,63183,63497
I27E347E9,125298,125479
I27E347E9,128274,128326
I27E347E9,131846,132028
I27E347E9,169059,169156
I27E347E9,220869,221040
I27E347E9,242973,243015
I27E347E9,245253,245269
I27E347E9,254395,254429
I27E347E9,269071,269335
I27E347E9,279189,279236
I27E347E9,281669,281711
I27E347E9,286089,286258
I27E347E9,287193,287229
I27E347E9,287565,287615
I27E347E9,290977,291166
I27E347E9,291729,291759
I27E347E9,293504,293628
I27E347E9,299784,299908
I27E347E9,300087,300120
I27E347E9,300644,300806
I27E347E9,305095,305182
I27E347E9,311208,311278
I27E347E9,317423,317538
I27E347E9,317585,317616
I27E347E9,317711,317848
I27E347E9,323230,323253
I27E347E9,323345,323432
I27E347E9,333643,333764
I27E347E9,342447,342490
I27E347E9,347203,347231
I27E347E9,360942,361097
I27E347E9,362156,362184
I27E347E9,362328,362373
I27E347E9,362937,362972
I27E347E9,363557,363592
I27E347E9,363754,363794
I27E347E9,364285,364326
I27E347E9,364535,364572
I27E347E9,364829,364875
I27E347E9,373167,373207
I27E347E9,375023,375038
I27E347E9,377734,377752
I27E347E9,380551,380570
I27E347E9,380793,380836
I27E347E9,386404,386434
I27E347E9,387287,387454
I27E347E9,388032,388079
I27E347E9,393095,393176
I29CFF9F3,1390,1470
I29CFF9F3,1507,1579
I29CFF9F3,3012,3355
I29CFF9F3,3681,3876
I29CFF9F3,20092,20130
I29CFF9F3,20132,20256
I29CFF9F3,20258,20367
I29CFF9F3,20935,21036
I29CFF9F3,24327,24598
I29CFF9F3,25357,25557
I29CFF9F3,26105,26307
I29CFF9F3,27951,28082
I29CFF9F3,29522,29641
I29CFF9F3,29858,29985
I29CFF9F3,31038,31203
I29CFF9F3,31469,31547
I29CFF9F3,34113,34136
I29CFF9F3,36618,36699
I29CFF9F3,51716,51909
I29CFF9F3,52740,52836
I29CFF9F3,53155,53327
I29CFF9F3,54425,54528
I29CFF9F3,58546,58931
I29CFF9F3,60984,61144
I29CFF9F3,63790,64012
I29CFF9F3,64100,64352
I29CFF9F3,64847,64971
I29CFF9F3,67959,68153
I29CFF9F3,68883,68971
I29CFF9F3,69897,70082
I29CFF9F3,70933,71045
I29CFF9F3,74281,74375
I29CFF9F3,74394,74676
I29CFF9F3,77092,77457
I29CFF9F3,87217,87420
I29CFF9F3,94834,94965
I29CFF9F3,97348,97717
I29CFF9F3,97737,98172
I29CFF9F3,98274,98390
I29CFF9F3,99058,99144
I29CFF9F3,99747,100244
I29CFF9F3,100421,100476
I29CFF9F3,100543,100587
I29CFF9F3,100679,100836
I29CFF9F3,100856,100934
I29CFF9F3,101752,101856
I29CFF9F3,102131,102367
I29CFF9F3,105302,105656
I29CFF9F3,116559,116803
I29CFF9F3,118483,118558
I29CFF9F3,122446,122558
I29CFF9F3,123598,123818
I29CFF9F3,124184,124245
I29CFF9F3,127661,127719
I29CFF9F3,138599,138726
I29CFF9F3,139124,139173
I29CFF9F3,139575,139982
I29CFF9F3,148892,149133
I29CFF9F3,149571,150241
I29CFF9F3,150262,150354
I29CFF9F3,151181,151234
I29CFF9F3,151490,151607
I29CFF9F3,155332,155502
I29CFF9F3,155996,156062
I29CFF9F3,156698,156753
I29CFF9F3,156774,156841
I29CFF9F3,156935,157027
I29CFF9F3,157077,157196
I29CFF9F3,157727,157805
I29CFF9F3,158088,158252
I29CFF9F3,160343,160386
I29CFF9F3,160404,160607
I29CFF9F3,161724,161826
I29CFF9F3,163311,163364
I29CFF9F3,171050,171223
I29CFF9F3,171242,171383
I29CFF9F3,177556,177697
I29CFF9F3,177744,178042
I29CFF9F3,178534,178682
I29CFF9F3,179479,179538
I29CFF9F3,179832,180016
I29CFF9F3,180204,180263
I29CFF9F3,182918,183005
I29CFF9F3,183537,183704
I29CFF9F3,183952,184039
I29CFF9F3,184550,184693
I29CFF9F3,184741,184896
I29CFF9F3,186802,186929
I29CFF9F3,187226,187270
I29CFF9F3,187289,187452
I29CFF9F3,188204,188438
I29CFF9F3,188693,188837
I29CFF9F3,189948,190423
I29CFF9F3,192229,192416
I29CFF9F3,192768,192857
I29CFF9F3,197731,198096
I29CFF9F3,200230,200333
I29CFF9F3,200516,200692
I29CFF9F3,200990,201049
I29CFF9F3,201527,201669
I29CFF9F3,210275,210364
I29CFF9F3,210515,210660
I29CFF9F3,210988,211147
I29CFF9F3,212650,212705
I29CFF9F3,212943,213211
I29CFF9F3,213406,213586
I29CFF9F3,214527,214670
I29CFF9F3,215913,216041
I29CFF9F3,216521,216708
I29CFF9F3,217251,217433
I29CFF9F3,217887,218026
I29CFF9F3,218510,218569
I29CFF9F3,219266,219525
I29CFF9F3,219673,219764
I29CFF9F3,224027,224282
I29CFF9F3,227712,227732
I29CFF9F3,231208,231251
I29CFF9F3,231271,231416
I29CFF9F3,231528,231620
I29CFF9F3,232476,232619
I29CFF9F3,233448,233549
I29CFF9F3,233991,234043
I29CFF9F3,235214,235326
I29CFF9F3,241296,241384
I29CFF9F3,241913,242033
I29CFF9F3,243033,243283
I29CFF9F3,243900,243973
I29CFF9F3,244024,244107
I29CFF9F3,244156,244397
I29CFF9F3,254888,255030
I29CFF9F3,256163,256426
I29CFF9F3,257243,257289
I29CFF9F3,257860,257958
I29CFF9F3,260730,260838
I29CFF9F3,260885,261202
I29CFF9F3,261908,262252
I29CFF9F3,262324,262451
I29CFF9F3,262530,262599
I29CFF9F3,262647,262835
I29CFF9F3,266085,266116
I29CFF9F3,266972,267131
I29CFF9F3,268666,268797
I29CFF9F3,272946,273045
I29CFF9F3,273065,273165
I29CFF9F3,273213,273394
I29CFF9F3,276579,276672
I29CFF9F3,278207,278320
I29E8AA65,411,428
I29E8AA65,430,482
I29E8AA65,484,496
I29E8AA65,498,509
I29E8AA65,511,537
I29E8AA65,539,586
I29E8AA65,588,603
I29E8AA65,605,629
I29E8AA65,631,669
I29E8AA65,671,710
I29E8AA65,712,756
I29E8AA65,758,795
I29E8AA65,797,810
I29E8AA65,812,860
I29E8AA65,862,876
I29E8AA65,878,895
I29E8AA65,896,926
I29E8AA65,928,946
I29E8AA65,948,979
I29E8AA65,981,990
I29E8AA65,992,1004
I29E8AA65,1006,1039
I29E8AA65,1041,1076
I29E8AA65,1078,1109
I29E8AA65,1111,1138
I29E8AA65,1140,1176
I29E8AA65,1178,1211
I29E8AA65,1213,1251
I29E8AA65,1253,1299
I29E8AA65,1301,1338
I29E8AA65,1340,1364
I29E8AA65,1366,1414
I29E8AA65,1416,1465
I29E8AA65,1467,1515
I29E8AA65,1517,1534
I29E8AA65,1535,1565
I29E8AA65,1567,1607
I29E8AA65,1609,1648
I29E8AA65,1650,1659
I29E8AA65,1661,1673
I29E8AA65,1675,1710
I29E8AA65,1712,1748
I29E8AA65,1750,1811
I29E8AA65,1813,1875
I29E8AA65,1877,1913
I29E8AA65,1915,1958
I29E8AA65,1960,1998
I29E8AA65,2000,2046
I29E8AA65,2048,2085
I29E8AA65,2087,2115
I29E8AA65,2117,2161
I29E8AA65,2163,2178
I29E8AA65,2180,2203
I29E8AA65,2205,2228
I29E8AA65,2230,2248
I29E8AA65,2250,2269
I29E8AA65,2271,2300
I29E8AA65,2302,2329
I29E8AA65,2331,2354
I29E8AA65,2356,2378
I29E8AA65,2380,2409
I29E8AA65,2411,2452
I29E8AA65,2454,2504
I29E8AA65,2506,2556
I29E8AA65,2558,2596
I29E8AA65,2598,2643
I29E8AA65,2645,2663
I29E8AA65,10461,10570
I29E8AA65,11612,11730
I29E8AA65,12526,12650
I29E8AA65,12880,13093
I29E8AA65,24078,24118
I29E8AA65,25681,25726
I29E8AA65,26420,26506
I29E8AA65,27648,27663
I29E8AA65,31053,31069
I29E8AA65,31175,31195
I29E8AA65,34017,34211
I29E8AA65,34773,34808
I29E8AA65,35883,36064
I29E8AA65,36617,36881
I29E8AA65,37827,37973
I29E8AA65,44241,44275
I29E8AA65,48219,48255
I29E8AA65,49271,49320
I29E8AA65,50277,50320
I29E8AA65,52160,52213
I29E8AA65,52428,52472
I29E8AA65,53486,53524
I29E8AA65,72610,72951
I29E8AA65,80954,80991
I29E8AA65,84327,84547
I29E8AA65,86987,87287
I29E8AA65,87984,88245
I2B02A144,218,235
I2B02A144,237,301
I2B02A144,303,366
I2B02A144,368,395
I2B02A144,397,415
I2B02A144,417,441
I2B02A144,443,478
I2B02A144,480,521
I2B02A144,523,551
I2B02A144,553,574
I2B02A144,575,593
I2B02A144,594,619
I2B02A144,620,639
I2B02A144,640,676
I2B02A144,677,704
I2B02A144,705,723
I2B02A144,724,750
I2B02A144,752,778
I2B02A144,780,794
I2B02A144,796,824
I2B02A144,826,853
I2B02A144,855,878
I2B02A144,880,914
I2B02A144,916,945
I2B02A144,947,962
I2B02A144,964,998
I2B02A144,1000,1015
I2B02A144,1017,1039
I2B02A144,1041,1061
I2B02A144,1063,1089
I2B02A144,1091,1104
I2B02A144,1106,1130
I2B02A144,1132,1159
I2B02A144,1161,1182
I2B02A144,1184,1206
I2B02A144,1208,1228
I2B02A144,1230,1252
I2B02A144,1254,1276
I2B02A144,1278,1308
I2B02A144,1310,1332
I2B02A144,1334,1400
I2B02A144,1402,1431
I2B02A144,1433,1486
I2B02A144,1488,1511
I2B02A144,1513,1538
I2B02A144,1540,1605
I2B02A144,1607,1674
I2B02A144,1676,1698
I2B02A144,1700,1747
I2B02A144,1749,1790
I2B02A144,1792,1826
I2B02A144,1828,1886
I2B02A144,1888,1954
I2B02A144,1956,1993
I2B02A144,1995,2044
I2B02A144,2046,2065
I2B02A144,2067,2094
I2B02A144,2096,2138
I2B02A144,2140,2181
I2B02A144,2183,2213
I2B02A144,2215,2267
I2B02A144,2269,2332
I2B02A144,2334,2375
I2B02A144,2377,2411
I2B02A144,2413,2468
I2B02A144,2470,2534
I2B02A144,2536,2564
I2B02A144,2566,2625
I2B02A144,2627,2693
I2B02A144,2695,2745
I2B02A144,2747,2819
I2B02A144,2821,2852
I2B02A144,2854,2872
I2B02A144,23652,23679
I2B02A144,41144,41284
I2B02A144,46555,46581
I2B02A144,53849,53877
I2B02A144,57297,57327
I2B02A144,63543,63615
I2B02A144,65822,65853
I2B02A144,66553,66577
I2B02A144,67120,67160
I2B02A144,67808,67841
I2B02A144,68237,68261
I2B02A144,77751,77851
I2B02A144,78450,78482
I2B02A144,129383,129422
I2B02A144,132509,132544
I2B02A144,136728,136749
I2B02A144,146269,146397
I2B02A144,152438,152540
I2B02A144,177323,177435
I2B02A144,223710,223825
I2B02A144,253471,253491
I2B02A144,283241,283323
I2B02A144,288231,288257
I2B02A144,294942,294969
I2B02A144,296162,296189
I2B02A144,296455,296490
I2B02A144,298114,298153
I2B02A144,306625,306668
I2B02A144,308948,309219
I2B02A144,310233,310265
I2B02A144,325073,325177
I2B02A144,330582,330714
I2B02A144,331126,331147
I2B02A144,336460,336513
I2B02A144,337935,337982
I2B02A144,338206,338243
I2B02A144,339010,339091
I2B02A144,344360,344418
I2B02A144,351908,351960
I2B02A144,363435,363461
I2B02A144,364551,364576
I2B02A144,369513,369552
I2B02A144,371654,371698
I2B02A144,373004,373075
I2B02A144,383817,383874
I2B02A144,401617,401662
I2B02A144,411739,411774
I2B02A144,414335,414444
I2B02A144,418381,418418
I2B02A144,419909,419962
I2B02A144,421930,421991
I2B02A144,432599,432667
I2B02A144,440617,440686
I2B02A144,446598,446689
I2D0F4FAF,983,1297
I2D0F4FAF,2911,3130
I2D0F4FAF,4070,4105
I2D0F4FAF,4589,4625
I2D0F4FAF,5367,5405
I2D0F4FAF,6736,6838
I2D0F4FAF,7885,7912
I2D0F4FAF,8731,8778
I2D96E5C8,192,209
I2D96E5C8,211,276
I2D96E5C8,278,315
I2D96E5C8,317,346
I2D96E5C8,348,379
I2D96E5C8,381,402
I2D96E5C8,404,445
I2D96E5C8,447,507
I2D96E5C8,509,568
I2D96E5C8,570,609
I2D96E5C8,611,640
I2D96E5C8,641,666
I2D96E5C8,668,695
I2D96E5C8,697,719
I2D96E5C8,721,755
I2D96E5C8,757,790
I2D96E5C8,792,831
I2D96E5C8,833,867
I2D96E5C8,869,891
I2D96E5C8,893,923
I2D96E5C8,925,952
I2D96E5C8,954,983
I2D96E5C8,985,1016
I2D96E5C8,1018,1053
I2D96E5C8,1055,1082
I2D96E5C8,1084,1112
I2D96E5C8,1114,1141
I2D96E5C8,1143,1166
I2D96E5C8,1168,1194
I2D96E5C8,1196,1217
I2D96E5C8,1219,1245
I2D96E5C8,1247,1266
I2D96E5C8,1268,1297
I2D96E5C8,1299,1318
I2D96E5C8,1320,1353
I2D96E5C8,1355,1380
I2D96E5C8,1382,1407
I2D96E5C8,1409,1443
I2D96E5C8,1445,1465
I2D96E5C8,1467,1509
I2D96E5C8,1511,1546
I2D96E5C8,1548,1587
I2D96E5C8,1589,1621
I2D96E5C8,1623,1647
I2D96E5C8,1649,1677
I2D96E5C8,1679,1710
I2D96E5C8,1712,1749
I2D96E5C8,1751,1790
I2D96E5C8,1792,1825
I2D96E5C8,1827,1861
I2D96E5C8,1863,1888
I2D96E5C8,1890,1912
I2D96E5C8,1914,1935
I2D96E5C8,1937,1960
I2D96E5C8,1962,1996
I2D96E5C8,1998,2027
I2D96E5C8,2029,2055
I2D96E5C8,2057,2080
I2D96E5C8,2082,2117
I2D96E5C8,2119,2158
I2D96E5C8,2160,2194
I2D96E5C8,2196,2235
I2D96E5C8,2237,2276
I2D96E5C8,2278,2299
I2D96E5C8,2301,2318
I2D96E5C8,2320,2386
I2D96E5C8,2388,2425
I2D96E5C8,2427,2465
I2D96E5C8,2467,2495
I2D96E5C8,2497,2520
I2D96E5C8,2522,2542
I2D96E5C8,2544,2576
I2D96E5C8,2578,2617
I2D96E5C8,2619,2659
I2D96E5C8,2661,2704
I2D96E5C8,2706,2743
I2D96E5C8,2745,2779
I2D96E5C8,2781,2820
I2D96E5C8,2822,2868
I2D96E5C8,2870,2909
I2D96E5C8,2911,2950
I2D96E5C8,2952,2991
I2D96E5C8,2993,3031
I2D96E5C8,3033,3074
I2D96E5C8,3075,3106
I2D96E5C8,3108,3152
I2D96E5C8,3154,3188
I2D96E5C8,3190,3227
I2D96E5C8,3229,3269
I2D96E5C8,3271,3317
I2D96E5C8,3319,3348
I2D96E5C8,3350,3400
I2D96E5C8,3402,3449
I2D96E5C8,3451,3491
I2D96E5C8,3493,3526
I2D96E5C8,3528,3549
I2D96E5C8,3551,3586
I2D96E5C8,3588,3620
I2D96E5C8,3622,3655
I2D96E5C8,3657,3681
I2D96E5C8,3683,3712
I2D96E5C8,3714,3744
I2D96E5C8,3746,3785
I2D96E5C8,3787,3814
I2D96E5C8,3816,3851
I2D96E5C8,3853,3876
I2D96E5C8,3878,3901
I2D96E5C8,3903,3919
I2D96E5C8,3921,3944
I2D96E5C8,3946,3970
I2D96E5C8,3972,3983
I2D96E5C8,3985,4014
I2D96E5C8,4016,4039
I2D96E5C8,4041,4053
I2D96E5C8,4055,4078
I2D96E5C8,4080,4109
I2D96E5C8,4111,4148
I2D96E5C8,4150,4171
I2D96E5C8,4173,4193
I2D96E5C8,4195,4226
I2D96E5C8,4228,4264
I2D96E5C8,4266,4298
I2D96E5C8,4300,4330
I2D96E5C8,4332,4362
I2D96E5C8,4364,4399
I2D96E5C8,4401,4432
I2D96E5C8,4434,4468
I2D96E5C8,4470,4506
I2D96E5C8,4508,4550
I2D96E5C8,4552,4597
I2D96E5C8,4599,4634
I2D96E5C8,4636,4657
I2D96E5C8,4659,4684
I2D96E5C8,4686,4718
I2D96E5C8,4720,4741
I2D96E5C8,4743,4788
I2D96E5C8,4790,4819
I2D96E5C8,4821,4853
I2D96E5C8,4855,4888
I2D96E5C8,4890,4919
I2D96E5C8,4921,4961
I2D96E5C8,4963,5004
I2D96E5C8,5006,5043
I2D96E5C8,5045,5087
I2D96E5C8,5089,5132
I2D96E5C8,5134,5166
I2D96E5C8,5168,5201
I2D96E5C8,5202,5235
I2D96E5C8,5237,5255
I2D96E5C8,5257,5277
I2D96E5C8,5279,5299
I2D96E5C8,5301,5336
I2D96E5C8,5338,5372
I2D96E5C8,5374,5404
I2D96E5C8,5406,5437
I2D96E5C8,5439,5474
I2D96E5C8,5476,5509
I2D96E5C8,5511,5544
I2D96E5C8,5546,5576
I2D96E5C8,5578,5615
I2D96E5C8,5617,5641
I2D96E5C8,5643,5676
I2D96E5C8,5678,5707
I2D96E5C8,5709,5758
I2D96E5C8,5760,5807
I2D96E5C8,5809,5853
I2D96E5C8,5855,5885
I2D96E5C8,5887,5927
I2D96E5C8,5929,5970
I2D96E5C8,5972,6016
I2D96E5C8,6018,6050
I2D96E5C8,6052,6089
I2D96E5C8,6091,6116
I2D96E5C8,6118,6147
I2D96E5C8,6149,6173
I2D96E5C8,6175,6216
I2D96E5C8,6218,6250
I2D96E5C8,6252,6286
I2D96E5C8,6288,6324
I2D96E5C8,6326,6357
I2D96E5C8,6359,6396
I2D96E5C8,6398,6430
I2D96E5C8,6432,6467
I2D96E5C8,6469,6495
I2D96E5C8,6497,6530
I2D96E5C8,6532,6565
I2D96E5C8,6567,6602
I2D96E5C8,6604,6635
I2D96E5C8,6637,6665
I2D96E5C8,6667,6698
I2D96E5C8,6700,6734
I2D96E5C8,6736,6770
I2D96E5C8,6772,6810
I2D96E5C8,6812,6832
I2D96E5C8,6834,6858
I2D96E5C8,6860,6890
I2D96E5C8,6892,6913
I2D96E5C8,6915,6948
I2D96E5C8,6950,6980
I2D96E5C8,6982,7011
I2D96E5C8,7013,7042
I2D96E5C8,7044,7077
I2D96E5C8,7079,7107
I2D96E5C8,7109,7147
I2D96E5C8,7149,7178
I2D96E5C8,7180,7210
I2D96E5C8,7212,7243
I2D96E5C8,7245,7277
I2D96E5C8,7279,7307
I2D96E5C8,7309,7345
I2D96E5C8,7347,7381
I2D96E5C8,7383,7416
I2D96E5C8,7418,7454
I2D96E5C8,7456,7492
I2D96E5C8,7494,7522
I2D96E5C8,7524,7553
I2D96E5C8,7555,7610
I2D96E5C8,7612,7670
I2D96E5C8,7672,7732
I2D96E5C8,7734,7785
I2D96E5C8,7787,7836
I2D96E5C8,7838,7894
I2D96E5C8,7896,7930
I2D96E5C8,7932,7962
I2D96E5C8,7964,7999
I2D96E5C8,8001,8046
I2D96E5C8,8048,8096
I2D96E5C8,8098,8134
I2D96E5C8,8136,8176
I2D96E5C8,8178,8198
I2D96E5C8,8200,8218
I2D96E5C8,8220,8242
I2D96E5C8,8244,8262
I2D96E5C8,8264,8284
I2D96E5C8,8286,8309
I2D96E5C8,8311,8333
I2D96E5C8,8335,8355
I2D96E5C8,8357,8404
I2D96E5C8,8406,8448
I2D96E5C8,8450,8489
I2D96E5C8,8491,8516
I2D96E5C8,8518,8542
I2D96E5C8,8544,8564
I2D96E5C8,8566,8586
I2D96E5C8,8588,8615
I2D96E5C8,8617,8643
I2D96E5C8,8645,8665
I2D96E5C8,8667,8687
I2D96E5C8,8689,8713
I2D96E5C8,8715,8738
I2D96E5C8,8740,8760
I2D96E5C8,8762,8782
I2D96E5C8,8784,8810
I2D96E5C8,8812,8837
I2D96E5C8,8839,8859
I2D96E5C8,8861,8881
I2D96E5C8,8883,8908
I2D96E5C8,8910,8928
I2D96E5C8,8930,8948
I2D96E5C8,17546,17757
I2D96E5C8,17759,17795
I2D96E5C8,20963,21002
I2D96E5C8,22960,22989
I2D96E5C8,24423,24777
I2D96E5C8,24779,24845
I2D96E5C8,27337,27677
I2D96E5C8,27679,27711
I2D96E5C8,29881,30009
I2D96E5C8,34553,34675
I2D96E5C8,34677,34717
I2D96E5C8,38776,38887
I2D96E5C8,38889,38930
I2D96E5C8,40335,40365
I2D96E5C8,42402,42438
I2D96E5C8,48044,48076
I2D96E5C8,51243,51276
I2D96E5C8,54017,54124
I2D96E5C8,54126,54168
I2D96E5C8,56373,56408
I2D96E5C8,60647,60674
I2D96E5C8,63501,63718
I2D96E5C8,63720,63755
I2D96E5C8,64482,64734
I2D96E5C8,64736,64762
I2D96E5C8,65517,65556
I2D96E5C8,66244,66271
I2D96E5C8,67051,67091
I2D96E5C8,67793,67826
I2D96E5C8,69915,69948
I2D96E5C8,71986,72027
I2D96E5C8,73368,73539
I2D96E5C8,73541,73603
I2D96E5C8,75208,75251
I2D96E5C8,77031,77078
I2D96E5C8,78347,78386
I2D96E5C8,80632,80766
I2D96E5C8,83320,83443
I2D96E5C8,83445,83489
I2D96E5C8,84914,85161
I2D96E5C8,85163,85204
I2D96E5C8,87295,87379
I2D96E5C8,87381,87410
I2D96E5C8,89375,89404
I2D96E5C8,92234,92265
I2D96E5C8,97166,97286
I2D96E5C8,97288,97324
I2D96E5C8,99410,99444
I2D96E5C8,101393,101424
I2D96E5C8,103976,104165
I2D96E5C8,104167,104213
I2D96E5C8,107693,107735
I2D96E5C8,111670,111717
I2D96E5C8,116014,116106
I2D96E5C8,116108,116136
I2D96E5C8,126109,126132
I2D96E5C8,133668,134287
I2D96E5C8,134289,134319
I2D96E5C8,138054,138086
I2D96E5C8,140150,140190
I2D96E5C8,141228,141275
I2D96E5C8,143135,143299
I2D96E5C8,143301,143373
I2D96E5C8,147229,147273
I2D96E5C8,152043,152092
I2D96E5C8,160328,160467
I2D96E5C8,160469,160522
I2D96E5C8,163897,163944
I2D96E5C8,168308,168438
I2D96E5C8,168440,168486
I2D96E5C8,173695,173741
I2D96E5C8,178219,178377
I2D96E5C8,178379,178417
I2D96E5C8,180877,180929
I2D96E5C8,183900,184281
I2D96E5C8,184283,184330
I2D96E5C8,185267,185321
I2D96E5C8,189389,189426
I2D96E5C8,191193,191250
I2D96E5C8,194088,194141
I2D96E5C8,201746,201856
I2D96E5C8,201858,201898
I2D96E5C8,206290,206319
I2D96E5C8,209211,209325
I2D96E5C8,209327,209366
I2D96E5C8,212228,212749
I2D96E5C8,212751,212788
I2D96E5C8,213524,213571
I2D96E5C8,216832,216867
I2D96E5C8,218114,218338
I2D96E5C8,218340,218363
I2D96E5C8,222590,222621
I2D96E5C8,224351,224479
I2D96E5C8,224481,224517
I2D96E5C8,226914,226945
I2D96E5C8,229569,229587
I2D96E5C8,231701,231914
I2D96E5C8,231916,231960
I2D96E5C8,233655,233684
I2D96E5C8,235622,235650
I2D96E5C8,239791,239830
I2D96E5C8,243940,243980
I2D96E5C8,248670,248708
I2D96E5C8,255156,255191
I2D96E5C8,258217,258471
I2D96E5C8,258473,258515
I2D96E5C8,260170,260209
I2D96E5C8,263083,263125
I2D96E5C8,264789,265088
I2D96E5C8,265090,265142
I2D96E5C8,268928,269073
I2D96E5C8,269075,269105
I2D96E5C8,270737,270771
I2D96E5C8,274203,274244
I2D96E5C8,280579,280609
I2D96E5C8,285763,285916
I2D96E5C8,285918,285956
I2D96E5C8,288586,288627
I2D96E5C8,290897,290939
I2D96E5C8,291143,291173
I2D96E5C8,295021,295176
I2D96E5C8,295178,295225
I2D96E5C8,299146,299195
I2D96E5C8,302351,302396
I2D96E5C8,306223,306264
I2D96E5C8,309563,309612
I2D96E5C8,313793,314154
I2D96E5C8,314156,314181
I2D96E5C8,316609,316637
I2D96E5C8,320392,320420
I2D96E5C8,323524,323656
I2D96E5C8,323658,323699
I2D96E5C8,325028,325066
I2D96E5C8,328531,328570
I2D96E5C8,329586,329725
I2D96E5C8,329727,329767
I2D96E5C8,334698,334739
I2D96E5C8,340487,340525
I2D96E5C8,345720,345851
I2D96E5C8,345853,345884
I2D96E5C8,354293,354334
I2D96E5C8,356208,356387
I2D96E5C8,356389,356445
I2D96E5C8,357721,357776
I2D96E5C8,362624,362676
I2D96E5C8,366467,366817
I2D96E5C8,366819,366867
I2D96E5C8,368649,368701
I2D96E5C8,373767,373807
I2D96E5C8,379619,379796
I2D96E5C8,379798,379830
I2D96E5C8,382504,382541
I2D96E5C8,384097,384401
I2D96E5C8,387690,387732
I2D96E5C8,391434,391478
I2D96E5C8,393739,393882
I2D96E5C8,393884,393928
I2D96E5C8,395872,395912
I2D96E5C8,398840,398883
I2D96E5C8,402165,402325
I2D96E5C8,402327,402367
I2D96E5C8,403390,403431
I2D96E5C8,405979,406022
I2D96E5C8,409232,409337
I2D96E5C8,409339,409374
I2D96E5C8,411472,411511
I2D96E5C8,416522,416560
I2D96E5C8,420087,420387
I2D96E5C8,420389,420420
I2D96E5C8,422967,423005
I2D96E5C8,428168,428289
I2D96E5C8,428291,428331
I2D96E5C8,431732,431770
I2D96E5C8,440102,440139
I2D96E5C8,444768,444872
I2D96E5C8,444874,444914
I2D96E5C8,445934,445970
I2D96E5C8,447896,448203
I2D96E5C8,448205,448242
I2D96E5C8,450569,450608
I2D96E5C8,453002,453114
I2D96E5C8,453116,453151
I2D96E5C8,456192,456236
I2D96E5C8,459250,459289
I2D96E5C8,464712,464749
I2D96E5C8,468594,468731
I2D96E5C8,468733,468776
I2D96E5C8,474598,474634
I2D96E5C8,478163,478527
I2D96E5C8,478528,478590
I2D96E5C8,481319,481385
I2D96E5C8,483949,484017
I2D96E5C8,486441,486499
I2D96E5C8,489029,489084
I2D96E5C8,491792,491856
I2D96E5C8,494281,494415
I2D96E5C8,494417,494454
I2D96E5C8,499295,499480
I2D96E5C8,499482,499534
I2D96E5C8,505550,505672
I2D96E5C8,505674,505717
I2D96E5C8,509218,509409
I2D96E5C8,509411,509438
I2D96E5C8,511006,511050
I2D96E5C8,512060,512090
I2D96E5C8,513425,513450
I2D96E5C8,514126,514152
I2D96E5C8,514861,514892
I2D96E5C8,516675,516705
I2D96E5C8,517516,517545
I2D96E5C8,521667,521793
I2D96E5C8,521795,521844
I2D96E5C8,524116,524368
I2D96E5C8,524370,524401
I2D96E5C8,528023,528051
I2D96E5C8,529768,529796
I2D96E5C8,533206,533311
I2D96E5C8,533313,533346
I2D96E5C8,536322,536350
I2D96E5C8,537897,537929
I2D96E5C8,540104,540203
I2D96E5C8,540205,540235
I2D96E5C8,543618,543646
I2D96E5C8,544927,544959
I2D96E5C8,547511,547613
I2D96E5C8,547615,547647
I2D96E5C8,551675,551703
I2D96E5C8,552928,552960
I2D96E5C8,555072,555101
I2D96E5C8,558531,558565
I2E52374B,1536,1637
I2E52374B,1683,1693
I2E52374B,1750,1769
I2E52374B,2063,2313
I2E52374B,2583,2685
I2E52374B,3019,3032
I2E52374B,3400,3417
I2E52374B,4407,4430
I2E52374B,4885,5080
I2E52374B,5766,5794
I2E52374B,8670,8748
I2E52374B,8968,8999
I2E52374B,10089,10160
I2E52374B,10236,10255
I2E52374B,11144,11237
I2E52374B,11319,11350
I2E52374B,12914,13089
I2E52374B,13364,13386
I2E52374B,13444,13466
I2E52374B,13506,13524
I2E52374B,13568,13590
I2E52374B,13636,13661
I2E52374B,13708,13770
I2E52374B,13869,13896
I2E52374B,14175,14198
I2E52374B,14229,14255
I2E52374B,14300,14319
I2E52374B,14363,14383
I2E52374B,14461,14492
I2E52374B,14939,15096
I2E52374B,15291,15318
I2E52374B,15407,15463
I2E52374B,15533,15563
I2E52374B,15610,15626
I2E52374B,15696,15719
I2E52374B,15808,15845
I2E52374B,21067,21173
I2E52374B,21214,21232
I2E52374B,30102,30153
I2E52374B,30190,30266
I2E52374B,30522,30663
I2E52374B,30746,30773
I2E52374B,30840,30866
I2E52374B,30964,30986
I2E52374B,31034,31057
I2E52374B,31118,31147
I2E52374B,31200,31220
I2E52374B,31296,31310
I2E52374B,31366,31383
I2E52374B,31446,31459
I2E52374B,31533,31544
I2E52374B,31618,31637
I2E52374B,31694,31713
I2E52374B,32348,32374
I2E52374B,32417,32439
I2E52374B,32489,32514
I2E52374B,32571,32586
I2E52374B,33083,33101
I2E52374B,35052,35401
I2E52374B,35549,35630
I2E52374B,35694,35728
I2E52374B,35791,35824
I2E52374B,35922,35943
I2E52374B,35973,36112
I2E52374B,36215,36283
I2E52374B,37009,37055
I2E52374B,37100,37139
I2E52374B,37192,37230
I2E52374B,37424,37474
I2E52374B,37668,37690
I2E52374B,37775,37795
I2E52374B,37881,37898
I2E52374B,38017,38180
I2E52374B,38223,38261
I2E52374B,38301,38336
I2E52374B,38698,38788
I2E52374B,38867,39005
I2E52374B,39036,39054
I2E52374B,39108,39134
I2E52374B,42370,42392
I2E52374B,43040,43070
I2E52374B,43101,43168
I2E52374B,43484,43506
I2E52374B,43798,43874
I2E52374B,43976,43989
I2E52374B,44052,44063
I2E52374B,44154,44197
I2E52374B,44293,44358
I2E52374B,44471,44478
I2E52374B,44528,44539
I2E52374B,44583,44592
I2E52374B,44644,44662
I2E52374B,44692,44772
I2E52374B,44848,44867
I2E52374B,44900,44919
I2E52374B,44986,45005
I2E52374B,45035,45105
I2E52374B,45157,45186
I2E52374B,45267,45327
I2E52374B,45440,45524
I2E52374B,45553,45649
I2E52374B,45708,45751
I2E52374B,45849,45871
I2E52374B,45910,45931
I2E52374B,46009,46030
I2E52374B,46059,46081
I2E52374B,46192,46215
I2E52374B,46292,46308
I2E52374B,46337,46360
I2E52374B,46422,46460
I2E52374B,46612,46649
I2E52374B,46770,46908
I2E52374B,47024,47039
I2E52374B,47090,47102
I2E52374B,47193,47249
I2E52374B,47369,47416
I2E52374B,47500,47522
I2E52374B,47578,47606
I2E52374B,47681,47749
I2E52374B,47862,47899
I2E52374B,48229,48313
I2E52374B,48406,48465
I2E52374B,49105,49144
I2E52374B,49375,49461
I2E52374B,49555,49698
I2E52374B,49789,49823
I2E52374B,49940,49962
I2E52374B,50073,50082
I2E52374B,50130,50139
I2E52374B,50236,50247
I2E52374B,50353,50459
I2E52374B,50537,50578
I2E52374B,50651,50678
I2E52374B,50772,50845
I2E52374B,50943,50967
I2E52374B,51018,51055
I2E52374B,51143,51171
I2E52374B,51357,51383
I2E52374B,51422,51525
I2E52374B,51569,51643
I2E52374B,51759,51838
I2E52374B,51930,51996
I2E52374B,52831,52906
I2E52374B,53013,53098
I2E52374B,53191,53219
I2E52374B,53819,53836
I2E52374B,54004,54025
I2E52374B,54139,54156
I2E52374B,54469,54486
I2E52374B,54741,54757
I2E52374B,55020,55046
I2E52374B,55299,55329
I2E52374B,55451,55521
I2E52374B,57096,57127
I2E52374B,57577,57625
I2E52374B,57665,57671
I2E52374B,59843,59894
I2E52374B,60171,60237
I2E52374B,60751,60790
I2E52374B,61078,61131
I2E52374B,61273,61325
I2E52374B,62283,62351
I2E52374B,63168,63294
I2E52374B,63719,63755
I2E52374B,64378,64411
I2E52374B,64460,64542
I2E52374B,64650,64677
I2E52374B,64871,64902
I2E52374B,65325,65381
I2E52374B,65641,65821
I2E52374B,65925,65934
I2E52374B,65981,65990
I2E52374B,66293,66343
I2E52374B,66593,66771
I2E52374B,66817,66830
I2E52374B,67143,67193
I2E52374B,67276,67288
I2E52374B,68273,68310
I2E52374B,68375,68381
I2E52374B,68542,68598
I2E52374B,68671,68723
I2E52374B,68774,68787
I2E52374B,69093,69143
I2E52374B,69230,69243
I2E52374B,69737,69769
I2E52374B,69897,69911
I2E52374B,69936,69974
I2E52374B,70759,70872
I2E52374B,71530,71606
I2E52374B,71912,71955
I2E52374B,72555,72589
I2E52374B,72664,72726
I2E52374B,73253,73270
I2E52374B,73605,73659
I2E52374B,73661,73742
I2E52374B,74323,74413
I2E52374B,74704,74850
I2E52374B,75156,75192
I2E52374B,75259,75298
I2E52374B,75373,75514
I2E52374B,75592,75601
I2E52374B,75929,75947
I2E52374B,76689,76741
I2E52374B,76815,76957
I2E52374B,77189,77237
I2E52374B,77654,77672
I2E52374B,78258,78312
I2E52374B,78421,78439
I2E52374B,78831,78876
I2E52374B,79229,79247
I2E52374B,80004,80045
I2E52374B,80566,80594
I2E52374B,81325,81478
I2E52374B,81881,81913
I2E52374B,82050,82098
I2E52374B,82193,82246
I2E52374B,82339,82359
I2E52374B,82479,82595
I2E52374B,83123,83156
I2E52374B,83286,83317
I2E52374B,83429,83435
I2E52374B,83605,83623
I2E52374B,83806,83826
I2E52374B,83900,83939
I2E52374B,84035,84070
I2E52374B,84168,84189
I2E52374B,84460,84580
I2E52374B,84991,85000
I2E52374B,85320,85337
I2E52374B,85422,85441
I2E52374B,85687,85903
I2E52374B,85995,86016
I2E52374B,86080,86107
I2E52374B,86158,86188
I2E52374B,86291,86330
I2E52374B,86417,86446
I2E52374B,86551,86581
I2E52374B,87844,87949
I2E52374B,88029,88066
I2E52374B,88204,88221
I2E52374B,88367,88392
I2E52374B,88505,88525
I2E52374B,88611,88634
I2E52374B,88726,88759
I2E52374B,88954,88979
I2E52374B,89106,89130
I2E52374B,89245,89274
I2E52374B,89383,89417
I2E52374B,89642,89738
I2E52374B,89969,90036
I2E52374B,90782,90808
I2E52374B,90901,91013
I2E52374B,91175,91217
I2E52374B,91278,91296
I2E52374B,91421,91490
I2E52374B,91598,91633
I2E52374B,91712,91740
I2E52374B,92397,92435
I2E52374B,92954,92988
I2E52374B,93158,93190
I2E52374B,93302,93342
I2E52374B,93706,93735
I2E52374B,94586,94626
I2E52374B,94691,94719
I2E52374B,95125,95154
I2E52374B,95985,96019
I2E52374B,96507,96544
I2E52374B,96647,96683
I2E52374B,96819,96847
I2E52374B,96904,96939
I2E52374B,97022,97051
I2E52374B,97147,97188
I2E52374B,97414,97447
I2E52374B,97722,97798
I2E52374B,97914,97949
I2E52374B,98119,98168
I2E52374B,98235,98263
I2E52374B,98340,98367
I2E52374B,98421,98449
I2E52374B,98498,98537
I2EAAF38A,5515,5642
I2EAAF38A,14216,14298
I2EAAF38A,14535,14660
I2EAAF38A,15114,15744
I2EAAF38A,17765,18079
I2EAAF38A,18143,18248
I2EAAF38A,18250,18340
I2EAAF38A,18414,19165
I2EAAF38A,19167,19186
I2EAAF38A,19245,19494
I2EAAF38A,19679,19810
I2EAAF38A,19898,20546
I2EAAF38A,20905,21177
I2EAAF38A,22569,22901
I2EAAF38A,23095,23493
I2EAAF38A,23653,23671
I2EAAF38A,23763,24838
I2EAAF38A,26637,26764
I2EAAF38A,26886,27290
I2EAAF38A,28004,28130
I2EAAF38A,28133,28525
I2EAAF38A,28639,29278
I2EAAF38A,29280,29315
I2EAAF38A,29351,29380
I2EAAF38A,29382,29408
I2EAAF38A,29441,29878
I2EAAF38A,29880,29970
I2EAAF38A,30101,30306
I2EAAF38A,30476,30772
I2EAAF38A,30929,32692
I2EAAF38A,33184,33458
I2EAAF38A,33570,34380
I2EAAF38A,35026,35267
I2EAAF38A,36044,36079
I2EAAF38A,36320,36370
I2EAAF38A,36517,36799
I2EAAF38A,37136,37228
I2EAAF38A,37345,38101
I2EAAF38A,38536,38569
I2EAAF38A,38819,39670
I2EAAF38A,41032,41050
I2EAAF38A,41112,41363
I2EAAF38A,41365,41571
I2EAAF38A,41689,42313
I2EAAF38A,42315,42357
I2EAAF38A,43407,43704
I2EAAF38A,43825,44171
I2EAAF38A,44295,44560
I2EAAF38A,45178,45234
I2EAAF38A,45236,45270
I2EAAF38A,45622,45661
I2EAAF38A,45701,45829
I2EAAF38A,45831,45881
I2EAAF38A,46254,46402
I2EAAF38A,46557,47442
I2EAAF38A,48769,48885
I2EAAF38A,54439,54466
I2EAAF38A,54585,55037
I2EAAF38A,55330,55406
I2EAAF38A,55522,56199
I2EAAF38A,56388,56549
I2EAAF38A,57152,57566
I2EAAF38A,57568,57680
I2EAAF38A,58280,58482
I2EAAF38A,58484,58607
I2EAAF38A,60078,60552
I2EAAF38A,61133,61173
I2EAAF38A,61296,61759
I2EAAF38A,62541,62588
I2EAAF38A,62758,63484
I2EAAF38A,63967,64450
I2EAAF38A,65879,65959
I2EAAF38A,66025,66293
I2EAAF38A,66351,66550
I2EAAF38A,66552,66712
I2EAAF38A,68257,68418
I2EAAF38A,68420,68448
I2EAAF38A,71549,71686
I2EAAF38A,72649,73315
I2EAAF38A,73435,73964
I2EAAF38A,74229,74725
I2EAAF38A,74844,75352
I2EAAF38A,75474,75735
I2EAAF38A,75882,76491
I2EAAF38A,77440,77569
I2EAAF38A,78330,78366
I2EAAF38A,78486,79024
I2EAAF38A,79026,79060
I2EAAF38A,79129,79380
I2EAAF38A,79382,79727
I2EAAF38A,81857,82056
I2EAAF38A,83635,83687
I2EAAF38A,84379,84473
I2EAAF38A,84926,85021
I2EAAF38A,85490,85519
I2EAAF38A,85648,85766
I2EAAF38A,87713,87740
I2EAAF38A,88738,89481
I2EAAF38A,91186,91662
I2EAAF38A,92743,93200
I2EAAF38A,95764,95814
I2EAAF38A,95933,96417
I2EAAF38A,96455,96657
I2EAAF38A,96700,97272
I2EAAF38A,97274,97324
I2EAAF38A,97436,97647
I2EAAF38A,97649,97692
I2EAAF38A,97811,98216
I2EAAF38A,98338,98872
I2EAAF38A,98874,98901
I2EAAF38A,99016,99785
I2EAAF38A,101011,101771
I2EAAF38A,101848,101918
I2EAAF38A,103009,103106
I2EAAF38A,104017,104050
I2EAAF38A,106484,106505
I2EAAF38A,107788,107821
I2EAAF38A,109390,109728
I2EAAF38A,113380,113420
I2EAAF38A,119614,119933
I2EAAF38A,121524,121559
I2EAAF38A,122621,122688
I2EAAF38A,125567,125649
I2EAAF38A,127213,127249
I2EAAF38A,129700,129768
I2EAAF38A,130891,130913
I2FCD4B1D,1767,2215
I2FCD4B1D,13436,13610
I2FCD4B1D,14019,14435
I2FCD4B1D,14668,15286
I2FCD4B1D,18194,18262
I2FCD4B1D,95802,96114
I2FCD4B1D,96893,97059
I2FCD4B1D,97557,97592
I2FCD4B1D,98951,98990
I2FCD4B1D,99600,100313
I2FCD4B1D,101164,101190
I2FCD4B1D,103590,103623
I2FCD4B1D,104872,104963
I2FCD4B1D,106839,106862
I2FCD4B1D,108130,108173
I2FCD4B1D,111864,111904
I2FCD4B1D,113517,113644
I2FCD4B1D,115458,115495
I2FCD4B1D,118067,118097
I2FCD4B1D,120594,120642
I2FCD4B1D,122668,122779
I2FCD4B1D,123655,123683
I2FCD4B1D,127014,127048
I2FCD4B1D,128259,128425
I2FCD4B1D,129806,129841
I2FCD4B1D,131738,131828
I2FCD4B1D,132185,132451
I2FCD4B1D,133022,133051
I2FCD4B1D,135852,135942
I2FCD4B1D,136786,136932
I2FCD4B1D,137583,137614
I2FCD4B1D,138182,138207
I2FCD4B1D,139589,139625
I2FCD4B1D,141150,141159
I2FCD4B1D,149681,149690
I2FCD4B1D,151922,151953
I2FCD4B1D,153889,153909
I2FCD4B1D,154147,154174
I2FCD4B1D,158362,158394
I2FCD4B1D,158869,159056
I2FCD4B1D,161351,161413
I2FCD4B1D,163450,163561
I2FCD4B1D,164013,164022
I2FCD4B1D,164548,164580
I2FCD4B1D,164656,164665
I2FCD4B1D,164957,164966
I2FCD4B1D,165139,165147
I2FCD4B1D,165471,165478
I2FCD4B1D,165666,165675
I2FCD4B1D,165811,165820
I2FCD4B1D,166172,166261
I2FCD4B1D,167154,167163
I2FCD4B1D,181925,181954
I2FCD4B1D,183648,183657
I2FCD4B1D,185435,185444
I2FCD4B1D,185752,185924
I2FCD4B1D,187104,187128
I2FCD4B1D,187792,187816
I2FCD4B1D,188276,188300
I2FCD4B1D,191134,191143
I2FCD4B1D,193679,193688
I2FCD4B1D,194628,194639
I2FCD4B1D,195978,195987
I2FCD4B1D,197004,197013
I2FCD4B1D,197976,197984
I2FCD4B1D,198815,198822
I2FCD4B1D,199187,199196
I2FCD4B1D,200484,200598
I2FCD4B1D,201481,201490
I2FCD4B1D,202962,203023
I2FCD4B1D,203605,203701
I2FCD4B1D,205931,205940
I2FCD4B1D,207580,207635
I2FCD4B1D,211656,212092
I2FCD4B1D,212946,212955
I2FCD4B1D,216444,216453
I2FCD4B1D,217496,217580
I2FCD4B1D,219909,219918
I2FCD4B1D,223555,223589
I2FCD4B1D,224604,224632
I2FCD4B1D,225040,225072
I2FCD4B1D,225692,225719
I2FCD4B1D,227355,227388
I2FCD4B1D,229683,229776
I2FCD4B1D,230173,230302
I2FCD4B1D,237719,237728
I2FCD4B1D,240809,240888
I2FCD4B1D,244631,244640
I2FCD4B1D,245360,245368
I2FCD4B1D,246931,246951
I2FCD4B1D,247050,247657
I2FCD4B1D,249379,249388
I2FCD4B1D,250225,250234
I2FCD4B1D,250979,250987
I2FCD4B1D,254648,254792
I2FCD4B1D,255416,255425
I2FCD4B1D,256030,256039
I2FCD4B1D,256848,256856
I2FCD4B1D,259845,259872
I2FCD4B1D,262102,262206
I2FCD4B1D,266342,266351
I2FCD4B1D,266985,267299
I2FCD4B1D,268256,268502
I2FCD4B1D,273164,273173
I2FCD4B1D,274555,274715
I2FCD4B1D,277348,277357
I2FCD4B1D,278189,278198
I2FCD4B1D,280027,280190
I2FCD4B1D,283297,283306
I2FCD4B1D,286711,286720
I2FCD4B1D,290517,290537
I2FCD4B1D,290642,290965
I2FCD4B1D,291474,291620
I2FCD4B1D,296731,296911
I2FCD4B1D,297150,297159
I2FCD4B1D,297285,297294
I2FCD4B1D,298602,298640
I2FCD4B1D,299470,299528
I2FCD4B1D,300764,300802
I2FCD4B1D,301071,301111
I2FCD4B1D,302799,302844
I2FCD4B1D,306069,306078
I2FCD4B1D,308291,308392
I2FCD4B1D,308748,308857
I2FCD4B1D,310879,310888
I2FCD4B1D,312786,313175
I2FCD4B1D,317453,317462
I2FCD4B1D,323009,323133
I2FCD4B1D,327222,327231
I2FCD4B1D,332866,332970
I2FCD4B1D,333643,333652
I2FCD4B1D,337657,337666
I2FCD4B1D,340095,340242
I2FCD4B1D,345609,345618
I2FCD4B1D,346677,346697
I2FCD4B1D,346801,346955
I2FCD4B1D,351824,351890
I2FCD4B1D,352717,353114
I2FCD4B1D,356683,356692
I2FCD4B1D,361523,361532
I2FCD4B1D,367737,367746
I2FCD4B1D,372218,372227
I2FCD4B1D,376563,376571
I2FCD4B1D,380876,381061
I2FCD4B1D,382253,382262
I2FCD4B1D,393126,393135
I2FCD4B1D,397490,397499
I2FCD4B1D,400383,400403
I2FCD4B1D,400509,400984
I2FCD4B1D,402608,402731
I2FCD4B1D,403468,403633
I2FCD4B1D,408732,408741
I2FCD4B1D,409975,409984
I2FCD4B1D,416989,417185
I2FCD4B1D,423384,423534
I2FCD4B1D,424863,424952
I2FCD4B1D,425894,425903
I2FCD4B1D,428994,429003
I2FCD4B1D,430084,430093
I2FCD4B1D,431851,431859
I2FCD4B1D,432305,432401
I2FCD4B1D,434987,434996
I2FCD4B1D,435822,435998
I2FCD4B1D,436873,436925
I2FCD4B1D,437273,437552
I2FCD4B1D,438701,438710
I2FCD4B1D,443121,443130
I2FCD4B1D,446963,446971
I2FCD4B1D,451989,452056
I2FCD4B1D,464119,464128
I2FCD4B1D,467241,467279
I2FCD4B1D,469968,469999
I2FCD4B1D,472630,472771
I2FCD4B1D,473142,473284
I2FCD4B1D,473652,473751
I2FCD4B1D,479509,479518
I2FCD4B1D,480757,480766
I2FCD4B1D,482055,482075
I2FCD4B1D,482439,482537
I2FCD4B1D,483494,483743
I2FCD4B1D,486619,486628
I2FCD4B1D,488059,488068
I2FCD4B1D,491656,491664
I2FCD4B1D,493594,493691
I2FCD4B1D,494133,494279
I2FCD4B1D,496566,496575
I2FCD4B1D,497863,497872
I2FCD4B1D,499171,499279
I2FCD4B1D,502269,502361
I2FCD4B1D,504053,504062
I2FCD4B1D,507073,507114
I2FCD4B1D,508691,508711
I2FCD4B1D,508819,508957
I2FCD4B1D,509609,509938
I2FCD4B1D,510314,510323
I2FCD4B1D,510689,510698
I2FCD4B1D,511420,511664
I2FCD4B1D,512036,512045
I2FCD4B1D,515798,515807
I2FCD4B1D,520657,520736
I2FCD4B1D,521662,521671
I2FCD4B1D,522383,522423
I2FCD4B1D,524392,524504
I2FCD4B1D,529272,529281
I2FCD4B1D,530761,530972
I2FCD4B1D,531635,531748
I2FCD4B1D,535208,535217
I2FCD4B1D,536157,536300
I2FCD4B1D,537954,537963
I2FCD4B1D,538350,538359
I2FCD4B1D,539257,539534
I2FCD4B1D,541010,541019
I2FCD4B1D,541608,541617
I2FCD4B1D,542220,542345
I2FCD4B1D,544484,544493
I2FCD4B1D,546449,546458
I2FCD4B1D,546792,546800
I2FCD4B1D,547926,548039
I2FCD4B1D,549100,549109
I2FCD4B1D,549868,549950
I2FCD4B1D,550296,550431
I2FCD4B1D,551444,551453
I2FCD4B1D,551851,551860
I2FCD4B1D,552492,552626
I2FCD4B1D,554177,554452
I2FCD4B1D,555152,555250
I2FCD4B1D,558848,558916
I2FCD4B1D,561648,561657
I2FCD4B1D,564061,564080
I2FCD4B1D,564488,564526
I2FCD4B1D,567251,567296
I2FCD4B1D,570933,571075
I2FCD4B1D,572145,572154
I2FCD4B1D,577695,577715
I2FCD4B1D,577826,577951
I2FCD4B1D,579694,580078
I2FCD4B1D,580621,580630
I2FCD4B1D,587692,587733
I2FCD4B1D,588498,588545
I2FCD4B1D,589794,589837
I2FCD4B1D,590820,591005
I2FCD4B1D,591373,591382
I2FCD4B1D,591478,591487
I2FCD4B1D,591564,591572
I2FCD4B1D,593787,593811
I2FCD4B1D,595036,595045
I2FCD4B1D,595264,595273
I2FCD4B1D,595501,595509
I2FCD4B1D,595711,595718
I2FCD4B1D,596020,596029
I2FCD4B1D,596283,596339
I2FCD4B1D,596398,596422
I2FCD4B1D,596484,596511
I2FCD4B1D,596579,596609
I2FCD4B1D,596662,596687
I2FCD4B1D,596753,596782
I2FCD4B1D,596884,596913
I2FCD4B1D,596985,597017
I2FCD4B1D,597155,597187
I2FCD4B1D,597258,597296
I2FCD4B1D,597371,597407
I2FCD4B1D,597540,597572
I2FCD4B1D,597674,597709
I2FCD4B1D,597828,597865
I2FCD4B1D,598147,598180
I2FCD4B1D,598262,598300
I2FCD4B1D,598388,598422
I2FCD4B1D,598540,598591
I2FCD4B1D,598939,598970
I2FCD4B1D,600576,600604
I2FCD4B1D,600745,600753
I2FCD4B1D,600920,600929
I2FCD4B1D,601025,601034
I2FCD4B1D,601118,601126
I2FCD4B1D,608747,608775
I2FCD4B1D,622269,622278
I2FCD4B1D,628868,628907
I2FCD4B1D,640720,640733
I2FCD4B1D,640800,640809
I2FCD4B1D,640916,640925
I2FCD4B1D,640969,640977
I2FCD4B1D,641032,641062
I2FCD4B1D,644467,644475
I2FCD4B1D,644653,644662
I2FCD4B1D,644800,644809
I2FCD4B1D,644899,644907
I2FCD4B1D,645036,645043
I2FCD4B1D,645135,645144
I2FCD4B1D,645245,645254
I2FCD4B1D,645380,645390
I2FCD4B1D,645473,645481
I2FCD4B1D,645604,645612
I2FCD4B1D,645846,645854
I2FCD4B1D,646286,646295
I2FCD4B1D,646416,646425
I2FCD4B1D,646580,646588
I2FCD4B1D,648197,648205
I2FCD4B1D,648332,648341
I2FCD4B1D,648440,648449
I2FCD4B1D,651403,651463
I2FCD4B1D,651697,651722
I2FCD4B1D,651909,651944
I2FCD4B1D,652189,652228
I2FCD4B1D,652476,652509
I2FCD4B1D,652702,652748
I2FCD4B1D,652980,653014
I2FCD4B1D,653050,653059
I2FCD4B1D,653099,653108
I2FCD4B1D,653208,653216
I2FCD4B1D,653266,653273
I2FCD4B1D,653313,653322
I2FCD4B1D,655092,655100
I2FCD4B1D,655160,655169
I2FCD4B1D,655292,655301
I2FCD4B1D,656955,656973
I2FCD4B1D,657592,657631
I2FCD4B1D,660093,660119
I2FCD4B1D,666198,666222
I2FCD4B1D,666700,666709
I2FCD4B1D,666995,667004
I2FCD4B1D,667141,667149
I2FCD4B1D,667557,667564
I2FCD4B1D,668074,668210
I2FCD4B1D,668362,668371
I2FCD4B1D,668455,668464
I2FCD4B1D,668602,668610
I2FCD4B1D,668695,668704
I319DAFF7,310,608
I319DAFF7,664,684
I319DAFF7,965,1113
I319DAFF7,1472,1575
I319DAFF7,1942,2060
I319DAFF7,2428,2540
I319DAFF7,2704,2811
I319DAFF7,3176,3297
I319DAFF7,3464,3564
I319DAFF7,3926,4051
I319DAFF7,4423,4530
I319DAFF7,4691,4801
I319DAFF7,5158,5271
I319DAFF7,5429,5540
I319DAFF7,5911,5951
I31F3338B,190,478
I31F3338B,522,540
I31F3338B,563,655
I31F3338B,958,1102
I31F3338B,1335,1432
I31F3338B,1659,1758
I31F3338B,1938,2037
I31F3338B,2273,2372
I31F3338B,2551,2648
I31F3338B,2819,2918
I31F3338B,3096,3194
I31F3338B,3429,3527
I31F3338B,3765,3867
I31F3338B,4116,4215
I31F3338B,4447,4546
I31F3338B,4721,4821
I31F3338B,5064,5167
I31F3338B,5358,5458
I31F3338B,5641,5740
I31F3338B,5915,6015
I31F3338B,6273,6374
I31F3338B,6610,6709
I31F3338B,6902,7003
I31F3338B,7188,7288
I31F3338B,7467,7562
I31F3338B,7721,7820
I31F3338B,7995,8095
I31F3338B,8274,8372
I31F3338B,8543,8644
I31F3338B,8827,8929
I31F3338B,9118,9218
I31F3338B,9397,9497
I31F3338B,9676,9777
I31F3338B,10018,10117
I31F3338B,10292,10389
I31F3338B,10613,10698
I31F3338B,10861,10946
I31F3338B,11103,11187
I31F3338B,11280,11301
I31F3338B,11349,11368
I31F3338B,11480,11498
I32431963,469,644
I32431963,1996,2023
I32431963,2389,2419
I32431963,2960,3014
I32431963,3544,3560
I32431963,3631,3648
I32431963,3786,3804
I32431963,3869,3883
I32431963,4071,4088
I32431963,5163,5179
I32431963,6761,6872
I32431963,7440,7468
I32431963,7616,7664
I32431963,8887,9043
I32431963,9718,9762
I32431963,11083,11213
I32431963,11982,12043
I32431963,12690,12709
I32431963,13294,13310
I32431963,13857,13877
I32431963,14466,14481
I32431963,15493,15509
I32431963,16629,16662
I32431963,17494,17547
I330D366C,6643,6891
I330D366C,6893,6934
I330D366C,7481,7527
I330D366C,8129,8166
I330D366C,8725,8749
I330D366C,9171,9196
I330D366C,9671,9706
I330D366C,45990,46110
I330D366C,46112,46174
I330D366C,48503,48525
I330D366C,50451,50486
I330D366C,66939,67053
I330D366C,67055,67089
I330D366C,72036,72069
I330D366C,72631,72666
I330D366C,73256,73287
I330D366C,73923,74080
I330D366C,74082,74121
I330D366C,75575,75613
I330D366C,78071,78096
I330D366C,80105,80154
I330D366C,84426,84564
I330D366C,86279,86314
I330D366C,87069,87126
I330D366C,89012,89122
I330D366C,89124,89168
I330D366C,91044,91076
I330D366C,92612,92650
I330D366C,92652,92720
I330D366C,111030,111064
I330D366C,113527,113556
I330D366C,121013,121049
I33763376,2550,2719
I33763376,3306,3456
I33763376,4774,4853
I33763376,5239,5254
I33763376,5893,5911
I33763376,6212,6417
I33763376,6751,6850
I33763376,7330,7359
I33763376,7976,8002
I33763376,17567,17607
I33763376,17752,17807
I33763376,19081,19097
I33763376,25068,25372
I33763376,27869,27911
I33763376,28548,28591
I33763376,29329,29374
I33763376,30026,30076
I33763376,32058,32104
I33763376,33038,33088
I33763376,33350,33529
I33763376,34709,34746
I33763376,35735,35771
I33763376,36125,36484
I33763376,42723,42770
I33763376,44808,44876
I33763376,46566,46612
I33763376,48174,48232
I33763376,52355,52634
I33763376,53853,53878
I33763376,54196,54219
I33763376,54489,54523
I33763376,54934,54980
I33763376,55819,56006
I33763376,58712,58945
I33763376,59917,60020
I33763376,60657,60682
I33763376,62234,62254
I33763376,63301,63329
I33763376,65250,65287
I33763376,66883,66992
I33763376,72050,72185
I33763376,72612,72653
I33763376,72944,72986
I33763376,77936,78227
I33763376,79041,79087
I33763376,79178,79315
I33763376,80196,80232
I33763376,82793,82826
I33763376,85284,85585
I33763376,87195,87282
I33763376,88334,88421
I33763376,91211,91266
I33763376,93606,93665
I33763376,93962,93978
I33763376,95812,95883
I33763376,98039,98110
I33763376,104729,104754
I36A7A668,7751,7806
I36A7A668,10840,10893
I36A7A668,11051,11108
I36A7A668,11745,11753
I36A7A668,16920,16995
I36A7A668,24347,24509
I36A7A668,34190,34227
I36A7A668,37177,37213
I36A7A668,39423,39503
I36A7A668,40089,40178
I36A7A668,49569,49844
I36A7A668,58382,58424
I36A7A668,62042,62072
I36A7A668,66680,66827
I36A7A668,68400,68513
I36A7A668,69891,69999
I36A7A668,77560,77586
I36A7A668,80291,80324
I36A7A668,80601,80641
I36A7A668,81663,81700
I36A7A668,83123,83151
I36A7A668,88562,88615
I36A7A668,116661,116680
I36A7A668,119305,119441
I36A7A668,122226,122257
I36A7A668,132602,132628
I36A7A668,138483,138544
I36A7A668,142185,142207
I36A7A668,148570,148597
I36A7A668,155839,155911
I36A7A668,159165,159201
I36A7A668,164085,164150
I36A7A668,176030,176080
I36A7A668,186880,186924
I36A7A668,193958,193980
I36A7A668,202135,202193
I36A7A668,220852,220946
I36A7A668,223542,223571
I36A7A668,231737,231811
I36A7A668,242076,242280
I36A7A668,243201,243316
I36A7A668,243577,243615
I36A7A668,244045,244079
I36A7A668,244528,244564
I36A7A668,244725,244939
I36A7A668,244941,244975
I36A7A668,245141,245170
I36A7A668,245489,245517
I36A7A668,245726,245754
I36A7A668,246006,246051
I36A7A668,246214,246262
I36A7A668,246481,246519
I36A7A668,247091,247155
I36A7A668,249583,249621
I36A7A668,250882,251007
I36A7A668,251412,251646
I36A7A668,252448,252498
I36A7A668,252746,252801
I36A7A668,253963,253981
I36A7A668,255777,255853
I36A7A668,256422,256459
I36A7A668,259449,259502
I36A7A668,260163,260194
I36A7A668,261716,261761
I36A7A668,263916,263961
I36A7A668,266110,266156
I36A7A668,269473,269526
I36A7A668,271825,271940
I36A7A668,272192,272201
I36A7A668,272438,272447
I36A7A668,272743,272751
I36A7A668,272945,272959
I36A7A668,302474,302493
I36A7A668,303513,303546
I36A7A668,304169,304345
I36A7A668,305128,305152
I36A7A668,306213,306247
I36A7A668,312768,312821
I36A7A668,313015,313075
I36A7A668,319603,319631
I36A7A668,324682,324709
I36A7A668,329900,329927
I36A7A668,333526,333561
I36A7A668,336526,336555
I36A7A668,338459,338476
I36A7A668,340751,340783
I36A7A668,343280,343327
I36A7A668,351985,352039
I3B871A64,1001,1121
I3B871A64,1448,1590
I3B871A64,1881,2033
I3B871A64,5549,5696
I3B871A64,6141,6237
I3B871A64,6289,6336
I3B871A64,8944,9211
I3B871A64,9457,9501
I3B871A64,10168,10190
I3B871A64,10347,10379
I3B871A64,11198,11307
I3B871A64,11661,11711
I3B871A64,11769,11793
I3B871A64,12055,12088
I3B871A64,12228,12242
I3B871A64,12389,12410
I3B871A64,12588,12684
I3B871A64,13123,13221
I3B871A64,13424,13497
I3B871A64,13598,13630
I3B871A64,13883,13907
I3B871A64,14293,14317
I3B871A64,14736,14759
I3B871A64,15005,15035
I3B871A64,20520,20836
I3B871A64,21753,21799
I3B871A64,22219,22266
I3B871A64,22548,22592
I3B871A64,23369,23403
I3B871A64,24084,24108
I3B871A64,24331,24369
I3F4A91F5,525,542
I3F4A91F5,544,606
I3F4A91F5,608,634
I3F4A91F5,636,660
I3F4A91F5,662,693
I3F4A91F5,694,719
I3F4A91F5,721,739
I3F4A91F5,741,769
I3F4A91F5,771,782
I3F4A91F5,784,795
I3F4A91F5,797,826
I3F4A91F5,828,870
I3F4A91F5,872,907
I3F4A91F5,909,954
I3F4A91F5,956,984
I3F4A91F5,986,1015
I3F4A91F5,1017,1043
I3F4A91F5,1045,1075
I3F4A91F5,1077,1107
I3F4A91F5,1109,1131
I3F4A91F5,1133,1162
I3F4A91F5,1164,1196
I3F4A91F5,1198,1230
I3F4A91F5,1232,1261
I3F4A91F5,1263,1298
I3F4A91F5,1300,1329
I3F4A91F5,1331,1356
I3F4A91F5,1358,1384
I3F4A91F5,1386,1410
I3F4A91F5,1412,1453
I3F4A91F5,1455,1484
I3F4A91F5,1486,1524
I3F4A91F5,1526,1548
I3F4A91F5,1550,1580
I3F4A91F5,1582,1622
I3F4A91F5,1624,1658
I3F4A91F5,1660,1692
I3F4A91F5,1694,1734
I3F4A91F5,1736,1766
I3F4A91F5,1768,1788
I3F4A91F5,1790,1810
I3F4A91F5,1812,1831
I3F4A91F5,1833,1854
I3F4A91F5,1856,1871
I3F4A91F5,1873,1890
I3F4A91F5,1892,1930
I3F4A91F5,1932,1961
I3F4A91F5,1963,1994
I3F4A91F5,1996,2028
I3F4A91F5,2030,2060
I3F4A91F5,2062,2095
I3F4A91F5,2097,2129
I3F4A91F5,2131,2176
I3F4A91F5,2178,2199
I3F4A91F5,2201,2225
I3F4A91F5,2227,2253
I3F4A91F5,2255,2268
I3F4A91F5,2270,2282
I3F4A91F5,2284,2310
I3F4A91F5,2312,2334
I3F4A91F5,2336,2362
I3F4A91F5,2364,2389
I3F4A91F5,2391,2419
I3F4A91F5,2421,2447
I3F4A91F5,2449,2475
I3F4A91F5,2477,2520
I3F4A91F5,2522,2553
I3F4A91F5,2555,2582
I3F4A91F5,2584,2618
I3F4A91F5,2620,2651
I3F4A91F5,2653,2682
I3F4A91F5,2684,2714
I3F4A91F5,2716,2750
I3F4A91F5,2752,2781
I3F4A91F5,2783,2822
I3F4A91F5,2824,2855
I3F4A91F5,2857,2878
I3F4A91F5,2880,2899
I3F4A91F5,2901,2920
I3F4A91F5,2922,2948
I3F4A91F5,2950,2989
I3F4A91F5,2991,3018
I3F4A91F5,3020,3046
I3F4A91F5,3048,3087
I3F4A91F5,3089,3120
I3F4A91F5,3122,3133
I3F4A91F5,3135,3145
I3F4A91F5,3147,3159
I3F4A91F5,3161,3185
I3F4A91F5,3187,3226
I3F4A91F5,3228,3258
I3F4A91F5,3260,3309
I3F4A91F5,3311,3361
I3F4A91F5,3363,3416
I3F4A91F5,3418,3442
I3F4A91F5,3444,3483
I3F4A91F5,3485,3515
I3F4A91F5,3517,3549
I3F4A91F5,3551,3586
I3F4A91F5,3588,3625
I3F4A91F5,3627,3665
I3F4A91F5,3667,3695
I3F4A91F5,3697,3731
I3F4A91F5,3733,3757
I3F4A91F5,3759,3780
I3F4A91F5,3782,3805
I3F4A91F5,3807,3819
I3F4A91F5,3821,3835
I3F4A91F5,3837,3862
I3F4A91F5,3864,3888
I3F4A91F5,3890,3924
I3F4A91F5,3926,3951
I3F4A91F5,3953,3990
I3F4A91F5,3992,4019
I3F4A91F5,4021,4046
I3F4A91F5,4048,4078
I3F4A91F5,4080,4134
I3F4A91F5,4136,4183
I3F4A91F5,4184,4197
I3F4A91F5,4199,4220
I3F4A91F5,4222,4243
I3F4A91F5,4245,4257
I3F4A91F5,4259,4281
I3F4A91F5,4283,4312
I3F4A91F5,4314,4322
I3F4A91F5,4324,4368
I3F4A91F5,4370,4395
I3F4A91F5,4397,4434
I3F4A91F5,4436,4475
I3F4A91F5,4477,4553
I3F4A91F5,4555,4568
I3F4A91F5,4570,4591
I3F4A91F5,4593,4618
I3F4A91F5,4620,4664
I3F4A91F5,4666,4677
I3F4A91F5,4679,4692
I3F4A91F5,4694,4706
I3F4A91F5,4708,4730
I3F4A91F5,4732,4801
I3F4A91F5,4803,4821
I3F4A91F5,4823,4842
I3F4A91F5,4844,4866
I3F4A91F5,4868,4885
I3F4A91F5,4887,4912
I3F4A91F5,4914,4950
I3F4A91F5,4952,4986
I3F4A91F5,4988,5023
I3F4A91F5,5025,5065
I3F4A91F5,5067,5148
I3F4A91F5,5150,5176
I3F4A91F5,5178,5201
I3F4A91F5,5203,5238
I3F4A91F5,5240,5270
I3F4A91F5,5272,5310
I3F4A91F5,5312,5343
I3F4A91F5,5345,5374
I3F4A91F5,5376,5432
I3F4A91F5,5434,5485
I3F4A91F5,5487,5545
I3F4A91F5,5547,5603
I3F4A91F5,5605,5674
I3F4A91F5,5676,5684
I3F4A91F5,5686,5730
I3F4A91F5,5732,5758
I3F4A91F5,5760,5798
I3F4A91F5,5800,5818
I3F4A91F5,11327,11527
I3F4A91F5,11529,11560
I3F4A91F5,11854,11893
I3F4A91F5,12394,12682
I3F4A91F5,12684,12702
I3F4A91F5,14242,14311
I3F4A91F5,16148,16166
I3F4A91F5,17565,17631
I3F4A91F5,18152,18171
I3F4A91F5,20585,20839
I3F4A91F5,20841,20883
I3F4A91F5,23030,23083
I3F4A91F5,24850,25001
I3F4A91F5,25003,25039
I3F4A91F5,26705,26739
I3F4A91F5,28270,28308
I3F4A91F5,29252,29289
I3F4A91F5,31220,31454
I3F4A91F5,31456,31495
I3F4A91F5,33200,33240
I3F4A91F5,35061,35098
I3F4A91F5,36877,37017
I3F4A91F5,39260,39293
I3F4A91F5,41227,41466
I3F4A91F5,41468,41499
I3F4A91F5,42620,42663
I3F4A91F5,46114,46149
I3F4A91F5,49521,49718
I3F4A91F5,49720,49749
I3F4A91F5,50347,50385
I3F4A91F5,51327,51375
I3F4A91F5,52518,52559
I3F4A91F5,53719,53757
I3F4A91F5,54605,54786
I3F4A91F5,54788,54825
I3F4A91F5,56186,56214
I3F4A91F5,57050,57078
I3F4A91F5,57668,57694
I3F4A91F5,58007,58034
I3F4A91F5,58456,58479
I3F4A91F5,59018,59043
I3F4A91F5,59868,60063
I3F4A91F5,60065,60100
I3F4A91F5,61082,61121
I3F4A91F5,65977,66017
I3F4A91F5,70536,70573
I3F4A91F5,74437,74476
I3F4A91F5,78714,78752
I3F4A91F5,81667,81770
I3F4A91F5,81772,81800
I3F4A91F5,82153,82269
I3F4A91F5,82328,82384
I3F4A91F5,82859,82962
I3F4A91F5,82964,82997
I3F4A91F5,86475,86594
I3F4A91F5,90634,90783
I3F4A91F5,92834,92869
I3F4A91F5,94500,94659
I3F4A91F5,97645,97918
I3F4A91F5,97920,97959
I3F4A91F5,102866,103025
I3F4A91F5,103027,103063
I3F4A91F5,104527,104696
I3F4A91F5,104698,104713
I3F4A91F5,105916,105934
I3F4A91F5,109065,109096
I3F4A91F5,109179,109325
I3F4A91F5,110796,110823
I3F4A91F5,112456,112486
I3F4A91F5,112658,112782
I3F4A91F5,114050,114088
I3F4A91F5,114890,114917
I3F4A91F5,116376,116482
I3F4A91F5,116484,116528
I3F4A91F5,117051,117074
I3F4A91F5,117208,117232
I3F4A91F5,117353,117378
I3F4A91F5,117545,117568
I3F4A91F5,117691,117737
I3F4A91F5,117932,117958
I3F4A91F5,118039,118064
I3F4A91F5,118611,118741
I3F4A91F5,120173,120200
I3F4A91F5,121459,121539
I3F4A91F5,123816,123982
I3F4A91F5,123984,124026
I3F4A91F5,124755,124798
I3F4A91F5,125914,125933
I3F4A91F5,127428,127457
I3F4A91F5,127750,127771
I3F4A91F5,128259,128397
I3F4A91F5,129480,129515
I3F4A91F5,130931,131080
I3F4A91F5,132918,133012
I3F4A91F5,135299,135317
I3F4A91F5,141023,141043
I3F4A91F5,141882,142031
I3F4A91F5,144385,144423
I3F4A91F5,144690,144749
I3F4A91F5,147085,147141
I3F4A91F5,149904,149965
I3F4A91F5,151326,151464
I3F4A91F5,154259,154296
I3F4A91F5,154337,154467
I3F4A91F5,154469,154490
I3F4A91F5,154938,154964
I3F4A91F5,155467,155633
I3F4A91F5,155834,155863
I3F4A91F5,156172,156200
I3F4A91F5,156399,156428
I3F4A91F5,158118,158154
I3F4A91F5,158668,158846
I3F4A91F5,158848,158892
I3F4A91F5,164636,164786
I3F4A91F5,167413,167524
I3F4A91F5,167526,167561
I3F4A91F5,167617,167791
I3F4A91F5,167793,167821
I3F4A91F5,168223,168337
I3F4A91F5,168339,168358
I3F4A91F5,169029,169051
I3F4A91F5,169543,169576
I3F4A91F5,170160,170322
I3F4A91F5,170324,170363
I3F4A91F5,172235,172269
I3F4A91F5,172879,172924
I3F4A91F5,175798,175878
I3F4A91F5,177688,177709
I3F4A91F5,178696,178722
I3F4A91F5,180092,180149
I3F4A91F5,187236,187478
I3F4A91F5,189354,189779
I3F4A91F5,189781,189810
I3F4A91F5,189873,189898
I3F4A91F5,190084,190119
I3F4A91F5,190423,190510
I3F4A91F5,191901,191939
I3F4A91F5,192576,192631
I3F4A91F5,193245,193287
I3F4A91F5,193576,193616
I3F4A91F5,194138,194219
I3F4A91F5,194629,194693
I3F4A91F5,195213,195292
I3F4A91F5,195597,195702
I3F4A91F5,198121,198276
I3F4A91F5,198278,198329
I3F4A91F5,199998,200125
I3F4A91F5,200127,200167
I3F4A91F5,200215,200258
I3F4A91F5,200314,200360
I3F4A91F5,200811,200917
I3F4A91F5,200995,201026
I3F4A91F5,201220,201246
I3F4A91F5,201385,201407
I3F4A91F5,201522,201564
I3F4A91F5,201933,201979
I3F4A91F5,207518,207759
I3F4A91F5,209673,209750
I3F4A91F5,216202,216219
I3F4A91F5,217596,217615
I3F4A91F5,221503,221535
I3F4A91F5,221749,221815
I3F4A91F5,221953,221992
I3F4A91F5,226777,226795
I3F4A91F5,239965,240008
I3F4A91F5,244911,245022
I3F4A91F5,250827,250863
I3F4A91F5,252175,252209
I3F4A91F5,255610,255627
I3F4A91F5,255826,255929
I3F4A91F5,260449,260498
I3F4A91F5,266275,266316
I3F4A91F5,270915,270950
I3F4A91F5,274249,274421
I3F4A91F5,274423,274464
I3F4A91F5,276325,276365
I3F4A91F5,276975,277016
I3F4A91F5,284838,284883
I3F4A91F5,287562,287587
I3F4A91F5,287763,287786
I3F4A91F5,287946,287967
I3F4A91F5,288163,288185
I3F4A91F5,288336,288358
I3F4A91F5,288502,288531
I3F4A91F5,288766,288795
I3F4A91F5,289062,289084
I3F4A91F5,293521,293692
I3F4A91F5,293694,293744
I3F4A91F5,297467,297496
I3F4A91F5,304486,304667
I3F4A91F5,307157,307201
I3F4A91F5,309722,309759
I3F4A91F5,314360,314402
I3F4A91F5,315068,315306
I3F4A91F5,315308,315364
I3F4A91F5,316716,316796
I3F4A91F5,318166,318228
I3F4A91F5,319228,319332
I3F4A91F5,323386,323563
I3F4A91F5,325414,325446
I3F4A91F5,327645,327707
I40E5024E,75392,75524
I40E5024E,82108,82138
I40E5024E,82921,82950
I40E5024E,83911,83937
I40E5024E,85710,85742
I40E5024E,86610,86656
I40E5024E,88823,88870
I40E5024E,92771,92884
I40E5024E,93964,94035
I40E5024E,100608,100635
I40E5024E,103497,103525
I40E5024E,107740,107767
I40E5024E,108707,108856
I40E5024E,112070,112092
I40E5024E,112749,112793
I40E5024E,143847,143863
I40E5024E,144546,144635
I40E5024E,145872,146156
I40E5024E,146664,146712
I40E5024E,147674,147717
I40E5024E,148774,148809
I40E5024E,151818,151838
I40E5024E,156511,156596
I40E5024E,158764,158937
I40E5024E,159943,160009
I40E5024E,161153,161273
I40E5024E,162386,162418
I40E5024E,163594,163647
I40E5024E,164487,164532
I40E5024E,165360,165435
I40E5024E,167163,167319
I40E5024E,171289,171359
I40E5024E,172800,172823
I40E5024E,177134,177187
I40E5024E,179954,180021
I40E5024E,180817,180843
I40E5024E,181964,182101
I40E5024E,182563,182612
I40E5024E,183619,183659
I40E5024E,184346,184435
I40E5024E,184963,184980
I4232A561,608,723
I4232A561,927,949
I4232A561,1059,1083
I4232A561,1181,1277
I4232A561,1633,1661
I4232A561,2019,2271
I4232A561,2719,2800
I4232A561,3193,3214
I4232A561,3959,4053
I4232A561,4665,4714
I4232A561,5318,5357
I4232A561,6555,6749
I4232A561,7107,7125
I4232A561,7932,7963
I4232A561,9137,9454
I4232A561,9808,9850
I4232A561,10558,10567
I4232A561,10936,10944
I4232A561,12495,12554
I4232A561,13536,13558
I4232A561,14340,14379
I4232A561,14801,14945
I4232A561,16148,16185
I4232A561,16570,16621
I4232A561,17082,17122
I4232A561,17811,17928
I4232A561,18566,18602
I4232A561,18930,18971
I4232A561,19486,19675
I4232A561,20089,20133
I4232A561,20540,20586
I4232A561,20946,20991
I4232A561,21430,21454
I4232A561,21794,21813
I4232A561,22132,22152
I4232A561,23114,23144
I4232A561,23950,24059
I4232A561,24570,24598
I4232A561,24914,24945
I45222122,818,948
I45222122,2716,2793
I45222122,5319,5488
I45222122,6206,6255
I45222122,7082,7101
I45222122,7669,8001
I45222122,8233,8615
I45222122,9960,10156
I45222122,12046,12094
I45222122,12857,12906
I45222122,13322,13368
I45222122,14421,14472
I45222122,15742,15779
I45222122,16908,17021
I45222122,17664,17764
I45222122,18528,18570
I45222122,19903,19947
I45222122,20324,20376
I45222122,21324,21359
I45222122,22473,22505
I45222122,23062,23078
I45222122,24692,25064
I45222122,26090,26210
I45222122,26659,26797
I45222122,30837,30874
I45222122,37639,37690
I45222122,38073,38111
I45222122,40348,40910
I45222122,42105,42151
I45222122,45026,45062
I45222122,45571,45728
I45222122,46281,46325
I45222122,49870,49921
I45222122,50876,50915
I45222122,54141,54180
I45222122,55137,55258
I45222122,56153,56352
I45222122,60190,60230
I45222122,61230,62171
I45222122,66605,66639
I45222122,71011,71399
I45222122,73312,73345
I45222122,73952,73997
I45222122,76044,76386
I45222122,77251,77347
I45222122,78847,78893
I45222122,79770,79808
I45222122,84544,84578
I45222122,85164,85192
I45222122,86600,86632
I45222122,87679,87721
I45222122,89153,89207
I45222122,90198,90247
I45222122,91053,91093
I45222122,91281,91464
I45222122,92856,93164
I45222122,94295,94330
I45222122,95512,95545
I45222122,96238,96494
I45222122,99686,99875
I45222122,100463,100500
I45222122,101684,101819
I45222122,102178,102211
I45222122,104492,104519
I45222122,106786,106810
I45222122,107937,108257
I45222122,112566,112607
I45222122,114004,114136
I45222122,114564,114598
I45222122,115043,115127
I45222122,116138,116305
I45222122,118681,118728
I45222122,119278,119318
I45222122,119911,119954
I45222122,120620,120671
I45222122,121279,121318
I45222122,121525,121562
I45222122,122644,122734
I45222122,125025,125128
I45222122,126447,126488
I45222122,127151,127185
I45222122,127826,127860
I45222122,128937,128992
I45222122,129270,129325
I45222122,129554,129613
I45222122,129899,129964
I45222122,134472,134508
I45222122,136028,136076
I45222122,137356,137808
I45222122,140253,140387
I45222122,141606,141630
I45222122,143002,143023
I45222122,145291,145316
I45222122,149285,149420
I45222122,151651,151758
I45222122,154198,154288
I45222122,155010,155264
I45222122,158186,158263
I45222122,159072,159176
I45222122,160438,160484
I45222122,160905,160943
I45222122,162883,162914
I45222122,165252,165285
I45222122,166182,166219
I45222122,167230,167263
I45222122,168181,168202
I45222122,171031,171069
I45222122,174403,174503
I45222122,174957,175256
I45222122,178070,178107
I45222122,178771,178946
I45222122,184130,184171
I45222122,185131,185173
I45222122,187693,187716
I45222122,189030,189153
I45222122,193572,193600
I45222122,194511,194880
I45222122,197201,197333
I45222122,200247,200296
I45222122,201099,201189
I45222122,203551,203608
I45222122,205185,205227
I45222122,206096,206132
I45222122,207259,207333
I45222122,209126,209194
I45222122,209859,209892
I45222122,210597,210638
I45222122,213309,213348
I45222122,216145,216179
I45222122,216839,217256
I45222122,220127,220158
I45222122,220319,220348
I45222122,221141,221407
I45222122,224055,224077
I45222122,228796,228818
I45222122,230144,230179
I45222122,231256,231390
I45222122,233623,233653
I45222122,234574,234614
I45222122,235504,235545
I45222122,237193,237462
I45222122,238143,238385
I45222122,239190,239424
I45222122,240063,240096
I45222122,242141,242164
I45222122,243122,243144
I45222122,246911,246946
I45222122,248722,248758
I45222122,249918,249958
I45222122,251336,251383
I45222122,252633,252674
I45222122,253780,253821
I45222122,254784,255117
I45222122,257223,257260
I45222122,257797,257834
I45222122,258239,258334
I45222122,258838,258875
I45222122,259328,259360
I45222122,259703,259742
I45222122,260689,260777
I45222122,261081,261120
I45222122,261716,261752
I45222122,262473,262511
I45222122,264147,264352
I45222122,265358,265386
I45222122,266063,266104
I45222122,266717,266756
I45222122,266926,267018
I45222122,267470,267498
I45222122,268479,268499
I45222122,268859,268888
I45222122,273006,273072
I45222122,274980,275417
I45222122,276519,276612
I45222122,277218,277235
I45222122,277727,277855
I45222122,278714,278753
I45222122,279399,279645
I45222122,281690,281732
I45222122,283441,283467
I45222122,284416,284456
I45222122,285705,285742
I45222122,286414,286455
I45222122,287818,287858
I45222122,289393,289433
I45222122,290254,290303
I4A6AC1AA,625,778
I4A6AC1AA,962,1127
I4A6AC1AA,10101,10252
I4A6AC1AA,11778,11802
I4A6AC1AA,12352,12378
I4ABDA91A,10508,10716
I4ABDA91A,11125,11158
I4ABDA91A,12368,12400
I4ABDA91A,13149,13181
I4ABDA91A,14456,14741
I4ABDA91A,16600,16624
I4ABDA91A,19306,19366
I4ABDA91A,20863,20905
I4ABDA91A,26255,26308
I4ABDA91A,28679,28837
I4ABDA91A,30656,32937
I4ABDA91A,32939,32975
I4ABDA91A,34439,34572
I4ABDA91A,37327,37367
I4ABDA91A,38969,39007
I4ABDA91A,44924,44989
I4ABDA91A,46048,46202
I4ABDA91A,46911,46947
I4ABDA91A,47350,47372
I4ABDA91A,47786,47825
I4ABDA91A,49589,49624
I4ABDA91A,49776,49799
I4ABDA91A,51236,51287
I4ABDA91A,51511,51689
I4ABDA91A,55454,55668
I4ABDA91A,56212,56389
I4ABDA91A,57421,58499
I4ABDA91A,58501,61383
I4ABDA91A,61385,61417
I4ABDA91A,80971,81077
I4ABDA91A,82562,82605
I4ABDA91A,83453,83480
I4ABDA91A,108830,108867
I4ABDA91A,190281,190301
I4ABDA91A,232374,232532
I4ABDA91A,233294,233464
I4ABDA91A,236012,236039
I4ABDA91A,246481,246517
I4ABDA91A,255137,255173
I4ABDA91A,363677,363702
I4ABDA91A,428531,428569
I4ABDA91A,428879,428902
I4ABDA91A,429340,429363
I4ABDA91A,432877,432932
I4ABDA91A,435627,435677
I4ABDA91A,447662,447681
I4ABDA91A,448327,449340
I4ABDA91A,449342,449378
I4ABDA91A,453216,453287
I4ABDA91A,454086,454156
I4ABDA91A,461616,461665
I4ABDA91A,476852,476893
I4ABDA91A,506706,506894
I4ABDA91A,507487,507507
I4ABDA91A,507997,508017
I4ABDA91A,508999,509017
I4ABDA91A,509414,509509
I4ABDA91A,509772,509793
I4ABDA91A,509920,509963
I4ABDA91A,510879,510922
I4ABDA91A,511187,511247
I4ABDA91A,511683,511704
I4ABDA91A,512147,512169
I4B1806B4,1759,1812
I4B1806B4,1927,1986
I4B1806B4,1988,2002
I4B1806B4,2004,2049
I4B1806B4,2051,2101
I4B1806B4,2103,2147
I4B1806B4,2149,2192
I4B1806B4,2194,2240
I4B1806B4,2242,2289
I4B1806B4,2291,2336
I4B1806B4,2338,2366
I4B1806B4,2368,2379
I4B1806B4,2381,2396
I4B1806B4,2398,2445
I4B1806B4,4403,4726
I4B1806B4,28189,28344
I4B1806B4,41248,41274
I4B1806B4,49652,49679
I4B1806B4,54396,54456
I4B1806B4,70760,71000
I4B1806B4,106000,106045
I4B1806B4,158474,158520
I4B1806B4,189148,189299
I4B1806B4,194781,194804
I4B1806B4,200939,200964
I4BECA32D,20089,20127
I4BECA32D,21769,22024
I4BECA32D,22481,22566
I4BECA32D,26207,26341
I4BECA32D,27299,27345
I4BECA32D,35494,35842
I4BECA32D,42508,42601
I4BECA32D,42821,42841
I4BECA32D,46492,46588
I4BECA32D,55941,55985
I4BECA32D,109930,109973
I4BECA32D,114892,114961
I4BECA32D,130554,130788
I4BECA32D,135490,135578
I4BECA32D,136138,136344
I4BECA32D,136702,136809
I4BECA32D,137198,137234
I4BECA32D,139301,139386
I4BECA32D,141142,141191
I4BECA32D,141813,142142
I4BECA32D,150508,150615
I4BECA32D,152313,152350
I4BECA32D,153236,153261
I4BECA32D,153586,153622
I4BECA32D,153996,154027
I4BECA32D,154502,154540
I4BECA32D,154711,154763
I4BECA32D,155190,155232
I4BECA32D,157391,157417
I4BECA32D,158014,158052
I4BECA32D,159763,159813
I4BECA32D,161245,161300
I4BECA32D,161354,161410
I4BECA32D,162463,162480
I4BECA32D,163300,163520
I4BECA32D,166272,166377
I4BECA32D,166475,166533
I4BECA32D,166980,167013
I4BECA32D,167290,167397
I4BECA32D,167625,167699
I4BECA32D,167845,167871
I4BECA32D,168030,168057
I4BECA32D,168223,168247
I4BECA32D,168327,168501
I4BECA32D,169523,169878
I4BECA32D,173880,173928
I4BECA32D,174531,174813
I4BECA32D,176397,176437
I4BECA32D,176653,176737
I4BECA32D,177237,177273
I4BECA32D,177624,177653
I4BECA32D,177952,177993
I4BECA32D,180357,180553
I4BECA32D,182894,182913
I4BECA32D,183051,183113
I4BECA32D,184221,184463
I4BECA32D,184575,184628
I4BECA32D,184658,184680
I4BECA32D,184759,184787
I4BECA32D,187377,187410
I4BECA32D,189466,189510
I4BECA32D,190454,190502
I4BECA32D,190932,190967
I4BECA32D,191745,191875
I4BECA32D,192843,192869
I4BECA32D,195049,195111
I4BECA32D,195810,196432
I4BECA32D,199803,200031
I4BECA32D,200229,200300
I4BECA32D,200771,200803
I4BECA32D,201642,201676
I4BECA32D,202475,202507
I4BECA32D,204222,204420
I4BECA32D,206241,206304
I4BECA32D,207161,207230
I4BECA32D,207372,207637
I4BECA32D,208036,208076
I4BECA32D,208560,208591
I4BECA32D,209523,209564
I4BECA32D,210381,210416
I4BECA32D,212431,212476
I4BECA32D,212595,212677
I4BECA32D,212915,212944
I4BECA32D,213129,213147
I4BECA32D,213347,213364
I4BECA32D,213645,213668
I4BECA32D,213975,213993
I4BECA32D,214069,214163
I4BECA32D,214693,214772
I4BECA32D,214959,214985
I4BECA32D,215203,215239
I4BECA32D,215381,215399
I4BECA32D,215827,215845
I4BECA32D,216080,216095
I4BECA32D,218599,218612
I4BECA32D,218952,218970
I4BECA32D,220013,220085
I4BECA32D,220196,220247
I4BECA32D,221092,221107
I4BECA32D,221342,221358
I4BECA32D,221891,221912
I4BECA32D,222227,222248
I4BECA32D,222491,222507
I4BECA32D,222658,222683
I4BECA32D,223008,223073
I4BECA32D,223354,223395
I4BECA32D,225335,225398
I4BECA32D,225592,225624
I4BECA32D,226682,226752
I4BECA32D,226911,226948
I4BECA32D,228512,228667
I4BECA32D,229176,229310
I4BECA32D,229613,229687
I4BECA32D,229803,230155
I4BECA32D,233310,233325
I4BECA32D,233907,233934
I4BECA32D,234455,234529
I4BECA32D,234990,235008
I4BECA32D,237979,238135
I4BECA32D,238354,238439
I4BECA32D,238684,238817
I4BECA32D,239497,239531
I4BECA32D,239755,239785
I4BECA32D,240483,240510
I4BECA32D,240984,241000
I4BECA32D,241340,241367
I4BECA32D,241902,241971
I4BECA32D,242194,242214
I4BECA32D,245329,245485
I4BECA32D,245773,245966
I4BECA32D,246613,246647
I4BECA32D,246744,246774
I4BECA32D,247812,247900
I4BECA32D,248280,248306
I4BECA32D,249075,249128
I4BECA32D,249432,249491
I4BECA32D,249593,249613
I4BECA32D,249714,249735
I4BECA32D,250019,250060
I4BECA32D,250799,250838
I4BECA32D,251256,251283
I4BECA32D,262873,262989
I4BECA32D,266444,266674
I4BECA32D,267160,267212
I4BECA32D,268571,268626
I4BECA32D,270097,270154
I4BECA32D,270271,270297
I4BECA32D,271864,271917
I4BECA32D,273949,274038
I4BECA32D,274102,274356
I4BECA32D,274786,274818
I4BECA32D,275206,275239
I4BECA32D,277312,277345
I4CAE7B8B,124,141
I4CAE7B8B,143,204
I4CAE7B8B,206,234
I4CAE7B8B,236,247
I4CAE7B8B,249,262
I4CAE7B8B,263,290
I4CAE7B8B,292,353
I4CAE7B8B,355,376
I4CAE7B8B,377,395
I4CAE7B8B,396,421
I4CAE7B8B,422,449
I4CAE7B8B,450,486
I4CAE7B8B,487,529
I4CAE7B8B,530,566
I4CAE7B8B,567,613
I4CAE7B8B,615,623
I4CAE7B8B,625,654
I4CAE7B8B,656,702
I4CAE7B8B,704,740
I4CAE7B8B,742,784
I4CAE7B8B,786,815
I4CAE7B8B,817,856
I4CAE7B8B,858,911
I4CAE7B8B,913,951
I4CAE7B8B,953,989
I4CAE7B8B,991,1024
I4CAE7B8B,1026,1044
I4CAE7B8B,1046,1064
I4CAE7B8B,1066,1094
I4CAE7B8B,1096,1116
I4CAE7B8B,1118,1166
I4CAE7B8B,1168,1214
I4CAE7B8B,1216,1242
I4CAE7B8B,1244,1279
I4CAE7B8B,1281,1303
I4CAE7B8B,1305,1341
I4CAE7B8B,1343,1369
I4CAE7B8B,1371,1405
I4CAE7B8B,1407,1444
I4CAE7B8B,1446,1480
I4CAE7B8B,1482,1516
I4CAE7B8B,1518,1540
I4CAE7B8B,1542,1564
I4CAE7B8B,1566,1585
I4CAE7B8B,1587,1609
I4CAE7B8B,1611,1635
I4CAE7B8B,1637,1662
I4CAE7B8B,1664,1679
I4CAE7B8B,1681,1698
I4CAE7B8B,1700,1741
I4CAE7B8B,1743,1783
I4CAE7B8B,1785,1823
I4CAE7B8B,1825,1855
I4CAE7B8B,1857,1904
I4CAE7B8B,1906,1946
I4CAE7B8B,1948,1963
I4CAE7B8B,1965,1994
I4CAE7B8B,1996,2012
I4CAE7B8B,2014,2035
I4CAE7B8B,2037,2060
I4CAE7B8B,2062,2086
I4CAE7B8B,2088,2113
I4CAE7B8B,2115,2145
I4CAE7B8B,2147,2176
I4CAE7B8B,2178,2215
I4CAE7B8B,2217,2245
I4CAE7B8B,2247,2274
I4CAE7B8B,2276,2332
I4CAE7B8B,2334,2350
I4CAE7B8B,2352,2382
I4CAE7B8B,2384,2421
I4CAE7B8B,2423,2459
I4CAE7B8B,2461,2500
I4CAE7B8B,2502,2536
I4CAE7B8B,2538,2568
I4CAE7B8B,2570,2586
I4CAE7B8B,2588,2624
I4CAE7B8B,2626,2653
I4CAE7B8B,2655,2680
I4CAE7B8B,2682,2717
I4CAE7B8B,2719,2745
I4CAE7B8B,2747,2795
I4CAE7B8B,2797,2808
I4CAE7B8B,2810,2822
I4CAE7B8B,2824,2859
I4CAE7B8B,2861,2890
I4CAE7B8B,2892,2925
I4CAE7B8B,2927,2964
I4CAE7B8B,2966,2995
I4CAE7B8B,2997,3035
I4CAE7B8B,3037,3047
I4CAE7B8B,3049,3083
I4CAE7B8B,3085,3100
I4CAE7B8B,3102,3128
I4CAE7B8B,3130,3155
I4CAE7B8B,3157,3172
I4CAE7B8B,3174,3200
I4CAE7B8B,3202,3227
I4CAE7B8B,3229,3264
I4CAE7B8B,3266,3305
I4CAE7B8B,3307,3346
I4CAE7B8B,3348,3374
I4CAE7B8B,3376,3391
I4CAE7B8B,3393,3410
I4CAE7B8B,3412,3434
I4CAE7B8B,3436,3457
I4CAE7B8B,3459,3480
I4CAE7B8B,3481,3505
I4CAE7B8B,3507,3543
I4CAE7B8B,3545,3577
I4CAE7B8B,3579,3638
I4CAE7B8B,3640,3708
I4CAE7B8B,3710,3748
I4CAE7B8B,3750,3782
I4CAE7B8B,3784,3816
I4CAE7B8B,3818,3864
I4CAE7B8B,3866,3911
I4CAE7B8B,3913,3936
I4CAE7B8B,3938,3972
I4CAE7B8B,3974,4026
I4CAE7B8B,4028,4083
I4CAE7B8B,4085,4117
I4CAE7B8B,4119,4152
I4CAE7B8B,4154,4169
I4CAE7B8B,4171,4189
I4CAE7B8B,9844,10048
I4CAE7B8B,10800,10821
I4CAE7B8B,10987,11294
I4CAE7B8B,12174,12227
I4CAE7B8B,12845,12866
I4CAE7B8B,13548,13567
I4CAE7B8B,14061,14123
I4CAE7B8B,15520,15549
I4CAE7B8B,16811,16842
I4CAE7B8B,17397,17429
I4CAE7B8B,18007,18048
I4CAE7B8B,18717,18768
I4CAE7B8B,19343,19385
I4CAE7B8B,20554,20664
I4CAE7B8B,20929,21104
I4CAE7B8B,21713,21747
I4CAE7B8B,22389,22424
I4CAE7B8B,23026,23056
I4CAE7B8B,23921,24196
I4CAE7B8B,24598,24622
I4CAE7B8B,25238,25289
I4CAE7B8B,25910,25948
I4CAE7B8B,26419,26444
I4CAE7B8B,26846,26900
I4CAE7B8B,27281,27319
I4CAE7B8B,27750,27793
I4CAE7B8B,28583,28631
I4CAE7B8B,29243,29277
I4CAE7B8B,30245,30292
I4CAE7B8B,30797,30857
I4CAE7B8B,31469,31515
I4CAE7B8B,32211,32253
I4CAE7B8B,32854,32892
I4CAE7B8B,33737,34042
I4CAE7B8B,35238,35276
I4CAE7B8B,36014,36051
I4CAE7B8B,36799,36825
I4CAE7B8B,37539,37580
I4CAE7B8B,37886,37922
I4CAE7B8B,38384,38416
I4CAE7B8B,38988,39042
I4CAE7B8B,39728,39756
I4CAE7B8B,41115,41153
I4CAE7B8B,42210,42239
I4CAE7B8B,43571,43690
I4CAE7B8B,44206,44250
I4CAE7B8B,46330,46386
I4CAE7B8B,47033,47065
I4CAE7B8B,47711,47892
I4CAE7B8B,49084,49107
I4CAE7B8B,52592,52612
I4CAE7B8B,53247,53535
I4CAE7B8B,54162,54198
I4CAE7B8B,54864,54916
I4CAE7B8B,56268,56321
I4CAE7B8B,56932,56988
I4CAE7B8B,57561,57769
I4CAE7B8B,58861,58909
I4CAE7B8B,59604,59646
I4CAE7B8B,60741,61050
I4CAE7B8B,62401,62428
I4CAE7B8B,62794,62824
I4CAE7B8B,63368,63422
I4CAE7B8B,63952,63968
I4CAE7B8B,64039,64056
I4CAE7B8B,64194,64212
I4CAE7B8B,64277,64291
I4CAE7B8B,64479,64496
I4CAE7B8B,65567,65583
I4CAE7B8B,67165,67276
I4CAE7B8B,67844,68067
I4CAE7B8B,69290,69446
I4CAE7B8B,70121,70165
I4CAE7B8B,71485,71615
I4CAE7B8B,72384,72445
I4CAE7B8B,73091,73110
I4CAE7B8B,73695,73711
I4CAE7B8B,74258,74278
I4CAE7B8B,74866,74881
I4CAE7B8B,75893,75909
I4CAE7B8B,77030,77063
I4CAE7B8B,77895,77948
I4CAE7B8B,81839,82086
I4CAE7B8B,83809,83945
I4CAE7B8B,90174,90246
I4CAE7B8B,93355,93396
I4CAE7B8B,98778,98866
I4CAE7B8B,104120,104170
I4CAE7B8B,105095,105126
I4CAE7B8B,107456,107488
I4CAE7B8B,108211,108241
I4CAE7B8B,111066,111101
I4CAE7B8B,111265,111530
I4CAE7B8B,133229,133247
I4CAE7B8B,134260,134278
I4CAE7B8B,135039,135057
I4CAE7B8B,135760,135777
I4CAE7B8B,136144,136162
I4CAE7B8B,136461,136479
I4CAE7B8B,136841,137137
I4CAE7B8B,137857,137997
I4CAE7B8B,139279,139306
I4CAE7B8B,140455,140488
I4CAE7B8B,142325,142512
I4CAE7B8B,144139,144173
I4CAE7B8B,146343,146379
I4CAE7B8B,149384,149521
I4CAE7B8B,150738,150931
I4CAE7B8B,152108,152144
I4CAE7B8B,152736,152770
I4CAE7B8B,154188,154322
I4CAE7B8B,156257,156297
I4CAE7B8B,159361,159418
I4CAE7B8B,160042,160081
I4CAE7B8B,163261,163325
I4CAE7B8B,163803,163893
I4CAE7B8B,164807,165126
I4CAE7B8B,165578,165626
I4CAE7B8B,166811,166854
I4CAE7B8B,168894,168933
I4CAE7B8B,170183,170281
I4CAE7B8B,171684,171764
I4CAE7B8B,172354,172557
I4CAE7B8B,172973,173047
I4CAE7B8B,175059,175181
I4CAE7B8B,176335,176367
I4CAE7B8B,177452,177498
I4CAE7B8B,178507,178552
I4CAE7B8B,179839,179911
I4CAE7B8B,181628,181802
I4CAE7B8B,183155,183221
I4CAE7B8B,184258,184281
I4CAE7B8B,185489,185542
I4CAE7B8B,186956,187034
I4CAE7B8B,188152,188178
I4CAE7B8B,189192,189333
I4CAE7B8B,190849,190891
I4CAE7B8B,191495,191525
I4CAE7B8B,192042,192082
I4CAE7B8B,196720,196812
I4CAE7B8B,197324,197343
I4CAE7B8B,201159,201355
I4CAE7B8B,206186,206352
I4CAE7B8B,207755,207786
I4CAE7B8B,214233,214445
I4CAE7B8B,219165,219194
I4CAE7B8B,219373,219413
I4CAE7B8B,232224,232497
I4CAE7B8B,235920,235972
I4CAE7B8B,238559,238580
I4CAE7B8B,239734,239791
I4CAE7B8B,240746,240931
I4CAE7B8B,241148,241189
I4CAE7B8B,243946,243967
I4E0DAA7C,1676,1778
I4E0DAA7C,9051,9521
I4E0DAA7C,9523,9549
I4E0DAA7C,23739,23948
I4E0DAA7C,24080,24126
I4E0DAA7C,25960,25978
I4E0DAA7C,30291,30330
I4E0DAA7C,36502,36533
I4E0DAA7C,45454,45585
I4E0DAA7C,47446,47474
I4E0DAA7C,47655,47872
I4E0DAA7C,69835,69901
I4E0DAA7C,70031,70046
I4E0DAA7C,70379,70415
I4E0DAA7C,73241,73299
I4E0DAA7C,73639,73736
I4E0DAA7C,74155,74381
I4E0DAA7C,78405,78445
I4E0DAA7C,81268,81468
I4E0DAA7C,82749,82865
I4E0DAA7C,83902,83931
I4E0DAA7C,84463,84497
I4E0DAA7C,84953,84973
I4E0DAA7C,86479,86540
I4E0DAA7C,111492,111583
I4E0DAA7C,124753,124776
I4E0DAA7C,130097,130135
I4E0DAA7C,130499,130536
I4E0DAA7C,131678,131708
I4E0DAA7C,137512,137547
I4E0DAA7C,137860,137892
I4E0DAA7C,139636,139928
I4E0DAA7C,140272,140293
I4E0DAA7C,140410,140434
I4E0DAA7C,140557,140585
I4E0DAA7C,142369,142384
I4E0DAA7C,142982,143042
I4E0DAA7C,143252,143285
I4E0DAA7C,143398,143411
I4E0DAA7C,143994,144143
I4E0DAA7C,146179,146332
I4E0DAA7C,146792,146817
I4E0DAA7C,147167,147191
I4E0DAA7C,148629,148654
I4E0DAA7C,148766,148791
I4E0DAA7C,148913,148936
I4E0DAA7C,149062,149090
I4E0DAA7C,149237,149262
I4E0DAA7C,149384,149407
I4E0DAA7C,149539,149565
I4E0DAA7C,150008,150067
I4E0DAA7C,150374,150400
I4E0DAA7C,150518,150556
I4E0DAA7C,150748,150777
I4E0DAA7C,151017,151025
I4E0DAA7C,151127,151136
I4E0DAA7C,151244,151251
I4E0DAA7C,151370,151378
I4E0DAA7C,151710,152116
I4E0DAA7C,152252,152268
I4E0DAA7C,152608,152623
I4E0DAA7C,152803,152820
I4E0DAA7C,152872,152882
I4E0DAA7C,153044,153052
I4E0DAA7C,153520,153540
I4E0DAA7C,153736,153759
I4E0DAA7C,153813,153835
I4E0DAA7C,154107,154119
I4E0DAA7C,154436,154456
I4E0DAA7C,154592,154616
I4E0DAA7C,154830,154849
I4E0DAA7C,154931,154954
I4E0DAA7C,155368,155395
I4E0DAA7C,155570,155602
I4E0DAA7C,155847,155863
I4E0DAA7C,155914,155928
I4E0DAA7C,156055,156074
I4E0DAA7C,156185,156207
I4E0DAA7C,156807,156822
I4E0DAA7C,157055,157072
I4E0DAA7C,157111,157121
I4E0DAA7C,157308,157317
I4E0DAA7C,159092,159112
I4E0DAA7C,159269,159291
I4E0DAA7C,159632,159657
I4E0DAA7C,159707,159719
I4E0DAA7C,159932,159952
I4E0DAA7C,160164,160191
I4E0DAA7C,160419,160438
I4E0DAA7C,160769,160792
I4E0DAA7C,160999,161026
I4E0DAA7C,161766,161798
I4E0DAA7C,162398,162414
I4E0DAA7C,162533,162551
I4E0DAA7C,162793,162809
I4E0DAA7C,163393,163408
I4E0DAA7C,163492,163509
I4E0DAA7C,163546,163556
I4E0DAA7C,163678,163686
I4E0DAA7C,165258,165278
I4E0DAA7C,165509,165531
I4E0DAA7C,165883,165896
I4E0DAA7C,166052,166064
I4E0DAA7C,166208,166228
I4E0DAA7C,166535,166563
I4E0DAA7C,167064,167083
I4E0DAA7C,167411,167434
I4E0DAA7C,169488,169515
I4E0DAA7C,170873,170905
I4E0DAA7C,172001,172017
I4E0DAA7C,172084,172096
I4E0DAA7C,172233,172251
I4E0DAA7C,172696,172717
I4E0DAA7C,173458,173474
I4E0DAA7C,173518,173533
I4E0DAA7C,173595,173612
I4E0DAA7C,173655,173665
I4E0DAA7C,173850,173858
I4E0DAA7C,174673,174718
I4E0DAA7C,175017,175054
I4E0DAA7C,175797,175817
I4E0DAA7C,176069,176080
I4E0DAA7C,176230,176250
I4E0DAA7C,176629,176656
I4E0DAA7C,176785,176808
I4E0DAA7C,177388,177420
I4E0DAA7C,177639,177655
I4E0DAA7C,177698,177712
I4E0DAA7C,177840,177858
I4EE8C636,2264,2668
I4EE8C636,2839,2868
I4EE8C636,3681,3740
I4EE8C636,4455,4476
I4EE8C636,5594,5612
I4EE8C636,5667,5685
I4EE8C636,5860,5901
I4EE8C636,6020,6072
I4EE8C636,6571,6589
I4EE8C636,6698,6797
I4EE8C636,8649,8722
I4EE8C636,9569,9586
I4EE8C636,10358,10374
I4EE8C636,15571,15685
I4EE8C636,16081,16161
I4EE8C636,18691,18916
I4EE8C636,23213,23262
I4EE8C636,24161,24299
I4EE8C636,30045,30095
I4EE8C636,35870,35906
I4EE8C636,36132,36272
I4EE8C636,37413,37677
I4EE8C636,37872,37939
I4EE8C636,42607,42625
I4EE8C636,46913,47037
I4EE8C636,47524,47566
I4EE8C636,54023,54225
I4EE8C636,59247,59287
I4EE8C636,59506,59582
I4EE8C636,61717,61817
I4EE8C636,65501,65524
I4EE8C636,66830,66851
I4EE8C636,71496,71660
I4EE8C636,73854,73879
I4EE8C636,78655,78685
I4EE8C636,84978,85010
I4EE8C636,87623,87809
I4EE8C636,89858,89893
I4EE8C636,95366,95397
I4EE8C636,97492,97645
I4EE8C636,98685,98728
I4EE8C636,102764,102805
I4EE8C636,106305,106443
I4EE8C636,109457,109523
I4EE8C636,112359,112386
I4EE8C636,112677,112828
I4EE8C636,113348,113487
I4EE8C636,121749,121805
I4EE8C636,134750,134776
I4EE8C636,136570,136728
I4EE8C636,141446,141477
I4EE8C636,143635,143675
I4EE8C636,146395,146792
I4EE8C636,153287,153321
I4EE8C636,173398,173412
I4EE8C636,176286,176327
I4EE8C636,178894,179066
I4EE8C636,183301,183324
I4EE8C636,183526,183764
I4EE8C636,189810,189825
I4EE8C636,190770,190793
I4EE8C636,191585,191600
I4EE8C636,193412,193876
I4EE8C636,197678,197917
I4EE8C636,201817,201880
I4EE8C636,201929,201990
I4EE8C636,212443,212461
I4EE8C636,221455,221483
I4EE8C636,228915,228955
I4EE8C636,229616,229707
I4EE8C636,230791,230816
I4EE8C636,230900,230996
I4EE8C636,246674,246710
I4EE8C636,248307,248336
I4EE8C636,248629,248668
I4EE8C636,255413,255432
I4EE8C636,255520,255756
I4EE8C636,255893,255933
I4EE8C636,256108,256209
I4EE8C636,257706,257826
I4EE8C636,258216,258232
I4EE8C636,258354,258739
I4EE8C636,261944,261982
I4EE8C636,262596,262609
I4EE8C636,262794,262950
I4EE8C636,264900,264918
I4EE8C636,266501,266564
I4EE8C636,266764,266973
I4EE8C636,268108,268146
I4EE8C636,269297,269356
I4EE8C636,271240,271268
I4EE8C636,273803,273831
I4EE8C636,274658,274675
I4EE8C636,274919,274933
I4EE8C636,277571,277617
I4EE8C636,277824,277857
I4EE8C636,278322,278354
I4EE8C636,280925,281032
I4EE8C636,281250,281414
I4EE8C636,285350,285374
I4EE8C636,286049,286084
I4EE8C636,286728,286858
I4EE8C636,287126,287153
I4EE8C636,287810,288034
I4EE8C636,292834,292859
I4EE8C636,294096,294125
I4EE8C636,296379,296394
I4EE8C636,301178,301370
I4EE8C636,305446,305476
I4EE8C636,306408,306613
I4EE8C636,306786,306802
I4EE8C636,306888,306906
I4EE8C636,307131,307149
I4EE8C636,307231,307430
I4EE8C636,308708,308753
I4EE8C636,314660,314881
I4EE8C636,314929,314978
I4EE8C636,315946,315964
I4EE8C636,342207,342235
I4EE8C636,355931,355959
I4EE8C636,369403,369433
I4EE8C636,372176,372202
I4EE8C636,372904,372923
I4EE8C636,373725,373764
I4EE8C636,383266,383456
I4EE8C636,383959,383981
I4EE8C636,392119,392149
I4EE8C636,395783,395901
I4EE8C636,396148,396164
I4EE8C636,396382,396400
I4EE8C636,396507,396525
I4EE8C636,396579,396711
I4EE8C636,396806,396923
I4EE8C636,397324,397429
I4EE8C636,400259,400303
I4EE8C636,405950,406073
I4EE8C636,406672,406693
I4FABF1F8,181,198
I4FABF1F8,200,253
I4FABF1F8,255,284
I4FABF1F8,286,311
I4FABF1F8,313,331
I4FABF1F8,333,345
I4FABF1F8,347,391
I4FABF1F8,393,433
I4FABF1F8,435,447
I4FABF1F8,449,470
I4FABF1F8,472,494
I4FABF1F8,496,509
I4FABF1F8,510,525
I4FABF1F8,527,548
I4FABF1F8,550,572
I4FABF1F8,574,598
I4FABF1F8,600,623
I4FABF1F8,625,677
I4FABF1F8,679,698
I4FABF1F8,700,731
I4FABF1F8,733,753
I4FABF1F8,755,776
I4FABF1F8,778,802
I4FABF1F8,804,828
I4FABF1F8,830,844
I4FABF1F8,846,898
I4FABF1F8,900,948
I4FABF1F8,950,995
I4FABF1F8,997,1044
I4FABF1F8,1046,1091
I4FABF1F8,1093,1140
I4FABF1F8,1142,1185
I4FABF1F8,1187,1208
I4FABF1F8,1210,1243
I4FABF1F8,1245,1289
I4FABF1F8,1291,1318
I4FABF1F8,1320,1350
I4FABF1F8,1352,1381
I4FABF1F8,1383,1406
I4FABF1F8,1408,1449
I4FABF1F8,1451,1500
I4FABF1F8,1502,1544
I4FABF1F8,1546,1590
I4FABF1F8,1592,1629
I4FABF1F8,1631,1668
I4FABF1F8,1670,1699
I4FABF1F8,1701,1724
I4FABF1F8,1726,1741
I4FABF1F8,1743,1766
I4FABF1F8,1768,1780
I4FABF1F8,1782,1795
I4FABF1F8,1797,1821
I4FABF1F8,1823,1830
I4FABF1F8,1832,1839
I4FABF1F8,1841,1852
I4FABF1F8,1854,1864
I4FABF1F8,1866,1878
I4FABF1F8,1880,1892
I4FABF1F8,1894,1904
I4FABF1F8,1906,1929
I4FABF1F8,1997,2031
I4FABF1F8,2033,2049
I4FABF1F8,2051,2088
I4FABF1F8,2090,2110
I4FABF1F8,2112,2132
I4FABF1F8,2134,2148
I4FABF1F8,2150,2171
I4FABF1F8,2173,2198
I4FABF1F8,7504,8213
I4FABF1F8,10057,10103
I4FABF1F8,12631,12822
I4FABF1F8,15170,15190
I4FABF1F8,19576,19598
I4FABF1F8,20621,20754
I4FABF1F8,24069,24114
I4FABF1F8,24885,24915
I4FABF1F8,25307,25498
I4FABF1F8,28457,28550
I4FABF1F8,33322,33344
I4FABF1F8,46420,46451
I4FABF1F8,47913,47943
I4FABF1F8,52340,52827
I4FABF1F8,54818,54874
I4FABF1F8,57415,57467
I4FABF1F8,59575,59628
I4FABF1F8,61693,61743
I4FABF1F8,74767,74821
I4FABF1F8,76791,76841
I4FABF1F8,84224,84471
I4FABF1F8,87719,87835
I4FABF1F8,102259,102310
I4FABF1F8,109371,109437
I4FABF1F8,113374,113397
I4FABF1F8,113657,113711
I4FABF1F8,117624,117673
I4FABF1F8,119610,119636
I4FABF1F8,122312,122330
I4FABF1F8,123536,123556
I4FABF1F8,126626,126670
I4FABF1F8,129805,129853
I4FABF1F8,130986,131024
I4FABF1F8,134136,134182
I4FABF1F8,135761,135795
I4FABF1F8,146224,146424
I4FABF1F8,147001,147027
I4FABF1F8,152132,152215
I4FABF1F8,155881,155899
I4FABF1F8,156655,156745
I4FABF1F8,156808,156831
I4FABF1F8,157012,157042
I4FABF1F8,157755,157817
I4FABF1F8,158070,158089
I4FABF1F8,158466,158484
I4FABF1F8,158888,158905
I4FABF1F8,160708,160728
I4FABF1F8,160929,160947
I4FABF1F8,161233,161248
I4FABF1F8,172178,172216
I4FABF1F8,174875,174920
I4FABF1F8,197113,197228
I4FABF1F8,198174,198208
I4FABF1F8,198710,198813
I4FABF1F8,216443,216475
I4FD99A33,1080,1097
I4FD99A33,1100,1175
I4FD99A33,1177,1219
I4FD99A33,1221,1252
I4FD99A33,1255,1281
I4FD99A33,1284,1303
I4FD99A33,1306,1358
I4FD99A33,1361,1383
I4FD99A33,1386,1408
I4FD99A33,1411,1427
I4FD99A33,1430,1459
I4FD99A33,1462,1528
I4FD99A33,1530,1560
I4FD99A33,1563,1603
I4FD99A33,1606,1639
I4FD99A33,1642,1677
I4FD99A33,1680,1716
I4FD99A33,1719,1748
I4FD99A33,1751,1797
I4FD99A33,1800,1831
I4FD99A33,1833,1871
I4FD99A33,1874,1911
I4FD99A33,1914,1953
I4FD99A33,1956,1990
I4FD99A33,1993,2028
I4FD99A33,2031,2047
I4FD99A33,2050,2066
I4FD99A33,2069,2087
I4FD99A33,2090,2114
I4FD99A33,2117,2139
I4FD99A33,2142,2164
I4FD99A33,2167,2191
I4FD99A33,2194,2214
I4FD99A33,2217,2229
I4FD99A33,2232,2243
I4FD99A33,2246,2302
I4FD99A33,2305,2320
I4FD99A33,2323,2337
I4FD99A33,2340,2353
I4FD99A33,2356,2372
I4FD99A33,2375,2388
I4FD99A33,2391,2416
I4FD99A33,2419,2454
I4FD99A33,2457,2496
I4FD99A33,2499,2535
I4FD99A33,2538,2551
I4FD99A33,2554,2595
I4FD99A33,2598,2634
I4FD99A33,2637,2649
I4FD99A33,2651,2665
I4FD99A33,2668,2681
I4FD99A33,2684,2696
I4FD99A33,2699,2730
I4FD99A33,2733,2769
I4FD99A33,2772,2810
I4FD99A33,2813,2837
I4FD99A33,2840,2890
I4FD99A33,2893,2925
I4FD99A33,2928,2952
I4FD99A33,2955,2989
I4FD99A33,2992,3020
I4FD99A33,3023,3047
I4FD99A33,3050,3078
I4FD99A33,3081,3124
I4FD99A33,3127,3189
I4FD99A33,3192,3217
I4FD99A33,3220,3239
I4FD99A33,3242,3266
I4FD99A33,3269,3302
I4FD99A33,3305,3342
I4FD99A33,3345,3384
I4FD99A33,3387,3424
I4FD99A33,3427,3448
I4FD99A33,3451,3474
I4FD99A33,3476,3501
I4FD99A33,3504,3536
I4FD99A33,3539,3586
I4FD99A33,3589,3635
I4FD99A33,3638,3706
I4FD99A33,3709,3746
I4FD99A33,3749,3760
I4FD99A33,3763,3817
I4FD99A33,3820,3864
I4FD99A33,3867,3933
I4FD99A33,3936,3958
I4FD99A33,3961,4019
I4FD99A33,4022,4080
I4FD99A33,4083,4102
I4FD99A33,4105,4114
I4FD99A33,4117,4151
I4FD99A33,4154,4196
I4FD99A33,4199,4248
I4FD99A33,4251,4313
I4FD99A33,4316,4382
I4FD99A33,4385,4450
I4FD99A33,4453,4471
I4FD99A33,12593,12634
I4FD99A33,13241,13273
I4FD99A33,13823,13848
I4FD99A33,33200,33277
I4FD99A33,34020,34050
I4FD99A33,35433,35457
I4FD99A33,36321,36379
I4FD99A33,37565,37585
I4FD99A33,38103,38201
I4FD99A33,39895,39920
I4FD99A33,44216,44242
I4FD99A33,52778,52808
I4FD99A33,53382,53416
I4FD99A33,55322,55361
I4FD99A33,60393,60422
I4FD99A33,60495,60527
I4FD99A33,61038,61070
I4FD99A33,62350,62386
I4FD99A33,64263,64295
I4FD99A33,77824,78008
I4FD99A33,78010,78024
I4FD99A33,78054,78068
I4FD99A33,78251,78267
I4FD99A33,78728,78759
I4FD99A33,80782,80805
I4FD99A33,80844,80866
I4FD99A33,81311,81335
I4FD99A33,85466,85495
I4FD99A33,87958,87977
I4FD99A33,89793,89813
I4FD99A33,90607,90630
I4FD99A33,94118,94137
I4FD99A33,94859,94887
I4FD99A33,97652,97662
I4FD99A33,100425,100474
I4FD99A33,100997,101039
I4FD99A33,102138,102180
I4FD99A33,103473,103509
I4FD99A33,104337,104364
I4FD99A33,105248,105289
I4FD99A33,105291,105322
I4FD99A33,106966,107013
I4FD99A33,107243,107287
I4FD99A33,107745,107765
I4FD99A33,108554,108602
I4FD99A33,113996,114038
I4FD99A33,115201,115246
I4FD99A33,117459,117494
I4FD99A33,117748,117766
I4FD99A33,118113,118130
I4FD99A33,122136,122302
I4FD99A33,123396,123657
I4FD99A33,123659,123717
I4FD99A33,127481,127617
I4FD99A33,127619,127681
I4FD99A33,129126,129183
I4FD99A33,130963,131159
I4FD99A33,131161,131191
I4FD99A33,131799,131922
I4FD99A33,132329,132349
I4FD99A33,132827,132858
I4FD99A33,133073,133101
I4FD99A33,133313,133351
I4FD99A33,135089,135186
I4FD99A33,135780,135796
I4FD99A33,136583,136598
I4FD99A33,137103,137142
I4FD99A33,137317,137445
I4FD99A33,137734,137766
I4FD99A33,138165,138210
I4FD99A33,139690,139815
I4FD99A33,142865,142902
I4FD99A33,145234,145264
I4FD99A33,152339,152371
I4FD99A33,157955,157987
I4FD99A33,159519,159546
I4FD99A33,161000,161125
I4FD99A33,161329,161369
I4FD99A33,161414,161471
I4FD99A33,161473,161501
I4FD99A33,162154,162184
I4FD99A33,163381,163551
I4FD99A33,163553,163566
I4FD99A33,165101,165132
I4FD99A33,165360,165466
I4FD99A33,166678,166698
I4FD99A33,167970,168000
I4FD99A33,169326,169368
I4FD99A33,169719,169757
I4FD99A33,172331,172368
I4FD99A33,172958,172997
I4FD99A33,175428,175555
I4FD99A33,175944,175968
I4FD99A33,176177,176211
I4FD99A33,176327,176355
I4FD99A33,176657,176682
I4FD99A33,177046,177106
I4FD99A33,178805,178837
I4FD99A33,180272,180301
I4FD99A33,185589,185626
I4FD99A33,193952,193989
I4FD99A33,208332,208506
I4FD99A33,208844,208905
I4FD99A33,210131,210183
I4FD99A33,211134,211240
I4FD99A33,220820,220849
I4FD99A33,225434,225497
I4FD99A33,226060,226140
I4FD99A33,232513,232535
I4FD99A33,234105,234121
I4FD99A33,239515,239548
I4FD99A33,253821,253913
I4FD99A33,258498,258581
I4FD99A33,272065,272145
I4FD99A33,274830,274877
I4FDF07E7,209,333
I4FDF07E7,335,361
I4FDF07E7,363,388
I4FDF07E7,390,419
I4FDF07E7,421,462
I4FDF07E7,464,493
I4FDF07E7,566,584
I4FDF07E7,608,651
I4FDF07E7,726,778
I4FDF07E7,780,858
I4FDF07E7,933,1021
I4FDF07E7,1103,1191
I4FDF07E7,1273,1360
I4FDF07E7,1441,1529
I4FDF07E7,1611,1698
I4FDF07E7,1779,1866
I4FDF07E7,1947,2034
I4FDF07E7,2115,2203
I4FDF07E7,2285,2373
I4FDF07E7,2454,2543
I4FDF07E7,2625,2713
I4FDF07E7,2794,2880
I4FDF07E7,2959,3046
I4FDF07E7,3126,3212
I4FDF07E7,3291,3378
I4FDF07E7,3458,3545
I4FDF07E7,3625,3712
I4FDF07E7,3792,3878
I4FDF07E7,3957,4044
I4FDF07E7,4124,4211
I4FDF07E7,4291,4379
I4FDF07E7,4460,4548
I4FDF07E7,4629,4716
I4FDF07E7,4796,4884
I4FDF07E7,4965,5053
I4FDF07E7,5135,5219
I4FDF07E7,5300,5383
I4FDF07E7,5424,5507
I4FDF07E7,5548,5632
I4FDF07E7,5675,5784
I4FDF07E7,5820,5896
I4FDF07E7,5932,6005
I4FDF07E7,6038,6120
I4FDF07E7,6162,6238
I4FDF07E7,6274,6347
I4FDF07E7,6380,6456
I4FDF07E7,6492,6643
I4FDF07E7,8592,8691
I4FDF07E7,8844,8947
I4FDF07E7,9074,9207
I4FDF07E7,9477,9541
I4FDF07E7,9649,9669
I5048861E,226,506
I5048861E,538,558
I5048861E,635,655
I5048861E,702,822
I5048861E,4478,4611
I5048861E,4722,4836
I5048861E,4936,5054
I5048861E,5179,5388
I5048861E,5984,6172
I5048861E,6234,6494
I5048861E,6634,6837
I5048861E,6967,7235
I5048861E,7429,7650
I5048861E,7925,8126
I5048861E,8306,8575
I5048861E,8814,9064
I5048861E,9295,9737
I5048861E,10165,10699
I5048861E,11115,11440
I5048861E,11741,11998
I5048861E,12212,12644
I5048861E,13230,13730
I5048861E,14519,14916
I5048861E,15480,16073
I5048861E,16990,17528
I5048861E,18161,18447
I5048861E,18704,21269
I5048861E,24128,24318
I5048861E,24806,25214
I5048861E,25607,25679
I5048861E,25829,25848
I5048861E,25920,25949
I5048861E,25995,26016
I5134B437,5758,5864
I5134B437,9868,9962
I5134B437,9964,10059
I5134B437,248481,248510
I5134B437,248834,248858
I5134B437,249254,249274
I5134B437,249511,249543
I5134B437,249641,249669
I5134B437,249804,249836
I5134B437,255657,255681
I5134B437,256035,256067
I5134B437,256344,256372
I5134B437,256659,256691
I518A01A8,133,150
I518A01A8,152,215
I518A01A8,217,238
I518A01A8,239,269
I518A01A8,271,294
I518A01A8,296,329
I518A01A8,331,379
I518A01A8,381,399
I518A01A8,401,432
I518A01A8,434,474
I518A01A8,476,494
I51B9FE5F,1381,2284
I51B9FE5F,3630,3676
I51B9FE5F,4311,4491
I51B9FE5F,4713,4733
I51B9FE5F,6689,6711
I51B9FE5F,10533,10655
I51B9FE5F,10843,11003
I51B9FE5F,13613,13682
I51B9FE5F,15914,15936
I51B9FE5F,20288,20324
I51B9FE5F,21878,21924
I51B9FE5F,28177,28273
I51B9FE5F,29524,29940
I51B9FE5F,31276,31328
I51B9FE5F,32510,32563
I51B9FE5F,33406,33460
I51B9FE5F,34858,34908
I51B9FE5F,36504,36558
I51B9FE5F,39305,39355
I51B9FE5F,43329,43439
I51B9FE5F,45613,45636
I51B9FE5F,59123,59290
I51B9FE5F,60523,60549
I51B9FE5F,61347,61380
I51B9FE5F,61681,61702
I51B9FE5F,63837,63931
I51B9FE5F,64680,64705
I51B9FE5F,67855,68145
I51B9FE5F,70559,70586
I51B9FE5F,72527,72552
I51B9FE5F,73495,73521
I51B9FE5F,75488,75517
I51B9FE5F,79698,79793
I51B9FE5F,80968,81124
I51B9FE5F,82931,82955
I51B9FE5F,83393,83416
I51B9FE5F,83871,83993
I51B9FE5F,84026,84048
I51B9FE5F,84174,84204
I51B9FE5F,84313,84374
I51B9FE5F,84627,84645
I51B9FE5F,84876,84891
I51B9FE5F,85329,85380
I51B9FE5F,85532,85551
I51B9FE5F,85833,85849
I51B9FE5F,94199,94236
I51B9FE5F,97890,98127
I51B9FE5F,125552,125747
I51B9FE5F,128068,128208
I51B9FE5F,131225,131256
I51B9FE5F,135124,135228
I51B9FE5F,135716,135733
I51B9FE5F,136027,136036
I51B9FE5F,139415,139450
I51B9FE5F,141259,141344
I51B9FE5F,141764,141787
I51B9FE5F,151016,151140
I51B9FE5F,151500,151523
I51B9FE5F,162717,162814
I51B9FE5F,162925,163119
I51B9FE5F,166813,166859
I51B9FE5F,172404,172497
I51B9FE5F,172709,172851
I51B9FE5F,201160,201308
I51B9FE5F,210800,211115
I51B9FE5F,225092,225146
I51B9FE5F,229376,229428
I51B9FE5F,247963,248125
I51B9FE5F,248847,248872
I51B9FE5F,252724,252776
I52248444,920,937
I52248444,939,1006
I52248444,1008,1043
I52248444,1045,1065
I52248444,1067,1088
I52248444,1090,1099
I52248444,1100,1110
I52248444,1112,1123
I52248444,1125,1137
I52248444,1139,1161
I52248444,1163,1183
I52248444,1185,1193
I52248444,1195,1210
I52248444,1212,1226
I52248444,1228,1240
I52248444,1242,1258
I52248444,1260,1276
I52248444,1278,1292
I52248444,1294,1316
I52248444,1317,1341
I52248444,1343,1382
I52248444,1384,1431
I52248444,1433,1473
I52248444,1475,1493
I52248444,1495,1537
I52248444,1539,1566
I52248444,1568,1589
I52248444,1591,1613
I52248444,1615,1634
I52248444,1636,1653
I52248444,1655,1671
I52248444,1673,1694
I52248444,1696,1717
I52248444,1719,1739
I52248444,1741,1749
I52248444,1751,1764
I52248444,1766,1799
I52248444,1801,1812
I52248444,1814,1826
I52248444,1828,1846
I52248444,1848,1870
I52248444,1872,1895
I52248444,1897,1912
I52248444,1914,1931
I52248444,1933,1962
I52248444,1964,1987
I52248444,1989,2006
I52248444,2008,2026
I52248444,2028,2047
I52248444,2049,2068
I52248444,2070,2097
I52248444,2099,2122
I52248444,2124,2134
I52248444,2135,2146
I52248444,2147,2157
I52248444,2158,2170
I52248444,2172,2186
I52248444,2188,2205
I52248444,2207,2217
I52248444,2219,2246
I52248444,2248,2304
I52248444,2306,2321
I52248444,2323,2338
I52248444,2340,2351
I52248444,2353,2365
I52248444,2367,2380
I52248444,2382,2390
I52248444,2392,2439
I52248444,2441,2492
I52248444,2494,2515
I52248444,2517,2534
I52248444,2536,2554
I52248444,2556,2574
I52248444,2576,2590
I52248444,2592,2604
I52248444,2606,2626
I52248444,2628,2647
I52248444,2649,2679
I52248444,2681,2705
I52248444,2707,2745
I52248444,2747,2768
I52248444,2770,2791
I52248444,2793,2810
I52248444,2812,2881
I52248444,2883,2896
I52248444,2898,2926
I52248444,2928,2976
I52248444,2978,2990
I52248444,2992,3010
I52248444,3012,3035
I52248444,3037,3065
I52248444,3067,3087
I52248444,3089,3108
I52248444,3110,3153
I52248444,3155,3176
I52248444,3178,3205
I52248444,3207,3233
I52248444,3235,3247
I52248444,3249,3269
I52248444,3271,3291
I52248444,3293,3312
I52248444,3314,3332
I52248444,3334,3345
I52248444,3347,3386
I52248444,3388,3405
I52248444,3407,3463
I52248444,3464,3477
I52248444,3479,3510
I52248444,3512,3562
I52248444,3564,3628
I52248444,3630,3659
I52248444,3661,3714
I52248444,3716,3737
I52248444,3739,3774
I52248444,3776,3807
I52248444,3809,3821
I52248444,3823,3837
I52248444,3839,3857
I52248444,3859,3904
I52248444,3906,3920
I52248444,3922,3950
I52248444,3952,3968
I52248444,3970,3987
I52248444,3989,4005
I52248444,4007,4029
I52248444,4031,4050
I52248444,4052,4067
I52248444,4069,4082
I52248444,4084,4097
I52248444,4099,4131
I52248444,4133,4146
I52248444,4148,4159
I52248444,4161,4182
I52248444,4184,4208
I52248444,4210,4221
I52248444,4223,4241
I52248444,4243,4261
I52248444,4262,4293
I52248444,9889,10167
I52248444,10768,10861
I52248444,12851,12940
I52248444,18387,18528
I52248444,18999,19176
I52248444,19351,19371
I52248444,19514,19532
I52248444,19584,19605
I52248444,19897,19917
I52248444,20052,20072
I52248444,20153,20168
I52248444,21370,21400
I52248444,21544,21756
I52248444,24104,24140
I52248444,24460,24497
I52248444,25487,25504
I52248444,25702,25733
I52248444,28115,28151
I52248444,28392,28418
I52248444,28751,28779
I52248444,29107,29132
I52248444,29617,29691
I52248444,30567,30596
I52248444,32304,32331
I52248444,37045,37116
I52248444,37406,37427
I52248444,38001,38216
I52248444,41468,41589
I52248444,43449,43479
I52248444,45239,45270
I52248444,49034,49056
I52248444,50126,50149
I52248444,50720,50962
I52248444,51636,51663
I52248444,53404,53424
I52248444,55039,55072
I52248444,56049,56057
I52248444,56507,56516
I52248444,57761,57889
I52248444,64032,64049
I52248444,65844,65879
I52248444,68222,68241
I52248444,69862,69963
I52248444,70514,70532
I52248444,71708,71784
I52248444,75404,75429
I52248444,77572,77708
I52248444,79952,80009
I52248444,80549,80615
I52248444,81301,81335
I52248444,134145,134314
I52248444,135596,135684
I52248444,139643,139752
I52248444,144142,144203
I52248444,144608,144627
I52248444,145285,145304
I52248444,145745,145764
I52248444,148398,148440
I52248444,152219,152541
I52248444,154322,154338
I52248444,154872,154885
I52248444,155337,155352
I52248444,156480,156596
I52248444,161011,161040
I52248444,163261,163299
I52248444,167597,167911
I52248444,168400,168428
I52248444,169731,170070
I52248444,170507,170524
I52248444,170882,170907
I52248444,171205,171361
I52248444,172052,172087
I52248444,173560,173654
I52248444,178618,178645
I52248444,180454,180569
I52248444,180621,180647
I52248444,180808,180825
I52248444,190804,190905
I52248444,195423,195846
I52248444,198540,198647
I52248444,199527,199552
I52248444,200718,200755
I52248444,205971,206040
I52248444,208016,208402
I52248444,209358,209399
I52248444,210680,210975
I52248444,213809,213831
I52248444,214033,214153
I52248444,217391,217416
I52248444,217758,217791
I52248444,219100,219198
I52248444,219938,220041
I52248444,220170,220191
I52248444,220438,220478
I52248444,222193,222355
I52248444,226077,226109
I52248444,226694,226721
I52248444,228624,228647
I54375004,913,941
I54375004,6862,6956
I54375004,7335,7359
I54375004,7874,7901
I54375004,8495,8526
I54375004,9121,9148
I54375004,10583,10607
I54375004,17000,17029
I54375004,24313,24387
I54375004,24721,24736
I54375004,26160,26172
I54375004,26344,26357
I54375004,26488,26502
I54375004,26679,26693
I54375004,26859,26876
I54375004,27008,27023
I54375004,27653,27689
I54375004,32593,32660
I54375004,44581,44633
I54375004,55417,55462
I54375004,62516,62540
I54375004,70715,70775
I54375004,74771,74795
I54375004,89474,89496
I55D7A55C,237,291
I55D7A55C,446,471
I55D7A55C,634,663
I55D7A55C,833,859
I55D7A55C,1025,1049
I55D7A55C,1201,1217
I55D7A55C,1368,1384
I55D7A55C,1533,1550
I55D7A55C,1703,1717
I55D7A55C,1866,1884
I55D7A55C,2032,2048
I55D7A55C,2205,2223
I55D7A55C,2375,2394
I55D7A55C,2546,2564
I55D7A55C,2723,2739
I55D7A55C,2895,2912
I55D7A55C,3067,3086
I55D7A55C,3239,3254
I55D7A55C,3412,3430
I55D7A55C,3575,3589
I55D7A55C,3734,3750
I55D7A55C,3896,3917
I55D7A55C,4072,4086
I55D7A55C,4230,4244
I55D7A55C,4395,4414
I55D7A55C,4574,4597
I55D7A55C,4753,4777
I55D7A55C,4938,4957
I55D7A55C,5112,5128
I55D7A55C,5273,5284
I55D7A55C,5437,5454
I55D7A55C,5601,5613
I55D7A55C,5777,5792
I55D7A55C,5936,5949
I55D7A55C,6102,6121
I55D7A55C,6277,6296
I55D7A55C,6445,6455
I55D7A55C,6617,6664
I55D7A55C,6808,6832
I55D7A55C,6989,7031
I55D7A55C,7388,7415
I55D7A55C,7654,7697
I55D7A55C,7849,7872
I55D7A55C,8025,8058
I55D7A55C,8214,8229
I55D7A55C,8394,8407
I55D7A55C,8553,8573
I55D7A55C,8724,8740
I55D7A55C,8902,8918
I55D7A55C,9149,9169
I55D7A55C,9323,9334
I55D7A55C,9484,9495
I55D7A55C,9649,9661
I55D7A55C,9816,9828
I55D7A55C,9990,10008
I55D7A55C,10157,10173
I55D7A55C,10376,10398
I55D7A55C,10558,10583
I55D7A55C,10703,10736
I55D7A55C,10910,10943
I55D7A55C,11098,11131
I55D7A55C,11285,11317
I55D7A55C,11476,11485
I55D7A55C,11642,11660
I55D7A55C,11804,11824
I55D7A55C,11981,12003
I55D7A55C,12152,12172
I55D7A55C,12321,12344
I55D7A55C,12495,12514
I55D7A55C,12674,12694
I55D7A55C,12845,12864
I55D7A55C,13018,13091
I55D7A55C,13248,13282
I55D7A55C,13443,13476
I55D7A55C,13633,13701
I55D7A55C,13855,13885
I55D7A55C,14037,14080
I55D7A55C,14238,14258
I55D7A55C,14409,14428
I55D7A55C,14599,14615
I55D7A55C,14771,14785
I55D7A55C,14945,14961
I55D7A55C,15122,15169
I55D7A55C,15325,15353
I55D7A55C,15510,15520
I55D7A55C,15669,15683
I55D7A55C,15837,15850
I55D7A55C,16004,16015
I55D7A55C,16171,16206
I55D7A55C,16360,16377
I55D7A55C,16533,16551
I55D7A55C,16710,16727
I55D7A55C,16883,16906
I55D7A55C,17059,17079
I55D7A55C,17230,17252
I55D7A55C,17402,17426
I55D7A55C,17593,17617
I55D7A55C,17775,17800
I55D7A55C,17954,17982
I55D7A55C,18133,18145
I55D7A55C,18293,18309
I55D7A55C,18467,18487
I55D7A55C,18636,18648
I55D7A55C,18797,18810
I55D7A55C,18970,19000
I55D7A55C,19156,19169
I55D7A55C,19329,19354
I55D7A55C,19495,19512
I55D7A55C,19671,19703
I55D7A55C,19860,19886
I55D7A55C,20044,20061
I55D7A55C,20223,20258
I55D7A55C,20421,20441
I55D7A55C,20602,20635
I55D7A55C,20796,20811
I55D7A55C,20974,20985
I55D7A55C,21130,21144
I55D7A55C,21304,21319
I55D7A55C,21482,21496
I55D7A55C,21655,21670
I55D7A55C,21838,21854
I55D7A55C,22020,22041
I55D7A55C,22200,22223
I55D7A55C,22378,22393
I55D7A55C,22549,22567
I55D7A55C,22729,22745
I55D7A55C,22907,22945
I55D7A55C,23105,23117
I55D7A55C,23277,23293
I55D7A55C,23455,23492
I55D7A55C,23651,23671
I55D7A55C,23831,23855
I55D7A55C,24012,24030
I55D7A55C,24187,24201
I55D7A55C,24362,24381
I55D7A55C,24535,24556
I55D7A55C,24722,24740
I55D7A55C,24900,24919
I55D7A55C,25076,25132
I55D7A55C,25287,25315
I55D7A55C,25464,25492
I55D7A55C,25640,25667
I55D7A55C,25826,25854
I55D7A55C,26011,26056
I55D7A55C,26202,26221
I55D7A55C,26391,26427
I55D7A55C,26585,26597
I55D7A55C,26752,26761
I55D7A55C,26913,26928
I55D7A55C,27093,27116
I55D7A55C,27265,27279
I55D7A55C,27430,27453
I55D7A55C,27616,27665
I55D7A55C,27817,27845
I55D7A55C,27991,28019
I55D7A55C,28178,28216
I55D7A55C,28372,28389
I55D7A55C,28543,28593
I55D7A55C,28750,28780
I55D7A55C,28936,28966
I55D7A55C,29122,29140
I55D7A55C,29300,29318
I55D7A55C,29473,29518
I55D7A55C,29683,29702
I55D7A55C,29846,29868
I575514A8,126,136
I575514A8,138,146
I575514A8,148,164
I575514A8,166,176
I575514A8,178,193
I575514A8,195,211
I575514A8,213,240
I575514A8,242,290
I575514A8,292,371
I575514A8,373,435
I575514A8,437,471
I575514A8,473,521
I575514A8,523,574
I575514A8,576,639
I575514A8,641,699
I575514A8,701,786
I575514A8,788,876
I575514A8,878,994
I575514A8,996,1082
I575514A8,1084,1150
I575514A8,1152,1198
I575514A8,1200,1279
I575514A8,1281,1337
I575514A8,1339,1411
I575514A8,1413,1532
I575514A8,1534,1664
I575514A8,1666,1697
I575514A8,4737,5164
I575514A8,5616,5661
I575514A8,6589,6721
I575514A8,7624,7643
I575514A8,8092,8128
I575514A8,8881,8898
I575514A8,9431,9801
I575514A8,11428,11456
I575514A8,11776,11932
I575514A8,12323,12450
I575514A8,13527,13657
I575514A8,13966,13999
I575514A8,14832,14860
I575514A8,15218,15369
I575514A8,15512,15795
I575514A8,18515,18599
I575514A8,20333,20365
I575514A8,20856,21031
I575514A8,24125,24161
I575514A8,24823,25012
I575514A8,25784,25809
I575514A8,26692,26722
I575514A8,30801,30829
I575514A8,34807,34835
I575514A8,35321,35437
I575514A8,36545,36579
I575514A8,37373,37397
I575514A8,38219,38446
I575514A8,39012,39047
I575514A8,39796,39840
I575514A8,40054,40106
I575514A8,41067,41117
I575514A8,42388,42469
I575514A8,43250,43314
I575514A8,43549,43585
I575514A8,43784,43834
I575514A8,44029,44079
I575514A8,44278,44343
I575514A8,44538,44598
I575514A8,44786,44873
I575514A8,45065,45154
I575514A8,45344,45461
I575514A8,47454,47541
I575514A8,47984,48051
I575514A8,48561,48630
I575514A8,49828,49908
I575514A8,51219,51276
I575514A8,52196,52269
I575514A8,53542,53662
I575514A8,54238,54369
I577D1677,848,1003
I577D1677,11396,11565
I577D1677,13172,13187
I577D1677,14133,14185
I577D1677,24010,24213
I577D1677,24923,24948
I577D1677,28466,28515
I577D1677,28692,28753
I577D1677,29218,29278
I577D1677,31081,31121
I577D1677,34661,34722
I57BB7B28,4774,5012
I57BB7B28,5911,6209
I57BB7B28,8491,8519
I57BB7B28,9596,10210
I57BB7B28,17134,17672
I57BB7B28,18476,18534
I57BB7B28,19529,19586
I57BB7B28,20371,20426
I57BB7B28,26812,26873
I57BB7B28,27715,27799
I57BB7B28,29944,30263
I57BB7B28,31487,31535
I57BB7B28,31937,31975
I57BB7B28,33920,34383
I57BB7B28,35785,35847
I57BB7B28,38253,38312
I57BB7B28,39839,39903
I57BB7B28,41185,41299
I57BB7B28,41550,41769
I57BB7B28,43924,43978
I57BB7B28,50618,50865
I57BB7B28,53445,53461
I57BB7B28,55896,56185
I57BB7B28,58651,58730
I57BB7B28,59523,59620
I57BB7B28,60395,60582
I57BB7B28,60808,60897
I57BB7B28,61669,61722
I57BB7B28,62724,62735
I57BB7B28,63083,63090
I57BB7B28,64981,65012
I57BB7B28,65165,65191
I57BB7B28,65407,65443
I57BB7B28,65839,65868
I57BB7B28,66572,66650
I57BB7B28,67711,67796
I57BB7B28,70380,70434
I57BB7B28,72025,72046
I57BB7B28,75373,75382
I57BB7B28,76453,76462
I57BB7B28,77288,77363
I57BB7B28,77767,78303
I57BB7B28,79210,79249
I57BB7B28,79791,79959
I57BB7B28,80896,80959
I57BB7B28,81573,81777
I57BB7B28,82486,82663
I57BB7B28,83762,83804
I57BB7B28,84611,84753
I57BB7B28,85216,85293
I57BB7B28,85900,86191
I57BB7B28,89157,89195
I57BB7B28,91004,91060
I57BB7B28,92031,92061
I57BB7B28,92215,92300
I57BB7B28,92643,92677
I57BB7B28,93397,93581
I57BB7B28,95172,95261
I57BB7B28,95595,95614
I57BB7B28,95871,96118
I57BB7B28,96676,96702
I57BB7B28,97444,97617
I57BB7B28,98025,98034
I57BB7B28,98322,98331
I57BB7B28,98985,99080
I57BB7B28,102807,102926
I57BB7B28,103640,103696
I57BB7B28,104824,104853
I57BB7B28,106503,106531
I57BB7B28,107643,107667
I57BB7B28,108785,108804
I57BB7B28,109373,109428
I57BB7B28,109825,109843
I57BB7B28,114459,114525
I57BB7B28,114947,114990
I57BB7B28,115351,115373
I57BB7B28,119283,119307
I57BB7B28,119535,119561
I57BB7B28,119848,119877
I57BB7B28,120065,120090
I57BB7B28,120292,120316
I57BB7B28,120439,120471
I57BB7B28,120634,120666
I57BB7B28,120856,120895
I57BB7B28,121202,121226
I57BB7B28,127355,127422
I57BB7B28,127928,127990
I57BB7B28,128859,128894
I57BB7B28,129062,129095
I57BB7B28,129169,129207
I57BB7B28,129480,129520
I57BB7B28,129668,129696
I57BB7B28,129811,129851
I57BB7B28,130021,130069
I57BB7B28,130249,130302
I57BB7B28,131024,131067
I57BB7B28,131707,131734
I57BB7B28,132120,132159
I57BB7B28,132415,132457
I57BB7B28,132682,132708
I57BB7B28,132952,132981
I57BB7B28,133119,133157
I57BB7B28,133287,133322
I57BB7B28,133471,133499
I57BB7B28,133655,133695
I57BB7B28,134226,134277
I57BB7B28,134448,134495
I57BB7B28,134643,134678
I57BB7B28,134840,134871
I57BB7B28,134976,135007
I57BB7B28,135159,135201
I57BB7B28,135393,135434
I57BB7B28,135573,135610
I57BB7B28,135732,135768
I57BB7B28,136394,136424
I57BB7B28,136844,136881
I57BB7B28,137015,137069
I57BB7B28,137266,137297
I57BB7B28,137783,137816
I57BB7B28,138047,138081
I57BB7B28,138312,138350
I57BB7B28,138682,138724
I57BB7B28,139355,139397
I57BB7B28,140387,140439
I57BB7B28,140848,140899
I57BB7B28,141091,141143
I57BB7B28,141290,141332
I57BB7B28,141517,141548
I57BB7B28,141735,141775
I57BB7B28,141855,141904
I57BB7B28,142017,142047
I57BB7B28,142147,142182
I57BB7B28,142258,142295
I57BB7B28,153144,153193
I57BB7B28,153513,153531
I57BB7B28,154817,154867
I57BB7B28,155168,155218
I57BB7B28,155868,155903
I57BB7B28,156993,157021
I57BB7B28,157597,157620
I57BB7B28,158202,158222
I57BB7B28,159228,159263
I57BB7B28,160061,160086
I57BB7B28,161169,161193
I57BB7B28,161480,161510
I57BB7B28,161632,161668
I57BB7B28,165853,165881
I57BB7B28,174672,174690
I57BB7B28,177641,177659
I57BB7B28,180189,180227
I57BB7B28,183095,183116
I57BB7B28,183118,188963
I57BB7B28,188965,188990
I57BB7B28,189768,189789
I57BB7B28,194640,194681
I57BB7B28,196018,196042
I57BB7B28,198360,198570
I57BB7B28,199025,199111
I57BB7B28,199563,199625
I57BB7B28,199784,199845
I57BB7B28,199909,199927
I57BB7B28,200190,200212
I57BB7B28,200247,200266
I57BB7B28,200426,200470
I57BB7B28,201626,201651
I57BB7B28,202763,202823
I57BB7B28,203194,203357
I57BB7B28,204576,204790
I57BB7B28,205656,205699
I57BB7B28,207294,207386
I57BB7B28,208175,208476
I57BB7B28,210272,210497
I57BB7B28,211077,211117
I57BB7B28,211863,211888
I57BB7B28,212893,212925
I57BB7B28,212996,213133
I57BB7B28,216292,216369
I57BB7B28,218427,218533
I57BB7B28,219325,219344
I57BB7B28,221430,221543
I57BB7B28,221631,221640
I57BB7B28,221803,221816
I57BB7B28,222235,222249
I57BB7B28,224093,224144
I57BB7B28,225867,225917
I57BB7B28,227552,227730
I57BB7B28,228243,228280
I57BB7B28,230322,230383
I57BB7B28,232728,232973
I57BB7B28,236016,236070
I57BB7B28,244805,245018
I57BB7B28,247488,247545
I57BB7B28,247745,247842
I57BB7B28,249547,249576
I57BB7B28,251526,251546
I57BB7B28,258263,258368
I57BB7B28,259563,259660
I57BB7B28,260301,260320
I57BB7B28,260888,260897
I57BB7B28,261029,261038
I57BB7B28,262455,262463
I57BB7B28,262940,262949
I57BB7B28,264467,264476
I57BB7B28,266081,266161
I57BB7B28,277433,277442
I57BB7B28,278482,278491
I57BB7B28,281565,281574
I57BB7B28,283575,283759
I57BB7B28,285878,285923
I57BB7B28,286844,286950
I57BB7B28,289245,289288
I57BB7B28,291993,292041
I57BB7B28,294051,294095
I57BB7B28,295130,295379
I57BB7B28,296234,296253
I57BB7B28,296382,296400
I57BB7B28,297149,297168
I57BB7B28,297807,297823
I57BB7B28,298062,298083
I57BB7B28,299045,299160
I57BB7B28,299603,299675
I57BB7B28,300251,300310
I57BB7B28,302209,302228
I57BB7B28,303518,303534
I57BB7B28,304829,304849
I57BB7B28,306232,306247
I57BB7B28,308129,308145
I57BB7B28,316663,316856
I57BB7B28,317026,317044
I57BB7B28,318687,318705
I57BB7B28,320421,320603
I57BB7B28,322650,322707
I57BB7B28,323352,323405
I57BB7B28,326714,326813
I57BB7B28,328251,328277
I57BB7B28,329571,329592
I57BB7B28,331877,331930
I57BB7B28,332083,332236
I57BB7B28,334319,334354
I57BB7B28,335845,335920
I57BB7B28,343273,343393
I57BB7B28,344967,345001
I57BB7B28,346211,346373
I57BB7B28,347544,347583
I57BB7B28,348450,348497
I57BB7B28,352621,352854
I57BB7B28,357631,357685
I57BB7B28,368492,368705
I57BB7B28,375640,375786
I57BB7B28,378338,378379
I57BB7B28,379459,379504
I57BB7B28,380632,380675
I57BB7B28,381060,381123
I57BB7B28,382764,382779
I57BB7B28,390663,390701
I57BB7B28,394932,394953
I57BB7B28,397859,397884
I57BB7B28,402334,402381
I57BB7B28,431349,431609
I57BB7B28,436111,436150
I57BB7B28,436227,436348
I57BB7B28,436406,436425
I57BB7B28,437612,437630
I57BB7B28,437856,437890
I57BB7B28,438758,438890
I57BB7B28,440105,440138
I57BB7B28,440414,440446
I57BB7B28,441786,441839
I57BB7B28,443137,443275
I57BB7B28,444115,444138
I57BB7B28,444225,444346
I57BB7B28,444540,444670
I57BB7B28,446295,446508
I57BB7B28,446917,446963
I57BB7B28,448061,448128
I57BB7B28,450714,450731
I57BB7B28,451608,451639
I57BB7B28,453562,453607
I57BB7B28,456049,456087
I57BB7B28,457024,457066
I57BB7B28,457452,457526
I57BB7B28,462373,462484
I57BB7B28,462979,463002
I57BB7B28,468400,468437
I57BB7B28,476534,476816
I57BB7B28,477289,477308
I57BB7B28,477645,477750
I57BB7B28,477975,477990
I57BB7B28,478090,478106
I57BB7B28,478181,478200
I57BB7B28,478598,478621
I57BB7B28,478680,478699
I57BB7B28,478772,478788
I57BB7B28,478985,479040
I57BB7B28,479525,479571
I57BB7B28,480685,480694
I57BB7B28,481299,481308
I57BB7B28,482844,482852
I57BB7B28,483066,483073
I57BB7B28,483880,483889
I57BB7B28,484927,484936
I57BB7B28,485493,485503
I57BB7B28,486089,486097
I57BB7B28,486466,486474
I57BB7B28,487892,487905
I57BB7B28,488319,488332
I57BB7B28,488781,488794
I57BB7B28,489318,489330
I57BB7B28,489872,490038
I57BB7B28,490145,490164
I57BB7B28,490385,490403
I57BB7B28,490521,490631
I57BB7B28,491953,491996
I57BB7B28,493314,493334
I57BB7B28,493717,493799
I57BB7B28,494345,494360
I57BB7B28,494674,494802
I57BB7B28,495146,495191
I57BB7B28,497796,497855
I57BB7B28,498105,498187
I57BB7B28,508104,508159
I57BB7B28,508456,508504
I57BB7B28,513650,513670
I57BB7B28,517025,517046
I57BB7B28,518937,518990
I57BB7B28,519146,519437
I57BB7B28,521482,521517
I57BB7B28,523495,523524
I57BB7B28,524267,524317
I57BB7B28,526040,526263
I57BB7B28,527172,527210
I57BB7B28,529750,529802
I57BB7B28,533522,533557
I57BB7B28,536113,536129
I57BB7B28,548082,548395
I57BB7B28,549240,549328
I57BB7B28,550549,550578
I57BB7B28,552026,552051
I57BB7B28,559612,559634
I57BB7B28,561751,561788
I57BB7B28,566204,566251
I57BB7B28,569332,569403
I57BB7B28,572308,572493
I57BB7B28,573304,573338
I57BB7B28,574153,574185
I57BB7B28,574802,574833
I57BB7B28,575108,575152
I587B7DED,1048,1211
I587B7DED,4452,4529
I587B7DED,6508,6588
I587B7DED,8926,9033
I587B7DED,11615,11731
I587B7DED,13838,13936
I587B7DED,16204,16213
I587B7DED,17923,17943
I5AEEE5CA,1804,2009
I5AEEE5CA,2126,2145
I5AEEE5CA,2254,2399
I5AEEE5CA,4490,4624
I5AEEE5CA,11094,11117
I5AEEE5CA,11830,12025
I5AEEE5CA,12645,12692
I5AEEE5CA,13286,13352
I5AEEE5CA,14301,14485
I5AEEE5CA,15495,15701
I5AEEE5CA,18770,18943
I5AEEE5CA,19393,19670
I5AEEE5CA,20588,20620
I5AEEE5CA,21388,21433
I5AEEE5CA,22449,22499
I5AEEE5CA,22960,23002
I5AEEE5CA,23424,23643
I5AEEE5CA,24189,24226
I5AEEE5CA,25483,25581
I5AEEE5CA,26584,26608
I5AEEE5CA,27592,27773
I5AEEE5CA,28202,28242
I5AEEE5CA,29029,29069
I5AEEE5CA,29489,30126
I5AEEE5CA,30551,30719
I5AEEE5CA,30773,30814
I5AEEE5CA,31309,31349
I5AEEE5CA,32577,32625
I5AEEE5CA,33206,33221
I5AEEE5CA,33401,33620
I5AEEE5CA,34497,34633
I5AEEE5CA,35061,35167
I5AEEE5CA,35549,35807
I5AEEE5CA,37238,37271
I5AEEE5CA,39956,39994
I5AEEE5CA,40681,40707
I5AEEE5CA,42059,42087
I5AEEE5CA,43067,43137
I5AEEE5CA,43791,43805
I5AEEE5CA,44380,44530
I5AEEE5CA,45847,45877
I5AEEE5CA,47241,47409
I5AEEE5CA,47791,47907
I5AEEE5CA,48286,48308
I5AEEE5CA,48619,48656
I5AEEE5CA,48971,49019
I5AEEE5CA,49341,49378
I5AEEE5CA,49782,49819
I5AEEE5CA,50075,50104
I5AEEE5CA,50338,50366
I5AEEE5CA,50678,50694
I5AEEE5CA,51089,51139
I5AEEE5CA,51141,51547
I5AEEE5CA,51549,51615
I5AEEE5CA,52028,52050
I5AEEE5CA,52800,52827
I5AEEE5CA,53809,53989
I5AEEE5CA,54265,54300
I5AEEE5CA,55131,55253
I5AEEE5CA,56242,56384
I5AEEE5CA,56577,56602
I5AEEE5CA,56844,56868
I5AEEE5CA,57059,57089
I5AEEE5CA,57261,57282
I5AEEE5CA,57653,57868
I5AEEE5CA,58737,58839
I5AEEE5CA,59877,59903
I5AEEE5CA,61208,61338
I5AEEE5CA,62667,62725
I5AEEE5CA,64217,64250
I5AEEE5CA,66323,66376
I5AEEE5CA,67249,67482
I5AEEE5CA,67620,67638
I5AEEE5CA,67936,67954
I5AEEE5CA,68315,68437
I5AEEE5CA,68854,68891
I5AEEE5CA,69154,69180
I5AEEE5CA,70160,70326
I5AEEE5CA,70785,70896
I5AEEE5CA,72137,72158
I5AEEE5CA,73425,73515
I5AEEE5CA,74242,74345
I5AEEE5CA,74647,74667
I5AEEE5CA,75140,75230
I5AEEE5CA,75468,75490
I5AEEE5CA,75859,75886
I5AEEE5CA,76974,77008
I5AEEE5CA,77093,77118
I5AEEE5CA,77270,77295
I5AEEE5CA,77377,77401
I5AEEE5CA,77759,77788
I5AEEE5CA,81512,81747
I5AEEE5CA,82190,82317
I5AEEE5CA,83094,83180
I5AEEE5CA,83729,83756
I5AEEE5CA,84438,84564
I5AEEE5CA,85096,85128
I5AEEE5CA,85462,85494
I5AEEE5CA,85908,86170
I5AEEE5CA,86172,86296
I5AEEE5CA,86298,86586
I5AEEE5CA,86588,87096
I5AEEE5CA,87098,87145
I5AEEE5CA,87147,87491
I5AEEE5CA,87493,87677
I5AEEE5CA,87679,88125
I5AEEE5CA,88127,88171
I5AEEE5CA,88173,89928
I5AEEE5CA,89930,89972
I5AEEE5CA,89974,91333
I5AEEE5CA,91335,91502
I5AEEE5CA,91504,91788
I5AEEE5CA,91941,92571
I5AEEE5CA,92573,92616
I5AEEE5CA,92618,92958
I5AEEE5CA,93202,93216
I5AEEE5CA,93218,93239
I5AEEE5CA,93241,95835
I5AEEE5CA,95837,95865
I5AEEE5CA,95867,96135
I5AEEE5CA,96262,96487
I5AEEE5CA,96601,96647
I5AEEE5CA,96649,96672
I5AEEE5CA,96675,97101
I5AEEE5CA,97309,97562
I5AEEE5CA,98717,98917
I5AEEE5CA,99957,99988
I5AEEE5CA,100753,100787
I5AEEE5CA,101297,101329
I5AEEE5CA,101913,101975
I5AEEE5CA,104277,104304
I5AEEE5CA,105391,105555
I5AEEE5CA,106167,106189
I5AEEE5CA,106747,106896
I5AEEE5CA,108597,108631
I5AEEE5CA,109659,109778
I5AEEE5CA,110476,110560
I5AEEE5CA,111151,111167
I5AEEE5CA,111233,111255
I5AEEE5CA,112447,112573
I5AEEE5CA,112763,112792
I5AEEE5CA,112916,112946
I5AEEE5CA,122175,122189
I5AEEE5CA,122659,122813
I5AEEE5CA,123185,123203
I5AEEE5CA,126108,126128
I5AEEE5CA,126536,126795
I5AEEE5CA,127154,127187
I5AEEE5CA,127815,127854
I5AEEE5CA,128539,128610
I5AEEE5CA,131188,131209
I5AEEE5CA,131663,132355
I5AEEE5CA,133134,133164
I5AEEE5CA,134402,134535
I5AEEE5CA,135371,135435
I5AEEE5CA,135686,135705
I5AEEE5CA,136283,136365
I5AEEE5CA,136639,136684
I5AEEE5CA,137321,137355
I5AEEE5CA,137830,137870
I5AEEE5CA,138236,138273
I5AEEE5CA,138449,138659
I5AEEE5CA,139236,139282
I5AEEE5CA,141197,141224
I5AEEE5CA,142063,142178
I5AEEE5CA,142685,142708
I5AEEE5CA,144049,144199
I5AEEE5CA,144870,144908
I5AEEE5CA,145120,145144
I5AEEE5CA,145525,145915
I5AEEE5CA,146232,146264
I5AEEE5CA,146767,146793
I5AEEE5CA,147494,147523
I5AEEE5CA,147833,147847
I5AEEE5CA,148095,148168
I5AEEE5CA,148309,148358
I5AEEE5CA,148452,148489
I5AEEE5CA,148571,148600
I5AEEE5CA,148817,148859
I5AEEE5CA,149307,149342
I5AEEE5CA,149619,149655
I5AEEE5CA,150130,150166
I5AEEE5CA,150318,150354
I5AEEE5CA,150639,150674
I5AEEE5CA,150942,151033
I5AEEE5CA,151382,151426
I5AEEE5CA,151665,151861
I5AEEE5CA,152204,152231
I5AEEE5CA,152471,152530
I5AEEE5CA,153053,153081
I5AEEE5CA,153650,153690
I5AEEE5CA,154063,154094
I5AEEE5CA,154311,154340
I5AEEE5CA,154605,154640
I5AEEE5CA,154779,154818
I5AEEE5CA,155346,155366
I5AEEE5CA,155557,155739
I5AEEE5CA,159341,159370
I5AEEE5CA,159895,159927
I5AEEE5CA,160332,160368
I5AEEE5CA,160622,160818
I5AEEE5CA,161489,161502
I5AEEE5CA,161775,161791
I5AEEE5CA,162269,162354
I5AEEE5CA,162675,162887
I5AEEE5CA,163440,163454
I5AEEE5CA,163673,163691
I5AEEE5CA,163980,164008
I5AEEE5CA,164142,164168
I5AEEE5CA,165282,165383
I5AEEE5CA,165564,165599
I5AEEE5CA,165941,165962
I5AEEE5CA,166344,166384
I5AEEE5CA,167145,167161
I5AEEE5CA,167626,167646
I5AEEE5CA,167851,167873
I5AEEE5CA,168082,168103
I5AEEE5CA,168482,168582
I5AEEE5CA,168893,169025
I5AEEE5CA,171173,171213
I5AEEE5CA,171969,171998
I5AEEE5CA,173081,173118
I5AEEE5CA,174242,174275
I5AEEE5CA,175925,175954
I5AEEE5CA,176370,176403
I5AEEE5CA,176523,176825
I5AEEE5CA,181161,181313
I5AEEE5CA,182790,182847
I5AEEE5CA,183005,183026
I5AEEE5CA,183414,183442
I5AEEE5CA,183711,183757
I5AEEE5CA,184229,184415
I5AEEE5CA,184566,184595
I5AEEE5CA,184624,184656
I5AEEE5CA,184678,184758
I5AEEE5CA,184902,184912
I5AEEE5CA,185285,185296
I5AEEE5CA,185857,185881
I5AEEE5CA,186163,186978
I5AEEE5CA,188710,188729
I5AEEE5CA,188853,188873
I5AEEE5CA,190302,190319
I5AEEE5CA,190546,190595
I5AEEE5CA,190852,190904
I5AEEE5CA,191098,191126
I5AEEE5CA,191440,191492
I5AEEE5CA,192461,192477
I5AEEE5CA,192805,192878
I5AEEE5CA,193373,193454
I5AEEE5CA,193842,193876
I5AEEE5CA,202417,202692
I5AEEE5CA,204121,204419
I5AEEE5CA,205061,205087
I5AEEE5CA,205559,205704
I5AEEE5CA,206150,206163
I5AEEE5CA,206643,206659
I5AEEE5CA,207055,207235
I5AEEE5CA,207384,207420
I5AEEE5CA,207622,207723
I5AEEE5CA,208284,208322
I5AEEE5CA,208658,208667
I5AEEE5CA,209004,209041
I5AEEE5CA,209322,209356
I5AEEE5CA,210587,210831
I5AEEE5CA,211356,211391
I5AEEE5CA,211949,211979
I5AEEE5CA,213755,213787
I5AEEE5CA,215215,215266
I5AEEE5CA,215444,215467
I5AEEE5CA,221181,221368
I5AEEE5CA,221582,221628
I5AEEE5CA,222289,222334
I5AEEE5CA,224222,224434
I5AEEE5CA,225560,225599
I5AEEE5CA,226298,226340
I5AEEE5CA,226449,226517
I5AEEE5CA,227993,228011
I5AEEE5CA,228197,228313
I5AEEE5CA,228781,228943
I5AEEE5CA,229776,229812
I5AEEE5CA,230071,230108
I5AEEE5CA,230759,230802
I5AEEE5CA,231317,231550
I5AEEE5CA,233114,233253
I5AEEE5CA,233939,234133
I5AEEE5CA,234260,234297
I5AEEE5CA,235196,235236
I5AEEE5CA,237758,237788
I5AEEE5CA,241113,241133
I5AEEE5CA,243337,243372
I5AEEE5CA,246051,246184
I5AEEE5CA,247133,247391
I5AEEE5CA,248195,248246
I5AEEE5CA,249650,249789
I5AEEE5CA,250110,250187
I5AEEE5CA,251367,251624
I5AEEE5CA,252336,252369
I5AEEE5CA,252958,252985
I5AEEE5CA,253312,253360
I5AEEE5CA,254202,254307
I5AEEE5CA,254385,254410
I5AEEE5CA,254967,255041
I5AEEE5CA,256587,256704
I5AEEE5CA,257869,257888
I5AEEE5CA,260594,260636
I5AEEE5CA,261537,261574
I5AEEE5CA,262067,262274
I5AEEE5CA,266630,266817
I5AEEE5CA,268477,268516
I5AEEE5CA,269933,270088
I5AEEE5CA,270755,270791
I5AEEE5CA,272227,272404
I5AEEE5CA,272601,272648
I5AEEE5CA,273635,273678
I5AEEE5CA,274365,274564
I5AEEE5CA,274719,274750
I5AEEE5CA,274878,274905
I5AEEE5CA,275029,275073
I5AEEE5CA,275948,275968
I5AEEE5CA,276103,276127
I5AEEE5CA,276662,276795
I5AEEE5CA,278131,278389
I5AEEE5CA,279688,279862
I5AEEE5CA,282041,282141
I5AEEE5CA,282221,282239
I5AEEE5CA,282265,282363
I5AEEE5CA,282407,282426
I5AEEE5CA,283204,283550
I5AEEE5CA,292608,292737
I5AEEE5CA,293915,293966
I5AEEE5CA,295973,296005
I5AEEE5CA,297686,297807
I5AEEE5CA,298239,298265
I5AEEE5CA,298404,298427
I5AEEE5CA,298730,298756
I5AEEE5CA,298999,299024
I5AEEE5CA,299618,299642
I5AEEE5CA,300294,300378
I5AEEE5CA,300750,300771
I5AEEE5CA,301103,301128
I5AEEE5CA,301153,301421
I5AEEE5CA,301914,301979
I5AEEE5CA,302843,302863
I5AEEE5CA,303478,303920
I5AEEE5CA,304244,304266
I5AEEE5CA,318098,318332
I5AEEE5CA,321021,321041
I5AEEE5CA,321191,321249
I5AEEE5CA,321781,321805
I5AEEE5CA,323442,323463
I5AEEE5CA,323882,323908
I5AEEE5CA,324310,324332
I5AEEE5CA,325036,325057
I5AEEE5CA,326095,326127
I5AEEE5CA,328424,328572
I5AEEE5CA,328874,328909
I5AEEE5CA,330104,330164
I5AEEE5CA,331268,331303
I5AEEE5CA,332043,332091
I5AEEE5CA,332303,332367
I5AEEE5CA,338267,338437
I5AEEE5CA,338628,338646
I5AEEE5CA,339118,339135
I5AEEE5CA,339485,339507
I5AEEE5CA,340290,340334
I5AEEE5CA,340907,340928
I5AEEE5CA,341790,342267
I5AEEE5CA,344300,344373
I5AEEE5CA,346152,346305
I5AEEE5CA,349410,349611
I5AEEE5CA,349882,349916
I5AEEE5CA,353500,353589
I5AEEE5CA,354800,354885
I5AEEE5CA,355644,355828
I5AEEE5CA,356839,356854
I5AEEE5CA,357394,357406
I5AEEE5CA,358132,358173
I5AEEE5CA,358485,358509
I5AEEE5CA,359110,359145
I5AEEE5CA,360971,361068
I5AEEE5CA,361343,361532
I5AEEE5CA,361701,361746
I5AEEE5CA,362098,362120
I5AEEE5CA,362678,362727
I5AEEE5CA,363351,363482
I5AEEE5CA,364623,364847
I5AEEE5CA,365592,365784
I5AEEE5CA,366145,366190
I5AEEE5CA,366414,366447
I5AEEE5CA,366757,366803
I5AEEE5CA,367254,367276
I5AEEE5CA,367616,367676
I5AEEE5CA,368646,368691
I5AEEE5CA,368970,369027
I5AEEE5CA,369946,369978
I5AEEE5CA,370885,370903
I5AEEE5CA,371598,371890
I5AEEE5CA,372132,372295
I5AEEE5CA,372605,372712
I5AEEE5CA,376627,376761
I5AEEE5CA,377024,377057
I5AEEE5CA,377445,377482
I5AEEE5CA,377632,377649
I5AEEE5CA,377773,377795
I5AEEE5CA,378253,378318
I5AEEE5CA,378497,378527
I5AEEE5CA,383009,383031
I5AEEE5CA,383679,383833
I5AEEE5CA,384147,384184
I5AEEE5CA,384520,384550
I5AEEE5CA,386443,386526
I5AEEE5CA,386897,386915
I5AEEE5CA,387419,387436
I5AEEE5CA,387639,387650
I5AEEE5CA,387767,387883
I5AEEE5CA,389444,389475
I5AEEE5CA,392099,392218
I5AEEE5CA,392458,392481
I5AEEE5CA,396881,396926
I5AEEE5CA,397236,397259
I5AEEE5CA,397581,397608
I5AEEE5CA,407647,407761
I5AEEE5CA,409023,409270
I5AEEE5CA,409385,409454
I5AEEE5CA,410195,410267
I5AEEE5CA,416907,417106
I5AEEE5CA,419229,419271
I5AEEE5CA,422553,422598
I5AEEE5CA,423797,423968
I5AEEE5CA,428799,428833
I5AEEE5CA,429426,429550
I5AEEE5CA,430396,430431
I5AEEE5CA,430974,431000
I5AEEE5CA,431212,431537
I5AEEE5CA,432587,432746
I5AEEE5CA,433368,433459
I5AEEE5CA,433804,433865
I5AEEE5CA,434308,434321
I5AEEE5CA,434714,434728
I5AEEE5CA,435128,435148
I5AEEE5CA,435522,435537
I5AEEE5CA,435972,435993
I5AEEE5CA,436368,436386
I5AEEE5CA,436812,436839
I5AEEE5CA,437650,437725
I5AEEE5CA,438304,438334
I5AEEE5CA,438604,438787
I5AEEE5CA,442489,442552
I5AEEE5CA,443326,443348
I5AEEE5CA,444050,444102
I5AEEE5CA,444815,444836
I5AEEE5CA,445561,445583
I5AEEE5CA,446788,447233
I5AEEE5CA,447590,447628
I5AEEE5CA,449517,449558
I5AEEE5CA,450121,450159
I5AEEE5CA,450474,450649
I5AEEE5CA,451395,451507
I5AEEE5CA,451791,451809
I5AEEE5CA,452216,452298
I5AEEE5CA,452864,452898
I5AEEE5CA,453221,453362
I5AEEE5CA,453872,453902
I5AEEE5CA,454247,454262
I5AEEE5CA,454518,454542
I5AEEE5CA,455845,455918
I5AEEE5CA,456514,456562
I5AEEE5CA,457295,457422
I5AEEE5CA,458598,458763
I5AEEE5CA,463336,463462
I5AEEE5CA,463785,463843
I5AEEE5CA,464220,464250
I5AEEE5CA,466171,466535
I5AEEE5CA,467252,467287
I5AEEE5CA,469521,469626
I5AEEE5CA,471301,471388
I5AEEE5CA,471654,471677
I5AEEE5CA,481279,481316
I5AEEE5CA,482960,483008
I5AEEE5CA,484114,484154
I5AEEE5CA,484742,484931
I5AEEE5CA,487591,487677
I5AEEE5CA,495725,495756
I5BFCBB3F,196,477
I5BFCBB3F,519,539
I5BFCBB3F,589,699
I5BFCBB3F,1093,1309
I5BFCBB3F,1491,1918
I5BFCBB3F,2112,2193
I5BFCBB3F,2321,2399
I5BFCBB3F,2544,2631
I5BFCBB3F,2867,2947
I5BFCBB3F,3205,3285
I5BFCBB3F,3640,3728
I5BFCBB3F,3914,4003
I5BFCBB3F,4328,4504
I5BFCBB3F,4776,4864
I5BFCBB3F,5578,5665
I5BFCBB3F,5912,6001
I5BFCBB3F,6038,6119
I5BFCBB3F,6148,6228
I5BFCBB3F,6258,6361
I5BFCBB3F,6412,6499
I5BFCBB3F,6534,6640
I5BFCBB3F,6694,6780
I5BFCBB3F,6867,6951
I5BFCBB3F,6982,7071
I5BFCBB3F,7107,7198
I5BFCBB3F,7236,7334
I5BFCBB3F,7379,7464
I5BFCBB3F,7496,7591
I5BFCBB3F,7633,7721
I5BFCBB3F,7756,7842
I5BFCBB3F,7877,7984
I5BFCBB3F,8038,8135
I5BFCBB3F,8179,8277
I5BFCBB3F,8322,8416
I5BFCBB3F,8457,8542
I5BFCBB3F,8574,8663
I5BFCBB3F,8699,8786
I5BFCBB3F,8820,8914
I5BFCBB3F,8955,9050
I5BFCBB3F,9153,9278
I5BFCBB3F,9395,9519
I5BFCBB3F,9587,9701
I5BFCBB3F,9760,9878
I5BFCBB3F,9939,10057
I5BFCBB3F,10118,10237
I5BFCBB3F,10300,10450
I5BFCBB3F,10544,10653
I5BFCBB3F,10706,10820
I5BFCBB3F,10873,10985
I5BFCBB3F,11036,11145
I5BFCBB3F,11194,11302
I5BFCBB3F,11350,11462
I5BFCBB3F,11515,11623
I5BFCBB3F,11670,11780
I5BFCBB3F,11829,11944
I5BFCBB3F,11997,12104
I5BFCBB3F,12151,12260
I5BFCBB3F,12311,12423
I5BFCBB3F,12474,12587
I5BFCBB3F,12639,12748
I5BFCBB3F,12796,12908
I5BFCBB3F,12960,13070
I5BFCBB3F,13121,13225
I5BFCBB3F,13268,13379
I5BFCBB3F,13429,13543
I5BFCBB3F,13595,13722
I5BFCBB3F,13789,13925
I5BFCBB3F,14002,14128
I5BFCBB3F,14194,14354
I5BFCBB3F,14462,14705
I5BFCBB3F,14900,15110
I5BFCBB3F,15305,15417
I5BFCBB3F,15466,15519
I5BFCBB3F,16427,16450
I5BFCBB3F,16595,16655
I5BFCBB3F,16785,16806
I5F5D9F5A,246,263
I5F5D9F5A,265,318
I5F5D9F5A,320,346
I5F5D9F5A,347,370
I5F5D9F5A,372,401
I5F5D9F5A,403,427
I5F5D9F5A,429,497
I5F5D9F5A,499,538
I5F5D9F5A,540,588
I5F5D9F5A,590,636
I5F5D9F5A,638,675
I5F5D9F5A,677,697
I5F5D9F5A,699,714
I5F5D9F5A,716,730
I5F5D9F5A,732,760
I5F5D9F5A,762,784
I5F5D9F5A,786,811
I5F5D9F5A,813,838
I5F5D9F5A,840,866
I5F5D9F5A,868,894
I5F5D9F5A,896,917
I5F5D9F5A,919,956
I5F5D9F5A,958,980
I5F5D9F5A,982,1016
I5F5D9F5A,1018,1070
I5F5D9F5A,1071,1108
I5F5D9F5A,1110,1137
I5F5D9F5A,1139,1174
I5F5D9F5A,1176,1199
I5F5D9F5A,1201,1243
I5F5D9F5A,1245,1267
I5F5D9F5A,1269,1336
I5F5D9F5A,1338,1361
I5F5D9F5A,1363,1401
I5F5D9F5A,1403,1435
I5F5D9F5A,1437,1486
I5F5D9F5A,1487,1508
I5F5D9F5A,1510,1543
I5F5D9F5A,1545,1584
I5F5D9F5A,1586,1623
I5F5D9F5A,1625,1647
I5F5D9F5A,1648,1681
I5F5D9F5A,1683,1704
I5F5D9F5A,1706,1740
I5F5D9F5A,1742,1755
I5F5D9F5A,1757,1771
I5F5D9F5A,1773,1824
I5F5D9F5A,1826,1884
I5F5D9F5A,1886,1920
I5F5D9F5A,1922,1953
I5F5D9F5A,1955,1997
I5F5D9F5A,1999,2051
I5F5D9F5A,2053,2085
I5F5D9F5A,2086,2127
I5F5D9F5A,2129,2167
I5F5D9F5A,2169,2197
I5F5D9F5A,2199,2211
I5F5D9F5A,2213,2229
I5F5D9F5A,2231,2253
I5F5D9F5A,2255,2281
I5F5D9F5A,2283,2317
I5F5D9F5A,2319,2381
I5F5D9F5A,2383,2411
I5F5D9F5A,2413,2431
I5F5D9F5A,22557,22691
I5F5D9F5A,22693,22726
I5F5D9F5A,24601,24630
I5F5D9F5A,26449,26484
I5F5D9F5A,26914,27191
I5F5D9F5A,27193,27268
I5F5D9F5A,33182,33491
I5F5D9F5A,33493,33551
I5F5D9F5A,43484,43505
I5F5D9F5A,48717,48845
I5F5D9F5A,49748,49769
I5F5D9F5A,51059,51243
I5F5D9F5A,51245,51274
I5F5D9F5A,51645,51675
I5F5D9F5A,52398,52654
I5F5D9F5A,52656,52664
I5F5D9F5A,53375,53527
I5F5D9F5A,63168,63207
I5F5D9F5A,64549,64581
I5F5D9F5A,64954,65061
I5F5D9F5A,65063,65096
I5F5D9F5A,65931,65956
I5F5D9F5A,66193,66214
I5F5D9F5A,66971,66993
I5F5D9F5A,69692,69719
I5F5D9F5A,70329,70371
I5F5D9F5A,70675,70702
I5F5D9F5A,71091,71548
I5F5D9F5A,71550,71594
I5F5D9F5A,72373,72511
I5F5D9F5A,72513,72555
I5F5D9F5A,75511,75540
I5F5D9F5A,76190,76222
I5F5D9F5A,77387,77553
I5F5D9F5A,77555,77633
I5F5D9F5A,85320,85434
I5F5D9F5A,85436,85475
I5F5D9F5A,86932,86954
I5F5D9F5A,87441,87485
I5F5D9F5A,87882,87911
I5F5D9F5A,90360,90499
I5F5D9F5A,90501,90529
I5F5D9F5A,91709,91831
I5F5D9F5A,91833,91879
I5F5D9F5A,97211,97253
I5F5D9F5A,98108,98136
I5F5D9F5A,98239,98370
I5F5D9F5A,98941,98959
I5F5D9F5A,101022,101049
I5F5D9F5A,101231,101251
I5F5D9F5A,104132,104149
I5F5D9F5A,104319,104342
I5F5D9F5A,104983,105009
I5F5D9F5A,105168,105195
I5F5D9F5A,105396,105424
I5F5D9F5A,105837,105877
I5F5D9F5A,107797,107837
I5F5D9F5A,110022,110373
I5F5D9F5A,110375,110424
I5F5D9F5A,114037,114095
I5F5D9F5A,116455,116499
I5F5D9F5A,117111,117160
I5F5D9F5A,124553,124709
I5F5D9F5A,124711,124745
I5F5D9F5A,127579,127597
I5F5D9F5A,128289,128317
I5F5D9F5A,128399,128514
I5F5D9F5A,128516,128549
I5F5D9F5A,132163,132191
I5F5D9F5A,132922,132944
I5F5D9F5A,140230,140257
I5F5D9F5A,141103,141133
I5F5D9F5A,144221,144269
I5F5D9F5A,145877,145889
I5F5D9F5A,151525,151577
I60D0ED54,311,555
I60D0ED54,557,628
I60D0ED54,711,731
I60D0ED54,1087,1107
I60D0ED54,1148,1362
I60D0ED54,1858,2036
I60D0ED54,5037,5192
I60D0ED54,8498,8617
I60D0ED54,9075,9141
I60D0ED54,9509,9698
I60D0ED54,10852,11003
I60D0ED54,11405,11563
I60D0ED54,12071,12381
I60D0ED54,13200,13456
I60D0ED54,14142,14325
I60D0ED54,14692,14895
I60D0ED54,15341,15513
I60D0ED54,17183,17289
I60D0ED54,17499,17647
I60D0ED54,17990,18072
I60D0ED54,18439,18557
I60D0ED54,18967,19016
I60D0ED54,20130,20160
I60D0ED54,20289,20455
I60D0ED54,20543,20564
I617FDD1E,242,652
I617FDD1E,701,724
I617FDD1E,751,777
I617FDD1E,840,1069
I617FDD1E,1098,1143
I617FDD1E,1179,1463
I617FDD1E,1530,1586
I617FDD1E,1650,1707
I617FDD1E,1772,1823
I617FDD1E,1949,2266
I617FDD1E,2401,2451
I617FDD1E,2518,2578
I617FDD1E,2703,2726
I617FDD1E,2785,2821
I6193773E,1035,1099
I6193773E,1577,1667
I6193773E,2585,2872
I6193773E,3325,3373
I6193773E,4559,4602
I6193773E,6648,6687
I6193773E,7937,8035
I6193773E,9440,9520
I6193773E,10110,10289
I6193773E,10705,10779
I6193773E,12791,12913
I6193773E,14067,14099
I6193773E,15184,15230
I6193773E,16239,16284
I6193773E,17572,17644
I6193773E,19364,19517
I6193773E,20870,20936
I6193773E,21973,21996
I6193773E,23204,23257
I6193773E,24672,24750
I6193773E,26912,27053
I6193773E,28569,28611
I6193773E,29215,29245
I6193773E,29761,29801
I6193773E,34448,34539
I6193773E,35052,35071
I61AB8DA8,3938,4178
I61AB8DA8,4214,4233
I61AB8DA8,4472,4935
I61AB8DA8,5150,5273
I61AB8DA8,5560,5574
I61AB8DA8,5799,5895
I61AB8DA8,6031,6085
I61AB8DA8,6433,6480
I61AB8DA8,7042,7066
I61AB8DA8,7869,7898
I61AB8DA8,8393,8628
I61AB8DA8,8764,8790
I61AB8DA8,9734,9865
I61AB8DA8,10113,10166
I61AB8DA8,13660,13685
I61AB8DA8,16277,16401
I61AB8DA8,18240,18308
I61AB8DA8,18388,18407
I61AB8DA8,18659,18735
I61AB8DA8,18994,19026
I61AB8DA8,19156,19439
I61AB8DA8,24635,24724
I61AB8DA8,24785,24898
I61AB8DA8,24970,25101
I61AB8DA8,26909,26960
I61AB8DA8,29791,29850
I61AB8DA8,30514,30632
I61AB8DA8,30860,30884
I61AB8DA8,31872,31895
I61AB8DA8,32331,32420
I61AB8DA8,33396,33421
I61AB8DA8,34328,34407
I61AB8DA8,34643,34667
I61AB8DA8,35147,35171
I61AB8DA8,35449,35753
I61AB8DA8,35815,35918
I61AB8DA8,35967,36137
I61AB8DA8,36254,36426
I61AB8DA8,36617,36713
I61AB8DA8,37728,37801
I61AB8DA8,38464,38491
I61AB8DA8,38575,38764
I61AB8DA8,40391,40735
I61AB8DA8,41088,41157
I61AB8DA8,41982,42068
I61AB8DA8,42663,42731
I61AB8DA8,43311,43396
I61AB8DA8,43668,43690
I61AB8DA8,44003,44029
I61AB8DA8,45364,45485
I61AB8DA8,45509,45534
I61AB8DA8,45583,45608
I61AB8DA8,46431,46540
I61AB8DA8,46995,47021
I61AB8DA8,47685,47812
I61AB8DA8,48192,48213
I61AB8DA8,48613,48640
I61AB8DA8,48877,49037
I61AB8DA8,49159,49319
I61AB8DA8,50862,50935
I61AB8DA8,51559,51586
I61AB8DA8,51690,51983
I61AB8DA8,54395,54455
I61AB8DA8,54660,54694
I61AB8DA8,54876,54925
I61AB8DA8,56802,56840
I61AB8DA8,57342,57382
I61AB8DA8,57775,57879
I61AB8DA8,58179,58205
I61AB8DA8,58537,58655
I61AB8DA8,59790,59817
I61AB8DA8,60286,60427
I61AB8DA8,60547,60734
I61AB8DA8,60778,60865
I61AB8DA8,62194,62233
I61AB8DA8,62667,62742
I61AB8DA8,63445,63601
I61AB8DA8,64390,64485
I61AB8DA8,65801,65836
I61AB8DA8,66467,66575
I61AB8DA8,66683,66705
I61AB8DA8,67047,67074
I61AB8DA8,68401,68505
I61AB8DA8,68759,68785
I61AB8DA8,69062,69191
I61AB8DA8,69468,69505
I61AB8DA8,70078,70105
I61AB8DA8,70345,70478
I61AB8DA8,70651,70850
I61AB8DA8,71035,71131
I61AB8DA8,71667,71707
I61AB8DA8,71994,72067
I61AB8DA8,73655,73754
I61AB8DA8,78030,78062
I61AB8DA8,79644,79748
I61AB8DA8,80031,80057
I61AB8DA8,80335,80467
I61AB8DA8,80803,80823
I61AB8DA8,81161,81188
I61AB8DA8,81649,81770
I61AB8DA8,81896,82098
I61AB8DA8,82271,82367
I61AB8DA8,82733,82771
I61AB8DA8,83896,83969
I61AB8DA8,84029,84143
I61AB8DA8,87170,87204
I61AB8DA8,88425,88463
I61AB8DA8,89931,90108
I61AB8DA8,90256,90415
I61AB8DA8,90647,90665
I61AB8DA8,91049,91090
I61AB8DA8,92117,92209
I61AB8DA8,92393,92423
I61AB8DA8,93075,93109
I61AB8DA8,93703,93866
I61AB8DA8,95522,95554
I61AB8DA8,95968,96041
I61AB8DA8,96275,96302
I61AB8DA8,96584,96611
I61AB8DA8,97250,97296
I61AB8DA8,97876,97918
I61AB8DA8,101588,101640
I61AB8DA8,104972,105007
I61AB8DA8,109834,109938
I61AB8DA8,110212,110238
I61AB8DA8,110522,110638
I61AB8DA8,110899,110936
I61AB8DA8,111145,111172
I61AB8DA8,111415,111542
I61AB8DA8,111665,111838
I61AB8DA8,112032,112120
I61AB8DA8,112722,112751
I61AB8DA8,113420,113493
I61AB8DA8,114583,114768
I61AB8DA8,115499,115686
I61AB8DA8,115739,115786
I61AB8DA8,116075,116386
I61AB8DA8,120866,120898
I61AB8DA8,125326,125405
I61AB8DA8,126192,126264
I61AB8DA8,129104,129169
I61AB8DA8,144560,144717
I61AB8DA8,149316,149411
I61AB8DA8,149788,149883
I61AB8DA8,150209,150421
I61AB8DA8,153386,153414
I61AB8DA8,154477,154545
I61AB8DA8,154776,154803
I61AB8DA8,154934,154954
I61AB8DA8,155370,155388
I61AB8DA8,157292,157383
I61AB8DA8,158298,158388
I61AB8DA8,160131,160157
I61AB8DA8,160203,160307
I61AB8DA8,160609,160635
I61AB8DA8,160921,161043
I61AB8DA8,161361,161378
I61AB8DA8,161731,161758
I61AB8DA8,162122,162370
I61AB8DA8,163059,163098
I61AB8DA8,163779,163801
I61AB8DA8,164188,164216
I61AB8DA8,164324,164350
I61AB8DA8,164528,164545
I61AB8DA8,165280,165428
I61AB8DA8,165497,165572
I61AB8DA8,165697,165719
I61AB8DA8,167311,167332
I61AB8DA8,169978,169997
I61AB8DA8,171252,171272
I61AB8DA8,172400,172488
I61AB8DA8,172686,172894
I61AB8DA8,174781,174800
I61AB8DA8,182910,183006
I61AB8DA8,183073,183086
I61AB8DA8,183161,183275
I61AB8DA8,186437,186569
I61AB8DA8,187061,187092
I61AB8DA8,187920,187959
I61AB8DA8,188382,188419
I61AB8DA8,189764,189859
I61AB8DA8,190566,190597
I61AB8DA8,192349,192369
I61AB8DA8,192726,192810
I61AB8DA8,192871,192972
I61AB8DA8,193067,193200
I61AB8DA8,193678,193702
I61AB8DA8,193773,193887
I61AB8DA8,195913,196010
I61AB8DA8,196532,196565
I61AB8DA8,197049,197138
I61AB8DA8,197706,197742
I61AB8DA8,197837,197946
I61AB8DA8,198282,198316
I61AB8DA8,199315,199451
I61AB8DA8,199518,199602
I61AB8DA8,199917,200112
I61AB8DA8,200173,200186
I61AB8DA8,200491,200522
I61AB8DA8,200562,200686
I61AB8DA8,200913,200967
I61AB8DA8,203062,203110
I61AB8DA8,203542,203578
I61AB8DA8,203827,203847
I61AB8DA8,204014,204133
I61AB8DA8,204186,204210
I61AB8DA8,204266,204373
I61AB8DA8,206086,206102
I61AB8DA8,206768,206856
I61AB8DA8,206896,206942
I61AB8DA8,206997,207032
I61AB8DA8,207296,207372
I61AB8DA8,207588,207626
I61AB8DA8,208139,208159
I61AB8DA8,208282,208332
I61AB8DA8,209231,209255
I61AB8DA8,210177,210226
I61AB8DA8,210554,210572
I61AB8DA8,211351,211359
I61AB8DA8,211931,212040
I61AB8DA8,212360,212475
I61AB8DA8,212742,212776
I61AB8DA8,213137,213160
I61AB8DA8,213924,213986
I61AB8DA8,214107,214176
I61AB8DA8,215491,215550
I61AB8DA8,217328,217350
I61AB8DA8,218240,218314
I62D7430C,323,505
I62D7430C,508,529
I62D7430C,2255,2384
I62D7430C,8618,8690
I62D7430C,11808,11849
I62D7430C,17242,17330
I62D7430C,22588,22638
I62D7430C,23564,23595
I62D7430C,25928,25960
I62D7430C,26686,26716
I6380CEC4,645,662
I6380CEC4,664,725
I6380CEC4,727,750
I6380CEC4,752,773
I6380CEC4,775,790
I6380CEC4,792,823
I6380CEC4,825,850
I6380CEC4,852,867
I6380CEC4,869,901
I6380CEC4,903,927
I6380CEC4,929,949
I6380CEC4,951,985
I6380CEC4,987,1026
I6380CEC4,1028,1090
I6380CEC4,1092,1103
I6380CEC4,1105,1128
I6380CEC4,1130,1196
I6380CEC4,1198,1266
I6380CEC4,1268,1317
I6380CEC4,1319,1368
I6380CEC4,1370,1420
I6380CEC4,1422,1475
I6380CEC4,1477,1524
I6380CEC4,1526,1596
I6380CEC4,1598,1633
I6380CEC4,1635,1675
I6380CEC4,1677,1705
I6380CEC4,1707,1740
I6380CEC4,1742,1776
I6380CEC4,1778,1807
I6380CEC4,1809,1830
I6380CEC4,1832,1871
I6380CEC4,1873,1886
I6380CEC4,1888,1909
I6380CEC4,1911,1955
I6380CEC4,1957,1983
I6380CEC4,1985,2016
I6380CEC4,2018,2037
I6380CEC4,2038,2096
I6380CEC4,2098,2164
I6380CEC4,2166,2195
I6380CEC4,2197,2226
I6380CEC4,2228,2246
I6380CEC4,2248,2269
I6380CEC4,2271,2285
I6380CEC4,2287,2301
I6380CEC4,2303,2316
I6380CEC4,2318,2331
I6380CEC4,2333,2343
I6380CEC4,2345,2367
I6380CEC4,2369,2410
I6380CEC4,2412,2467
I6380CEC4,2469,2524
I6380CEC4,2526,2592
I6380CEC4,2594,2617
I6380CEC4,2619,2644
I6380CEC4,2646,2703
I6380CEC4,2705,2760
I6380CEC4,2762,2799
I6380CEC4,2801,2836
I6380CEC4,2838,2870
I6380CEC4,2872,2888
I6380CEC4,2890,2922
I6380CEC4,2924,2964
I6380CEC4,2966,3017
I6380CEC4,3019,3060
I6380CEC4,3062,3105
I6380CEC4,3107,3131
I6380CEC4,3133,3156
I6380CEC4,3158,3189
I6380CEC4,3191,3219
I6380CEC4,3221,3250
I6380CEC4,3252,3297
I6380CEC4,3299,3322
I6380CEC4,3324,3348
I6380CEC4,3350,3374
I6380CEC4,3376,3399
I6380CEC4,3401,3423
I6380CEC4,3425,3449
I6380CEC4,3451,3475
I6380CEC4,3477,3498
I6380CEC4,3500,3518
I6380CEC4,12292,12314
I6380CEC4,15815,15842
I6380CEC4,20684,20715
I6380CEC4,23323,23360
I6380CEC4,27578,27621
I6380CEC4,27623,27653
I6380CEC4,59481,59563
I6380CEC4,67065,67119
I6380CEC4,92327,92496
I6380CEC4,92498,92506
I6380CEC4,101683,101722
I6380CEC4,104676,104716
I6380CEC4,106614,106696
I6380CEC4,106698,106705
I6380CEC4,123817,123913
I6380CEC4,125619,125647
I6380CEC4,128157,128173
I6380CEC4,128337,128477
I6380CEC4,128479,128487
I6380CEC4,130669,130692
I6380CEC4,132372,132442
I6380CEC4,142763,142854
I6380CEC4,144303,144343
I6380CEC4,148842,148886
I6380CEC4,163928,163968
I6380CEC4,165469,165507
I6380CEC4,167244,167367
I6380CEC4,168631,168659
I6380CEC4,175190,175223
I6380CEC4,178569,178658
I6380CEC4,178660,178668
I6380CEC4,212913,212947
I6380CEC4,214683,214705
I6380CEC4,230245,230437
I6380CEC4,230439,230447
I6380CEC4,234740,234764
I6380CEC4,235346,235370
I6380CEC4,240859,240903
I6380CEC4,255754,255774
I6380CEC4,256550,256570
I6380CEC4,262827,262846
I6380CEC4,263539,263559
I6380CEC4,275431,275459
I6380CEC4,277782,277801
I6380CEC4,283076,283129
I6380CEC4,284666,284710
I6380CEC4,288034,288053
I6380CEC4,289109,289285
I6380CEC4,289287,289295
I6380CEC4,290756,290797
I6380CEC4,291559,291607
I6380CEC4,292164,292207
I6380CEC4,293154,293171
I6380CEC4,293473,293489
I6380CEC4,293986,294008
I6380CEC4,295427,295435
I6380CEC4,297487,297555
I6380CEC4,302772,302826
I6380CEC4,310176,310220
I6380CEC4,310222,310230
I6380CEC4,314314,314344
I6380CEC4,315911,315940
I6380CEC4,317547,317581
I6380CEC4,318577,318604
I6380CEC4,319737,319761
I6380CEC4,320405,320562
I6380CEC4,320564,320593
I6380CEC4,322599,322632
I6380CEC4,323564,323593
I6380CEC4,324250,324290
I6380CEC4,325334,325363
I6380CEC4,332098,332138
I6380CEC4,332531,332573
I6380CEC4,332896,332934
I6380CEC4,337417,337449
I6380CEC4,337919,337950
I6380CEC4,338599,338632
I6380CEC4,340623,340821
I6380CEC4,340823,340831
I6380CEC4,344023,344079
I6380CEC4,344745,344801
I6380CEC4,346956,346984
I6380CEC4,347590,347625
I6380CEC4,348895,348950
I6380CEC4,349395,349446
I6380CEC4,350506,350627
I6380CEC4,350629,350637
I6380CEC4,350964,351104
I6380CEC4,351106,351114
I6380CEC4,352005,352049
I6380CEC4,352546,352583
I6380CEC4,354392,354432
I6380CEC4,354612,354649
I6380CEC4,354997,355037
I6380CEC4,355369,355485
I6380CEC4,355487,355495
I6380CEC4,356278,356312
I6380CEC4,357270,357370
I6380CEC4,357372,357395
I6380CEC4,358232,358258
I6380CEC4,359666,359693
I6380CEC4,367309,367356
I6380CEC4,370214,370270
I64B5DDDD,573,923
I64B5DDDD,15120,15313
I64B5DDDD,16444,16566
I64B5DDDD,16568,16749
I64B5DDDD,17260,17377
I64B5DDDD,17830,17953
I64B5DDDD,24948,25050
I64B5DDDD,25197,25296
I64B5DDDD,26680,26883
I64B5DDDD,28462,28566
I64B5DDDD,33041,33210
I64B5DDDD,43398,43469
I64B5DDDD,44057,44116
I64B5DDDD,45011,45420
I64B5DDDD,68828,68903
I64B5DDDD,74330,74493
I64B5DDDD,76984,77084
I64B5DDDD,88290,88584
I64B5DDDD,101727,101900
I64B5DDDD,102127,102253
I64B5DDDD,108310,108492
I64B5DDDD,122538,122689
I64B5DDDD,124101,124294
I64B5DDDD,124422,124599
I64B5DDDD,124722,124830
I64B5DDDD,126552,126653
I64B5DDDD,127180,127301
I64B5DDDD,132298,132435
I64B5DDDD,133497,133560
I64B5DDDD,135717,135812
I64B5DDDD,136957,137015
I64B5DDDD,137076,137151
I64B5DDDD,138070,138232
I64B5DDDD,149923,150005
I64B5DDDD,150717,150918
I64B5DDDD,154695,154877
I6A834445,629,1435
I6A834445,1976,2291
I6A834445,2591,2634
I6A834445,5524,5554
I6A834445,6643,6671
I6A834445,10630,10657
I6A834445,12787,12810
I6A834445,14907,14930
I6A834445,15880,15926
I6A834445,17694,17719
I6A834445,19240,19265
I6A834445,23384,23552
I6A834445,25500,25531
I6A834445,26258,26383
I6A834445,27043,27067
I6A834445,27842,27915
I6A834445,28082,28104
I6A834445,28207,28257
I6A834445,28800,28855
I6A834445,29410,29429
I6A834445,29944,29965
I6A834445,31006,31080
I6A834445,31243,31267
I6A834445,31408,31433
I6A834445,31918,31943
I6A834445,32218,32253
I6A834445,32961,32996
I6A834445,35764,35824
I6A834445,35894,36087
I6A834445,37055,37078
I6A834445,38272,38299
I6A834445,39836,40065
I6A834445,40569,40726
I6A834445,41988,42036
I6A834445,42687,42696
I6A834445,43035,43044
I6A834445,44382,44646
I6A834445,45305,45331
I6A834445,46352,46378
I6A834445,47221,47252
I6A834445,48668,48702
I6A834445,48817,48861
I6A834445,49022,49031
I6A834445,49227,49236
I6A834445,49474,49553
I6A834445,49828,49854
I6A834445,50286,50322
I6A834445,50497,50534
I6A834445,50747,50780
I6A834445,50958,50993
I6A834445,51293,51324
I6A834445,51398,51432
I6A834445,51582,51638
I6A834445,52065,52264
I6A834445,54340,54387
I6A834445,55979,56037
I6F43CD1F,6692,6900
I6F43CD1F,6902,6931
I6F43CD1F,7120,7139
I6F43CD1F,7534,7558
I6F43CD1F,7754,7790
I6F43CD1F,8043,8061
I6F43CD1F,8252,8272
I6F43CD1F,8426,8442
I6F43CD1F,8519,8690
I6F43CD1F,8869,8893
I6F43CD1F,9488,9527
I6F43CD1F,9789,9813
I6F43CD1F,9858,9884
I6F43CD1F,9956,9977
I6F43CD1F,10242,10270
I74772DFF,659,677
I74772DFF,679,762
I74772DFF,764,783
I74772DFF,785,803
I74772DFF,805,823
I74772DFF,825,840
I74772DFF,842,854
I74772DFF,856,870
I74772DFF,872,907
I74772DFF,909,922
I74772DFF,924,936
I74772DFF,938,951
I74772DFF,953,976
I74772DFF,978,1081
I74772DFF,1083,1101
I74772DFF,1103,1113
I74772DFF,1115,1127
I74772DFF,1129,1143
I74772DFF,1145,1160
I74772DFF,1162,1175
I74772DFF,1177,1189
I74772DFF,1191,1241
I74772DFF,1251,1274
I74772DFF,1275,1373
I74772DFF,1375,1389
I74772DFF,1391,1414
I74772DFF,1416,1434
I74772DFF,1436,1475
I74772DFF,1477,1489
I74772DFF,1491,1504
I74772DFF,1506,1518
I74772DFF,1520,1565
I74772DFF,1567,1590
I74772DFF,1592,1623
I74772DFF,1625,1728
I74772DFF,1730,1744
I74772DFF,1746,1760
I74772DFF,1762,1777
I74772DFF,1779,1804
I74772DFF,1806,1814
I74772DFF,1816,1836
I74772DFF,1838,1877
I74772DFF,1879,1937
I74772DFF,1939,1971
I74772DFF,1973,2002
I74772DFF,2004,2023
I74772DFF,2025,2046
I74772DFF,2048,2061
I74772DFF,2063,2077
I74772DFF,2079,2101
I74772DFF,2103,2135
I74772DFF,2137,2156
I786395B4,306,438
I786395B4,440,470
I786395B4,472,501
I786395B4,504,533
I786395B4,535,574
I786395B4,577,606
I786395B4,668,688
I786395B4,806,834
I786395B4,960,988
I786395B4,1023,1059
I786395B4,1467,1522
I786395B4,1525,1637
I786395B4,1776,1871
I786395B4,1953,2051
I786395B4,2135,2227
I786395B4,2305,2416
I786395B4,2513,2621
I786395B4,2715,2800
I786395B4,2870,2951
I786395B4,3025,3118
I786395B4,3201,3305
I786395B4,3398,3520
I786395B4,3631,3774
I786395B4,3907,4064
I786395B4,4206,4338
I786395B4,4456,4575
I786395B4,4642,4741
I786395B4,4790,4899
I786395B4,4949,5066
I786395B4,5119,5220
I786395B4,5266,5383
I786395B4,5436,5561
I786395B4,5619,5724
I786395B4,5772,5903
I786395B4,5964,6095
I786395B4,6156,6285
I786395B4,6345,6508
I786395B4,6585,6704
I786395B4,6759,6884
I786395B4,6942,7085
I786395B4,7122,7233
I786395B4,7254,7345
I786395B4,7359,7470
I786395B4,7491,7594
I786395B4,7611,7726
I786395B4,7749,7862
I786395B4,7919,8030
I786395B4,8104,8257
I786395B4,8330,8433
I786395B4,8492,8599
I786395B4,8648,8755
I786395B4,8804,8911
I786395B4,8960,9067
I786395B4,9116,9223
I786395B4,9272,9381
I786395B4,9431,9542
I786395B4,9593,9704
I786395B4,9755,9872
I786395B4,9926,10043
I786395B4,10097,10212
I786395B4,10265,10402
I786395B4,10466,10583
I786395B4,10637,10738
I786395B4,10783,10898
I786395B4,10951,11060
I786395B4,11110,11203
I786395B4,11219,11318
I786395B4,11337,11448
I786395B4,11499,11606
I786395B4,11655,11764
I786395B4,11814,11917
I786395B4,11964,12071
I786395B4,12120,12229
I786395B4,12279,12398
I786395B4,12453,12566
I786395B4,12618,12761
I786395B4,12833,12962
I786395B4,13027,13148
I786395B4,13209,13340
I786395B4,13405,13546
I786395B4,13617,13796
I786395B4,13886,14011
I786395B4,14074,14211
I786395B4,14280,14409
I786395B4,14474,14623
I786395B4,14698,14867
I786395B4,14952,15117
I786395B4,15200,15353
I786395B4,15437,15564
I786395B4,15623,15748
I786395B4,15806,15927
I786395B4,15983,16112
I786395B4,16171,16306
I786395B4,16369,16498
I786395B4,16558,16697
I786395B4,16760,16889
I786395B4,16949,17074
I786395B4,17132,17259
I786395B4,17318,17441
I786395B4,17498,17621
I786395B4,17678,17801
I786395B4,17858,17979
I786395B4,18035,18156
I786395B4,18212,18337
I786395B4,18395,18518
I786395B4,18575,18700
I786395B4,18758,18879
I786395B4,18935,19076
I786395B4,19142,19269
I786395B4,19328,19509
I786395B4,19595,19729
I786395B4,19791,19917
I786395B4,19975,20113
I786395B4,20177,20305
I786395B4,20364,20496
I786395B4,20557,20691
I786395B4,20753,20879
I786395B4,20937,21061
I786395B4,21118,21242
I786395B4,21299,21427
I786395B4,21486,21622
I786395B4,21685,21815
I786395B4,21875,21997
I786395B4,22053,22191
I786395B4,22255,22383
I786395B4,22442,22570
I786395B4,22629,22759
I786395B4,22818,22952
I786395B4,23014,23146
I786395B4,23207,23335
I786395B4,23394,23528
I786395B4,23590,23710
I786395B4,23764,23892
I786395B4,23951,24081
I786395B4,24141,24279
I786395B4,24343,24467
I786395B4,24524,24656
I786395B4,24717,24841
I786395B4,24897,25031
I786395B4,25093,25231
I786395B4,25295,25439
I786395B4,25506,25640
I786395B4,25702,25846
I786395B4,25913,26041
I786395B4,26100,26222
I786395B4,26278,26404
I786395B4,26462,26594
I786395B4,26655,26795
I786395B4,26860,26998
I786395B4,27062,27190
I786395B4,27249,27377
I786395B4,27436,27566
I786395B4,27626,27760
I786395B4,27822,27952
I786395B4,28012,28140
I786395B4,28199,28333
I786395B4,28395,28527
I786395B4,28588,28724
I786395B4,28787,28915
I786395B4,28974,29104
I786395B4,29164,29290
I786395B4,29348,29490
I786395B4,29556,29686
I786395B4,29746,29874
I786395B4,29933,30071
I786395B4,30135,30273
I786395B4,30337,30473
I786395B4,30536,30666
I786395B4,30726,30870
I786395B4,30937,31081
I786395B4,31148,31290
I786395B4,31356,31492
I786395B4,31555,31691
I786395B4,31754,31892
I786395B4,31956,32096
I786395B4,32161,32291
I786395B4,32351,32487
I786395B4,32550,32684
I786395B4,32746,32878
I786395B4,32939,33075
I786395B4,33138,33270
I786395B4,33331,33461
I786395B4,33521,33652
I786395B4,33712,33838
I786395B4,33896,34030
I786395B4,34092,34216
I786395B4,34273,34395
I786395B4,34451,34587
I786395B4,34650,34784
I786395B4,34846,34974
I786395B4,35033,35163
I786395B4,35223,35357
I786395B4,35419,35555
I786395B4,35618,35746
I786395B4,35805,35943
I786395B4,36007,36139
I786395B4,36200,36326
I786395B4,36384,36514
I786395B4,36575,36709
I786395B4,36771,36899
I786395B4,36958,37092
I786395B4,37154,37282
I786395B4,37341,37465
I786395B4,37522,37648
I786395B4,37706,37836
I786395B4,37896,38026
I786395B4,38086,38226
I786395B4,38291,38425
I786395B4,38487,38611
I786395B4,38668,38800
I786395B4,38861,38989
I786395B4,39048,39182
I786395B4,39244,39378
I786395B4,39441,39569
I786395B4,39628,39760
I786395B4,39821,39959
I786395B4,40023,40159
I786395B4,40222,40362
I786395B4,40427,40557
I786395B4,40617,40749
I786395B4,40810,40944
I786395B4,41006,41136
I786395B4,41196,41324
I786395B4,41383,41505
I786395B4,41561,41689
I786395B4,41748,41872
I786395B4,41929,42059
I786395B4,42119,42253
I786395B4,42316,42450
I786395B4,42513,42649
I786395B4,42712,42846
I786395B4,42908,43036
I786395B4,43095,43221
I786395B4,43279,43409
I786395B4,43472,43602
I786395B4,43662,43794
I786395B4,43855,43989
I786395B4,44051,44191
I786395B4,44256,44384
I786395B4,44443,44579
I786395B4,44642,44766
I786395B4,44823,44957
I786395B4,45019,45145
I786395B4,45203,45337
I786395B4,45399,45531
I786395B4,45592,45716
I786395B4,45773,45915
I786395B4,45981,46139
I786395B4,46213,46343
I786395B4,46403,46535
I786395B4,46596,46732
I786395B4,46795,46921
I786395B4,46979,47117
I786395B4,47181,47299
I786395B4,47353,47487
I786395B4,47549,47681
I786395B4,47742,47890
I786395B4,47959,48089
I786395B4,48149,48277
I786395B4,48336,48462
I786395B4,48520,48628
I786395B4,48677,48789
I786395B4,48840,48948
I786395B4,48997,49105
I786395B4,49155,49265
I786395B4,49315,49429
I786395B4,49481,49601
I786395B4,49656,49780
I786395B4,49837,49959
I786395B4,50015,50149
I786395B4,50211,50351
I786395B4,50416,50534
I786395B4,50588,50702
I786395B4,50754,50868
I786395B4,50920,51050
I786395B4,51110,51236
I786395B4,51294,51416
I786395B4,51472,51598
I786395B4,51656,51780
I786395B4,51837,51961
I786395B4,52018,52122
I786395B4,52169,52273
I786395B4,52320,52432
I786395B4,52483,52595
I786395B4,52646,52760
I786395B4,52812,52922
I786395B4,52972,53086
I786395B4,53138,53246
I786395B4,53294,53404
I786395B4,53454,53562
I786395B4,53611,53745
I786395B4,53807,53917
I786395B4,53967,54085
I786395B4,54139,54241
I786395B4,54287,54399
I786395B4,54450,54558
I786395B4,54607,54713
I786395B4,54761,54875
I786395B4,54927,55041
I786395B4,55093,55199
I786395B4,55247,55385
I786395B4,55448,55558
I786395B4,55608,55752
I786395B4,55819,55925
I786395B4,55973,56085
I786395B4,56136,56240
I786395B4,56287,56397
I786395B4,56447,56559
I786395B4,56610,56720
I786395B4,56770,56906
I786395B4,56969,57109
I786395B4,57174,57304
I786395B4,57364,57474
I786395B4,57524,57634
I786395B4,57683,57791
I786395B4,57840,57956
I786395B4,58009,58127
I786395B4,58182,58298
I786395B4,58351,58467
I786395B4,58520,58638
I786395B4,58692,58820
I786395B4,58879,59005
I786395B4,59063,59193
I786395B4,59253,59379
I786395B4,59437,59553
I786395B4,59606,59718
I786395B4,59769,59879
I786395B4,59929,60045
I786395B4,60098,60218
I786395B4,60273,60389
I786395B4,60442,60558
I786395B4,60610,60724
I786395B4,60776,60888
I786395B4,60939,61065
I786395B4,61118,61235
I786395B4,61317,61357
I786395B4,61359,61493
I786395B4,61720,61950
I786395B4,62287,62379
I786395B4,62470,62508
I786395B4,62744,62814
I786395B4,63452,63483
I786395B4,63557,63578
I786395B4,63636,63655
I78C84F85,1835,1845
I78C84F85,1847,1865
I78C84F85,1867,1909
I78C84F85,1911,1942
I78C84F85,1944,1973
I78C84F85,1975,2019
I78C84F85,2021,2051
I78C84F85,2053,2077
I78C84F85,2079,2095
I78C84F85,2097,2123
I78C84F85,2125,2181
I78C84F85,2183,2230
I78C84F85,2232,2256
I78C84F85,2258,2305
I78C84F85,2307,2326
I78C84F85,2328,2352
I78C84F85,2354,2377
I78C84F85,2379,2439
I78C84F85,2441,2472
I78C84F85,2474,2497
I78C84F85,2499,2550
I78C84F85,2552,2618
I78C84F85,2620,2667
I7D476A8B,4698,5295
I7D476A8B,8330,8644
I7D476A8B,9168,9313
I7D476A8B,14480,14555
I7D476A8B,21908,22070
I7D476A8B,31753,31790
I7D476A8B,34739,34775
I7D476A8B,36985,37104
I7D476A8B,37689,37804
I7D476A8B,47197,47564
I7D476A8B,56102,56144
I7D476A8B,59761,59791
I7D476A8B,62738,62770
I7D476A8B,64398,64573
I7D476A8B,66146,66259
I7D476A8B,67638,67762
I7D476A8B,75322,75348
I7D476A8B,78052,78426
I7D476A8B,79447,79484
I7D476A8B,80907,81108
I7D476A8B,81310,81334
I7D476A8B,86368,86421
I7D476A8B,96746,96954
I7D476A8B,109287,109327
I7D476A8B,117110,117269
I7D476A8B,120054,120085
I7D476A8B,136278,136339
I7D476A8B,139981,140003
I7D476A8B,146364,146391
I7D476A8B,199925,199983
I7D476A8B,239649,239762
I7D476A8B,241655,242176
I7D476A8B,242178,242219
I7D476A8B,242793,242954
I7D476A8B,243144,243180
I7D476A8B,243263,243297
I7D476A8B,243406,243514
I7D476A8B,244365,244393
I7D476A8B,244658,244767
I7D476A8B,245463,245486
I7D476A8B,246312,246383
I7D476A8B,246787,246824
I7D476A8B,247147,247185
I7D476A8B,247568,247613
I7D476A8B,248349,248553
I7D476A8B,249915,249944
I7D476A8B,250750,250931
I7D476A8B,251416,251460
I7D476A8B,252250,252287
I7D476A8B,252930,253422
I7D476A8B,253942,254006
I7D476A8B,254439,254501
I7D476A8B,255432,255609
I7D476A8B,255755,255787
I7D476A8B,256232,256276
I8006C360,1226,1515
I8006C360,2189,2259
I8006C360,2479,2503
I8006C360,2597,2632
I8006C360,2757,2812
I8006C360,9280,9386
I8006C360,9751,9783
I8006C360,11846,12020
I8006C360,13227,13346
I8006C360,13769,13842
I8006C360,13998,14093
I8006C360,23805,23997
I8006C360,25078,25174
I8006C360,34039,34075
I8006C360,37110,37185
I8006C360,43122,43283
I8006C360,45360,45559
I8006C360,46565,46598
I8006C360,46764,46835
I8006C360,47369,47385
I8006C360,51418,51516
I8006C360,52239,52270
I8006C360,52803,52835
I8006C360,60120,60147
I8006C360,61398,61419
I8006C360,61614,61687
I849C345E,18934,19265
I849C345E,21126,21267
I849C345E,21340,21441
I849C345E,21844,21869
I849C345E,22646,22761
I849C345E,29895,29932
I849C345E,31552,31643
I849C345E,32093,32147
I849C345E,34309,34626
I849C345E,34687,34918
I849C345E,39127,39157
I849C345E,39221,39325
I849C345E,40114,40148
I849C345E,41276,41306
I849C345E,42093,42156
I849C345E,44111,44136
I849C345E,46008,46288
I849C345E,49670,49846
I849C345E,52116,52169
I849C345E,55164,55316
I849C345E,56173,56208
I849C345E,56241,56271
I849C345E,56773,56798
I849C345E,60090,60115
I849C345E,61700,61877
I849C345E,62675,62692
I849C345E,68426,68534
I849C345E,69373,69396
I849C345E,80253,80445
I849C345E,85639,85794
I849C345E,90147,90176
I849C345E,92911,92942
I849C345E,95034,95070
I849C345E,133431,133730
I849C345E,139511,139560
I849C345E,149408,149456
I849C345E,186155,186259
I849C345E,187185,187209
I849C345E,187640,187664
I849C345E,192196,192329
I849C345E,192849,192873
I849C345E,193208,193232
I849C345E,193425,193453
I849C345E,193605,193626
I849C345E,194330,194356
I849C345E,198693,198813
I849C345E,200348,200357
I849C345E,201093,201104
I85485484,218,574
I85485484,632,671
I85485484,1047,1163
I85485484,1326,1394
I85485484,2264,2327
I85485484,2489,2557
I85485484,2724,2792
I85485484,2955,3022
I85485484,3184,3249
I85485484,3412,3481
I85485484,3644,3713
I85485484,3878,3939
I85485484,4092,4161
I85485484,4324,4392
I85485484,4557,4627
I85485484,4789,4855
I85485484,5009,5179
I85485484,5343,5378
I85C28EDA,612,629
I85C28EDA,631,695
I85C28EDA,697,712
I85C28EDA,714,731
I85C28EDA,733,752
I85C28EDA,754,773
I85C28EDA,775,796
I85C28EDA,798,818
I85C28EDA,820,850
I85C28EDA,852,877
I85C28EDA,879,894
I85C28EDA,896,958
I85C28EDA,960,975
I85C28EDA,977,997
I85C28EDA,999,1034
I85C28EDA,1036,1064
I85C28EDA,1066,1120
I85C28EDA,1122,1158
I85C28EDA,1160,1190
I85C28EDA,1192,1223
I85C28EDA,1225,1282
I85C28EDA,1284,1295
I85C28EDA,1297,1323
I85C28EDA,1325,1389
I85C28EDA,1391,1410
I85C28EDA,1412,1441
I85C28EDA,1443,1496
I85C28EDA,1498,1542
I85C28EDA,1544,1605
I85C28EDA,1607,1625
I85C28EDA,8246,8271
I85C28EDA,8391,8418
I85C28EDA,8557,8793
I85C28EDA,9875,9898
I85C28EDA,12581,12651
I85C28EDA,13042,13384
I85C28EDA,18384,18468
I85C28EDA,24927,24968
I85C28EDA,49072,49130
I85C28EDA,49666,49677
I85C28EDA,52596,52678
I85C28EDA,55213,55322
I85C28EDA,64782,64808
I85C28EDA,100008,100023
I8698A1DF,1246,1302
I8698A1DF,1304,1361
I8698A1DF,1363,1370
I8698A1DF,1372,1398
I8698A1DF,1400,1447
I881A57E8,10729,10940
I881A57E8,11962,11981
I881A57E8,12247,12485
I881A57E8,12487,12541
I881A57E8,12950,12984
I881A57E8,13042,13079
I881A57E8,13148,13502
I881A57E8,13504,13546
I881A57E8,13597,13630
I881A57E8,14220,14258
I881A57E8,14305,14451
I881A57E8,14453,14495
I881A57E8,14541,14574
I881A57E8,15513,15552
I881A57E8,15597,15637
I881A57E8,15677,15865
I881A57E8,15912,15959
I881A57E8,16430,16589
I881A57E8,16634,16662
I881A57E8,16715,16742
I881A57E8,16790,16830
I881A57E8,16876,17007
I881A57E8,17009,17047
I881A57E8,17575,17610
I881A57E8,18514,18551
I881A57E8,18819,19078
I881A57E8,19080,19121
I881A57E8,19177,19215
I881A57E8,19267,19291
I881A57E8,19329,19375
I881A57E8,19415,19683
I881A57E8,19686,19719
I881A57E8,20141,20250
I881A57E8,20252,20284
I881A57E8,20647,20829
I881A57E8,20831,20859
I881A57E8,21196,21224
I881A57E8,21823,21844
I881A57E8,22177,22198
I881A57E8,22532,22556
I881A57E8,22891,22920
I881A57E8,23295,23321
I881A57E8,23727,23762
I881A57E8,24395,24537
I881A57E8,24539,24576
I881A57E8,25446,25529
I881A57E8,26208,26237
I881A57E8,26813,26921
I881A57E8,26923,26931
I881A57E8,27646,27685
I881A57E8,28461,28516
I881A57E8,29152,29208
I881A57E8,29876,29921
I881A57E8,30608,30644
I881A57E8,31179,31330
I881A57E8,31756,31779
I881A57E8,32348,32360
I881A57E8,33416,33433
I881A57E8,33873,33901
I881A57E8,35890,35920
I881A57E8,38263,38375
I881A57E8,38377,38411
I881A57E8,38896,38928
I881A57E8,40323,40346
I881A57E8,40910,40974
I881A57E8,42052,42161
I881A57E8,42163,42204
I881A57E8,42779,42807
I881A57E8,80968,81274
I881A57E8,98058,98078
I881A57E8,98488,98624
I881A57E8,98626,98678
I881A57E8,99707,99998
I881A57E8,100001,100064
I881A57E8,100941,101001
I881A57E8,102925,102968
I881A57E8,103696,103752
I881A57E8,104116,104192
I881A57E8,104997,105072
I881A57E8,105914,105960
I881A57E8,107406,107458
I881A57E8,108176,108227
I881A57E8,108866,108932
I881A57E8,109791,109847
I881A57E8,110376,110447
I881A57E8,110944,111013
I881A57E8,111717,111772
I881A57E8,113675,113748
I881A57E8,114255,114323
I881A57E8,115010,115070
I881A57E8,115541,115586
I881A57E8,116082,116131
I881A57E8,116872,116920
I881A57E8,117418,117571
I881A57E8,117573,117594
I881A57E8,117781,117804
I881A57E8,118245,118297
I881A57E8,118377,118395
I881A57E8,118564,118592
I881A57E8,120727,120763
I88977D82,458,475
I88977D82,477,524
I88977D82,526,543
I88977D82,545,601
I88977D82,603,618
I88977D82,620,635
I88977D82,637,688
I88977D82,690,710
I88977D82,712,727
I88977D82,729,745
I88977D82,747,763
I88977D82,765,783
I88977D82,785,805
I88977D82,807,836
I88977D82,838,854
I88977D82,856,903
I88977D82,905,928
I88977D82,930,948
I88977D82,950,985
I88977D82,987,1026
I88977D82,1028,1048
I88977D82,1050,1081
I88977D82,1083,1114
I88977D82,1116,1135
I88977D82,1137,1176
I88977D82,1178,1202
I88977D82,1204,1220
I88977D82,1222,1238
I88977D82,1240,1258
I88977D82,1260,1280
I88977D82,1282,1299
I88977D82,1301,1315
I88977D82,1317,1333
I88977D82,1335,1365
I88977D82,1367,1418
I88977D82,1420,1482
I88977D82,1484,1518
I88977D82,1520,1576
I88977D82,1578,1599
I88977D82,1601,1618
I88977D82,1620,1660
I88977D82,1662,1698
I88977D82,1700,1737
I88977D82,1739,1776
I88977D82,1778,1809
I88977D82,1811,1822
I88977D82,1824,1853
I88977D82,1855,1885
I88977D82,1887,1942
I88977D82,1944,1967
I88977D82,1969,1995
I88977D82,1997,2037
I88977D82,2039,2072
I88977D82,2074,2104
I88977D82,2106,2155
I88977D82,2157,2199
I88977D82,2201,2254
I88977D82,2256,2303
I88977D82,2305,2334
I88977D82,2336,2354
I88977D82,2356,2409
I88977D82,2411,2426
I88977D82,2428,2448
I88977D82,2450,2472
I88977D82,2474,2504
I88977D82,2506,2563
I88977D82,2565,2599
I88977D82,2601,2648
I88977D82,2650,2687
I88977D82,2689,2739
I88977D82,2741,2766
I88977D82,2768,2784
I88977D82,2786,2803
I88977D82,2805,2823
I88977D82,2825,2872
I88977D82,2874,2892
I88977D82,9411,9459
I88977D82,16843,16932
I88977D82,35918,36003
I88977D82,39988,40033
I88977D82,51980,52128
I88977D82,53417,53499
I88977D82,57466,57568
I88977D82,61957,62002
I88977D82,62418,62437
I88977D82,63094,63113
I88977D82,63564,63583
I88977D82,66215,66256
I88977D82,70049,70307
I88977D82,70310,70349
I88977D82,72127,72143
I88977D82,72677,72690
I88977D82,73142,73157
I88977D82,74284,74380
I88977D82,78796,78825
I88977D82,81061,81099
I88977D82,85627,85841
I88977D82,86441,86459
I88977D82,87799,87965
I88977D82,88820,88838
I88977D82,89479,89498
I88977D82,92078,92306
I88977D82,99557,99630
I88977D82,99924,99934
I88977D82,101163,101263
I88977D82,104070,104149
I88977D82,111562,111621
I88977D82,112072,112105
I88977D82,112346,112363
I88977D82,113054,113070
I88977D82,116162,116263
I88977D82,116495,116674
I88977D82,117223,117232
I88977D82,117598,117724
I88977D82,118890,118936
I88977D82,120671,120722
I88977D82,123301,123376
I88977D82,124415,124436
I88977D82,125809,125864
I88977D82,128163,128188
I88977D82,128621,128682
I88977D82,129602,129668
I88977D82,129937,130045
I88977D82,130817,130845
I88977D82,130925,130952
I88977D82,133005,133085
I88977D82,133731,133834
I88977D82,134051,134093
I88977D82,134723,134742
I88977D82,134910,134961
I88977D82,135345,135354
I88977D82,135923,135932
I88977D82,138051,138202
I88977D82,138559,138598
I88977D82,140311,140327
I88977D82,141090,141103
I88977D82,141557,141572
I88977D82,143015,143221
I88977D82,143558,143627
I88977D82,143688,143748
I88977D82,144333,144352
I88977D82,145819,145850
I88977D82,147184,147207
I88977D82,147488,147506
I88977D82,147771,147788
I88977D82,150004,150036
I88977D82,150458,150486
I88977D82,151302,151449
I88977D82,156110,156181
I88977D82,166475,166507
I88977D82,170081,170147
I88977D82,170222,170231
I88977D82,172001,172071
I88977D82,172694,172747
I88977D82,173801,173858
I88977D82,174179,174233
I88977D82,174453,174578
I88977D82,175249,175948
I88977D82,177573,177582
I88977D82,179921,179930
I88977D82,184238,184284
I88977D82,187313,187370
I88977D82,187606,187628
I88977D82,188331,188365
I88977D82,189450,189648
I88977D82,192561,192612
I88977D82,193999,194061
I88977D82,197385,197509
I88977D82,200716,200995
I88977D82,202935,203028
I88977D82,203619,203669
I88977D82,204923,204959
I88977D82,205771,205807
I88977D82,210706,210776
I88977D82,211470,211491
I88977D82,211606,211628
I88977D82,211754,211775
I88977D82,211920,211944
I88977D82,213007,213051
I88977D82,214570,214598
I88977D82,215507,215744
I88977D82,216459,216666
I88977D82,216762,216803
I88977D82,217343,217393
I88977D82,217690,217744
I88977D82,218545,218574
I88977D82,219210,219249
I88977D82,219731,219771
I88977D82,221716,221932
I88977D82,223743,223775
I88977D82,225532,225565
I88977D82,226629,226658
I88977D82,227356,227487
I88977D82,228802,228848
I88977D82,231513,231576
I88977D82,231767,231815
I88977D82,232616,232660
I88977D82,233493,233529
I88977D82,233713,233750
I88977D82,233964,233997
I88977D82,234198,234242
I88977D82,234311,234338
I88977D82,234734,234765
I88977D82,234839,234873
I88977D82,235130,235164
I88977D82,235877,236006
I88977D82,238732,238761
I88977D82,239314,239406
I88977D82,239710,239739
I88977D82,239781,239900
I88977D82,239960,239983
I88977D82,240032,240059
I88977D82,240140,240163
I88977D82,240230,240255
I88977D82,241107,241192
I88CF073C,156297,156716
I88CF073C,156718,156772
I88CF073C,162715,162773
I88CF073C,186233,186279
I88DA3111,283,401
I88DA3111,403,433
I88DA3111,435,464
I88DA3111,467,496
I88DA3111,498,538
I88DA3111,541,570
I88DA3111,621,641
I88DA3111,705,746
I88DA3111,748,765
I88DA3111,768,787
I88DA3111,790,840
I88DA3111,843,994
I88DA3111,1249,1428
I88DA3111,1431,1486
I88DA3111,1489,1547
I88DA3111,1550,1623
I88DA3111,1625,1683
I88DA3111,2646,2710
I88DA3111,3444,3522
I88DA3111,4020,4081
I88DA3111,4265,4298
I88DA3111,4616,4652
I88DA3111,5115,5224
I88DA3111,5621,5808
I88DA3111,5926,5962
I88DA3111,6370,6496
I88DA3111,9160,9199
I88DA3111,9202,9244
I88DA3111,9541,9562
I895C519A,269,634
I895C519A,688,713
I895C519A,796,821
I895C519A,881,1250
I895C519A,1392,1450
I895C519A,1592,1652
I895C519A,1798,1856
I895C519A,1998,2057
I895C519A,2201,2261
I895C519A,2407,2464
I895C519A,2604,2669
I895C519A,2813,2874
I895C519A,3022,3083
I895C519A,3229,3291
I895C519A,3479,3550
I895C519A,3737,3796
I895C519A,3961,4020
I895C519A,4185,4253
I895C519A,4425,4513
I895C519A,4586,4672
I895C519A,4758,4819
I895C519A,4960,5022
I895C519A,5167,5229
I895C519A,5423,5488
I895C519A,5670,5740
I895C519A,5917,5987
I895C519A,6176,6242
I895C519A,6419,6493
I895C519A,6703,6782
I895C519A,7000,7069
I895C519A,7244,7326
I895C519A,7550,7629
I895C519A,7901,7974
I895C519A,8186,8257
I895C519A,8463,8536
I895C519A,8748,8833
I895C519A,9086,9162
I895C519A,9396,9469
I895C519A,9681,9752
I895C519A,9958,10028
I895C519A,10231,10301
I895C519A,10504,10572
I895C519A,10769,10839
I895C519A,11042,11117
I895C519A,11335,11409
I895C519A,11624,11696
I895C519A,11905,11977
I895C519A,12186,12258
I895C519A,12467,12536
I895C519A,12736,12806
I895C519A,13009,13079
I895C519A,13282,13351
I895C519A,13551,13618
I895C519A,13795,13859
I895C519A,14027,14091
I895C519A,14254,14320
I895C519A,14489,14553
I895C519A,14720,14811
I895C519A,14823,14892
I895C519A,15067,15138
I895C519A,15308,15380
I895C519A,15553,15630
I895C519A,15835,15909
I895C519A,16105,16175
I895C519A,16342,16415
I895C519A,16608,16683
I895C519A,16878,16953
I895C519A,17152,17224
I895C519A,17397,17474
I895C519A,17671,17814
I895C519A,17859,17933
I895C519A,18140,18215
I895C519A,18410,18501
I895C519A,18575,18615
I895C519A,18732,18795
I895C519A,18849,18931
I895C519A,19019,19040
I8961718B,233,263
I8961718B,265,306
I8961718B,308,330
I8961718B,332,352
I8961718B,354,381
I8961718B,383,397
I8961718B,399,416
I8961718B,418,432
I8961718B,434,456
I8961718B,458,503
I8961718B,505,532
I8961718B,534,560
I8961718B,562,585
I8961718B,587,612
I8961718B,614,636
I8961718B,638,670
I8961718B,672,702
I8961718B,704,731
I8961718B,733,757
I8961718B,759,784
I8961718B,786,814
I8961718B,816,843
I8961718B,845,873
I8961718B,875,907
I8961718B,909,936
I8961718B,938,972
I8961718B,974,1004
I8961718B,1006,1035
I8961718B,1037,1096
I8961718B,1098,1126
I8961718B,1128,1150
I8961718B,1152,1169
I8961718B,1171,1201
I8961718B,1203,1220
I8961718B,1222,1252
I8961718B,1254,1281
I8961718B,1283,1313
I8961718B,1315,1338
I8961718B,1340,1357
I8961718B,1359,1375
I8961718B,1377,1426
I8961718B,1428,1440
I8961718B,1442,1468
I8961718B,1470,1488
I8961718B,1490,1553
I8961718B,1555,1585
I8961718B,1587,1615
I8961718B,1617,1638
I8961718B,1640,1662
I8961718B,1664,1691
I8961718B,1693,1711
I8961718B,1713,1754
I8961718B,1756,1779
I8961718B,1781,1830
I8961718B,1832,1871
I8961718B,1873,1921
I8961718B,1923,1963
I8961718B,1965,2001
I8961718B,2003,2049
I8961718B,2051,2061
I8961718B,2063,2078
I8961718B,2080,2099
I8961718B,2101,2119
I8961718B,2121,2130
I8961718B,2132,2150
I8961718B,2751,2910
I8961718B,12086,12117
I8961718B,20820,20951
I8961718B,21745,21762
I8961718B,22229,22243
I8961718B,36727,36917
I8961718B,37197,37218
I8961718B,41555,41578
I8961718B,47019,47044
I8961718B,67776,67798
I8961718B,82464,82707
I8961718B,85156,85197
I8961718B,93891,93926
I8961718B,102490,102705
I8961718B,108996,109177
I8961718B,110985,111187
I8961718B,111189,111502
I8961718B,113575,113611
I8961718B,116883,116918
I8961718B,118215,118373
I8961718B,119235,119259
I8961718B,120344,120377
I8961718B,122588,122623
I8961718B,128112,128229
I8961718B,128306,128323
I8961718B,128671,128689
I8961718B,146536,146744
I8961718B,147631,147661
I8961718B,148077,148094
I8961718B,148459,148492
I8961718B,149447,149528
I8961718B,170092,170130
I8961718B,188497,188553
I8961718B,198086,198122
I8961718B,208931,209100
I8961718B,213450,213479
I8961718B,231443,231514
I8961718B,232735,232796
I8961718B,258016,258371
I8961718B,258561,258609
I8961718B,258797,258837
I8961718B,259199,259235
I8961718B,259370,259416
I8961718B,264972,265054
I8961718B,265496,265516
I8961718B,268572,268665
I8994AAB2,311,360
I8994AAB2,362,381
I8994AAB2,383,392
I8994AAB2,394,425
I8994AAB2,427,437
I8994AAB2,439,464
I8994AAB2,466,476
I8994AAB2,478,492
I8994AAB2,493,504
I8994AAB2,506,519
I8994AAB2,521,537
I8994AAB2,539,555
I8994AAB2,557,571
I8994AAB2,573,610
I8994AAB2,612,643
I8994AAB2,645,664
I8994AAB2,666,695
I8994AAB2,697,710
I8994AAB2,712,724
I8994AAB2,726,740
I8994AAB2,742,775
I8994AAB2,777,803
I8994AAB2,805,824
I8994AAB2,826,840
I8994AAB2,842,882
I8994AAB2,884,905
I8994AAB2,907,930
I8994AAB2,932,967
I8994AAB2,969,982
I8994AAB2,984,997
I8994AAB2,999,1029
I8994AAB2,1031,1051
I8994AAB2,1053,1070
I8994AAB2,1072,1087
I8994AAB2,1089,1126
I8994AAB2,1128,1137
I8994AAB2,1139,1145
I8994AAB2,1147,1172
I8994AAB2,1174,1202
I8994AAB2,1203,1236
I8994AAB2,1238,1283
I8994AAB2,1285,1331
I8994AAB2,1333,1365
I8994AAB2,1367,1397
I8994AAB2,1399,1442
I8994AAB2,1444,1472
I8994AAB2,1474,1488
I8994AAB2,1490,1514
I8994AAB2,1516,1542
I8994AAB2,1544,1580
I8994AAB2,1582,1615
I8994AAB2,1617,1631
I8994AAB2,1633,1658
I8994AAB2,1660,1685
I8994AAB2,1687,1717
I8994AAB2,1719,1747
I8994AAB2,1749,1768
I8994AAB2,1770,1802
I8994AAB2,1804,1826
I8994AAB2,1828,1841
I8994AAB2,1843,1855
I8994AAB2,1857,1881
I8994AAB2,1883,1904
I8994AAB2,1906,1969
I8994AAB2,1971,1986
I8994AAB2,1988,2017
I8994AAB2,2019,2032
I8994AAB2,2034,2046
I8994AAB2,2048,2070
I8994AAB2,2072,2099
I8994AAB2,2101,2134
I8994AAB2,2136,2163
I8994AAB2,2165,2185
I8994AAB2,2187,2207
I8994AAB2,2209,2232
I8994AAB2,2234,2261
I8994AAB2,2262,2283
I8994AAB2,2284,2305
I8994AAB2,2307,2328
I8994AAB2,2330,2351
I8994AAB2,2353,2379
I8994AAB2,2381,2401
I8994AAB2,2403,2420
I8994AAB2,2422,2447
I8994AAB2,2449,2467
I8994AAB2,2469,2488
I8994AAB2,2490,2504
I8994AAB2,2506,2533
I8994AAB2,2535,2550
I8994AAB2,2552,2581
I8994AAB2,2583,2598
I8994AAB2,2600,2615
I8994AAB2,2616,2625
I8994AAB2,2627,2638
I8994AAB2,2640,2658
I8994AAB2,2660,2682
I8994AAB2,2684,2709
I8994AAB2,2711,2741
I8994AAB2,2743,2770
I8994AAB2,2772,2801
I8994AAB2,2803,2842
I8994AAB2,2844,2876
I8994AAB2,2878,2908
I8994AAB2,2910,2919
I8994AAB2,2921,2933
I8994AAB2,2935,2968
I8994AAB2,2969,2978
I8994AAB2,2980,2986
I8994AAB2,2988,3010
I8994AAB2,3012,3021
I8994AAB2,3023,3029
I8994AAB2,3031,3053
I8994AAB2,3055,3084
I8994AAB2,3086,3109
I8994AAB2,3111,3132
I8994AAB2,3134,3164
I8994AAB2,3166,3196
I8994AAB2,3198,3218
I8994AAB2,3220,3253
I8994AAB2,3255,3277
I8994AAB2,3279,3315
I8994AAB2,3317,3342
I8994AAB2,3344,3369
I8994AAB2,3371,3388
I8994AAB2,3390,3410
I8994AAB2,3412,3455
I8994AAB2,3457,3481
I8994AAB2,3483,3505
I8994AAB2,3507,3527
I8994AAB2,3528,3565
I8994AAB2,3567,3594
I8994AAB2,3596,3627
I8994AAB2,3629,3658
I8994AAB2,3660,3682
I8994AAB2,3684,3741
I8994AAB2,3743,3774
I8994AAB2,3776,3796
I8994AAB2,3798,3814
I8994AAB2,3816,3862
I8994AAB2,3864,3890
I8994AAB2,3892,3925
I8994AAB2,3927,3962
I8994AAB2,3964,3973
I8994AAB2,3975,3981
I8994AAB2,3983,4011
I8994AAB2,4013,4033
I8994AAB2,4034,4064
I8994AAB2,4066,4088
I8994AAB2,4090,4118
I8994AAB2,4120,4162
I8994AAB2,4164,4203
I8994AAB2,4205,4230
I8994AAB2,4232,4262
I8994AAB2,4264,4301
I8994AAB2,4303,4342
I8994AAB2,4344,4383
I8994AAB2,4385,4441
I8994AAB2,4443,4466
I8994AAB2,4468,4498
I8994AAB2,4500,4524
I8994AAB2,4526,4566
I8994AAB2,4568,4590
I8994AAB2,4592,4614
I8994AAB2,4616,4636
I8994AAB2,4638,4672
I8994AAB2,4674,4704
I8994AAB2,4706,4746
I8994AAB2,4748,4774
I8994AAB2,4776,4791
I8994AAB2,4793,4820
I8994AAB2,4821,4830
I8994AAB2,4832,4838
I8994AAB2,4840,4872
I8994AAB2,4874,4891
I8994AAB2,4893,4907
I8994AAB2,4909,4930
I8994AAB2,4932,4972
I8994AAB2,4974,4995
I8994AAB2,4997,5012
I8994AAB2,5014,5023
I8994AAB2,5025,5031
I8994AAB2,5033,5055
I8994AAB2,5057,5078
I8994AAB2,5080,5099
I8994AAB2,5101,5131
I8994AAB2,5133,5159
I8994AAB2,5161,5182
I8994AAB2,5184,5218
I8994AAB2,5220,5250
I8994AAB2,5251,5285
I8994AAB2,5287,5319
I8994AAB2,5321,5338
I8994AAB2,5340,5349
I8994AAB2,5351,5357
I8994AAB2,5359,5375
I8994AAB2,5377,5400
I8994AAB2,5402,5424
I8994AAB2,5426,5441
I8994AAB2,5443,5452
I8994AAB2,5454,5460
I8994AAB2,5462,5475
I8994AAB2,5477,5489
I8994AAB2,5491,5514
I8994AAB2,5516,5536
I8994AAB2,5538,5554
I8994AAB2,5556,5571
I8994AAB2,5573,5604
I8994AAB2,5606,5617
I8994AAB2,5619,5627
I8994AAB2,5629,5668
I8994AAB2,5670,5695
I8994AAB2,5697,5707
I8994AAB2,5709,5744
I8994AAB2,5746,5777
I8994AAB2,5779,5799
I8994AAB2,5801,5815
I8994AAB2,5817,5843
I8994AAB2,5845,5866
I8994AAB2,5868,5896
I8994AAB2,5898,5918
I8994AAB2,5920,5946
I8994AAB2,5948,5971
I8994AAB2,5973,5994
I8994AAB2,5996,6011
I8994AAB2,6013,6036
I8994AAB2,6038,6067
I8994AAB2,6069,6090
I8994AAB2,6092,6108
I8994AAB2,6110,6122
I8994AAB2,6124,6144
I8994AAB2,6146,6182
I8994AAB2,6184,6204
I8994AAB2,6206,6235
I8994AAB2,6237,6263
I8994AAB2,6265,6289
I8994AAB2,6291,6316
I8994AAB2,6318,6347
I8994AAB2,6349,6370
I8994AAB2,6372,6398
I8994AAB2,6400,6431
I8994AAB2,6433,6459
I8994AAB2,6461,6491
I8994AAB2,6493,6517
I8994AAB2,6519,6528
I8994AAB2,6530,6536
I8994AAB2,6538,6565
I8994AAB2,6567,6576
I8994AAB2,6578,6584
I8994AAB2,6586,6600
I8994AAB2,6602,6623
I8994AAB2,6625,6641
I8994AAB2,6643,6661
I8994AAB2,6663,6675
I8994AAB2,6677,6691
I8994AAB2,6693,6727
I8994AAB2,6729,6759
I8994AAB2,6761,6777
I8994AAB2,6779,6789
I8994AAB2,6790,6802
I8994AAB2,6804,6818
I8994AAB2,6820,6853
I8994AAB2,6855,6876
I8994AAB2,6878,6892
I8994AAB2,6894,6903
I8994AAB2,6905,6921
I8994AAB2,6923,6942
I8994AAB2,6944,6973
I8994AAB2,6975,7006
I8994AAB2,7008,7038
I8994AAB2,7040,7066
I8994AAB2,7068,7092
I8994AAB2,7094,7122
I8994AAB2,7124,7150
I8994AAB2,7152,7177
I8994AAB2,7179,7201
I8994AAB2,7203,7225
I8994AAB2,7227,7265
I8994AAB2,7267,7293
I8994AAB2,7295,7322
I8994AAB2,7324,7351
I8994AAB2,7353,7381
I8994AAB2,7383,7403
I8994AAB2,7405,7434
I8994AAB2,7436,7475
I8994AAB2,7477,7491
I8994AAB2,7493,7511
I8994AAB2,7513,7538
I8994AAB2,7540,7560
I8994AAB2,7562,7591
I8994AAB2,7593,7628
I8994AAB2,7630,7651
I8994AAB2,7653,7696
I8994AAB2,7698,7730
I8994AAB2,7732,7752
I8994AAB2,7754,7771
I8994AAB2,7773,7793
I8994AAB2,7795,7812
I8994AAB2,7814,7828
I8994AAB2,7830,7857
I8994AAB2,7859,7882
I8994AAB2,7884,7920
I8994AAB2,7922,7963
I8994AAB2,7965,7986
I8994AAB2,7988,8007
I8994AAB2,8009,8024
I8994AAB2,8026,8046
I8994AAB2,8048,8070
I8994AAB2,8072,8093
I8994AAB2,8095,8122
I8994AAB2,8124,8144
I8994AAB2,8146,8166
I8994AAB2,8168,8186
I8994AAB2,9728,9744
I8994AAB2,10316,10357
I8994AAB2,10427,10444
I8994AAB2,12439,12472
I8994AAB2,12871,12889
I8994AAB2,14659,14682
I8994AAB2,14723,14740
I8994AAB2,16503,16524
I8994AAB2,17112,17136
I8994AAB2,18344,18361
I8994AAB2,21290,21310
I8994AAB2,22640,22678
I8994AAB2,23427,23456
I8994AAB2,23620,23640
I8994AAB2,24183,24207
I8994AAB2,24261,24282
I8994AAB2,25400,25441
I8994AAB2,27109,27179
I8994AAB2,27181,27207
I8994AAB2,27528,27553
I8994AAB2,27670,27717
I8994AAB2,29606,29635
I8994AAB2,31857,31888
I8994AAB2,33875,33921
I8994AAB2,33985,34005
I8994AAB2,34471,34495
I8994AAB2,34575,34612
I8994AAB2,35726,35754
I8994AAB2,36980,37005
I8994AAB2,37642,37664
I8994AAB2,39193,39262
I8994AAB2,39264,39280
I8994AAB2,39945,39959
I8994AAB2,41785,41816
I8994AAB2,43105,43142
I8994AAB2,43337,43389
I8994AAB2,45657,45711
I8994AAB2,47708,47752
I8994AAB2,47853,47890
I8994AAB2,48449,48500
I8994AAB2,49867,49906
I8994AAB2,49986,50008
I8994AAB2,50644,50677
I8994AAB2,52887,52926
I8994AAB2,53001,53044
I8994AAB2,54651,54692
I8994AAB2,56346,56368
I8994AAB2,58010,58045
I8994AAB2,58102,58134
I8994AAB2,59300,59342
I8994AAB2,59421,59456
I8994AAB2,61662,61689
I8994AAB2,62397,62437
I8994AAB2,62710,62740
I8994AAB2,62790,62810
I8994AAB2,63429,63449
I8994AAB2,65640,65672
I8994AAB2,67992,68012
I8994AAB2,69121,69143
I8994AAB2,69596,69659
I8994AAB2,69661,69681
I8994AAB2,70278,70305
I8994AAB2,70548,70582
I8994AAB2,71307,71372
I8994AAB2,71374,71390
I8994AAB2,72597,72611
I8994AAB2,73922,73999
I8994AAB2,74001,74028
I8994AAB2,75008,75036
I8994AAB2,76686,76783
I8994AAB2,76785,76819
I8994AAB2,79118,79152
I8994AAB2,79839,79871
I8994AAB2,79920,79952
I8994AAB2,81497,81530
I8994AAB2,82672,82710
I8994AAB2,82749,82776
I8994AAB2,84034,84059
I8994AAB2,87062,87098
I8994AAB2,87208,87234
I8994AAB2,88227,88249
I8994AAB2,89522,89561
I8994AAB2,89620,89642
I8994AAB2,90064,90125
I8994AAB2,90127,90143
I8994AAB2,90963,90977
I8994AAB2,92755,92778
I8994AAB2,93150,93213
I8994AAB2,93215,93231
I8994AAB2,93543,93562
I8994AAB2,94386,94412
I8994AAB2,96066,96097
I8994AAB2,96212,96228
I8994AAB2,96917,96931
I8994AAB2,101589,101627
I8994AAB2,102491,102526
I8994AAB2,104016,104063
I8994AAB2,104137,104183
I8994AAB2,106548,106592
I8994AAB2,106644,106681
I8994AAB2,109769,109786
I8994AAB2,112141,112161
I8994AAB2,113206,113269
I8994AAB2,113271,113287
I8994AAB2,113763,113777
I8994AAB2,115010,115062
I8994AAB2,115064,115080
I8994AAB2,116178,116196
I8994AAB2,116270,116299
I8994AAB2,119949,119986
I8994AAB2,121622,121653
I8994AAB2,124148,124168
I8994AAB2,125184,125221
I8994AAB2,127411,127443
I8994AAB2,127697,127740
I8994AAB2,135877,135893
I8994AAB2,136559,136592
I8994AAB2,138280,138307
I8994AAB2,138377,138404
I8994AAB2,138921,138972
I8994AAB2,140956,140986
I8994AAB2,142770,142801
I8994AAB2,142885,142912
I8994AAB2,145594,145639
I8994AAB2,146703,146741
I8994AAB2,146873,146911
I8994AAB2,148264,148305
I8994AAB2,148470,148534
I8994AAB2,151481,151520
I8994AAB2,152365,152393
I8994AAB2,154535,154567
I8994AAB2,154672,154725
I8994AAB2,156445,156478
I8994AAB2,157459,157500
I8994AAB2,159136,159201
I8994AAB2,159203,159219
I8994AAB2,159716,159732
I8994AAB2,159855,159890
I8994AAB2,160536,160564
I8994AAB2,161440,161478
I8994AAB2,163761,163790
I8994AAB2,166494,166528
I8994AAB2,167836,167887
I8994AAB2,167981,168027
I8994AAB2,170370,170403
I8994AAB2,173225,173266
I8994AAB2,173435,173479
I8994AAB2,174673,174720
I8994AAB2,176150,176197
I8994AAB2,177413,177476
I8994AAB2,178961,179000
I8994AAB2,179186,179222
I8994AAB2,180441,180469
I8994AAB2,181306,181334
I8994AAB2,182212,182237
I8994AAB2,183188,183229
I8994AAB2,184592,184619
I8994AAB2,184701,184748
I8994AAB2,185856,185890
I8994AAB2,187659,187682
I8994AAB2,188818,188882
I8994AAB2,188884,188900
I8994AAB2,189523,189537
I8994AAB2,191569,191639
I8994AAB2,191641,191665
I8994AAB2,192279,192301
I8994AAB2,193827,193847
I8994AAB2,195460,195476
I8994AAB2,196854,196919
I8994AAB2,196921,196950
I8994AAB2,197542,197580
I8994AAB2,197733,197758
I8994AAB2,199078,199116
I8994AAB2,202011,202045
I8994AAB2,204377,204405
I8994AAB2,207974,208014
I8994AAB2,211247,211289
I8994AAB2,211357,211398
I8994AAB2,213163,213203
I8994AAB2,218800,218853
I8994AAB2,218855,218871
I8994AAB2,219441,219459
I8994AAB2,219521,219544
I8994AAB2,220860,220891
I8994AAB2,222377,222407
I8994AAB2,228531,228583
I8994AAB2,228585,228601
I8994AAB2,229060,229104
I8994AAB2,229106,229126
I8994AAB2,229863,229887
I8994AAB2,229976,230003
I8994AAB2,233521,233545
I8994AAB2,234461,234486
I8994AAB2,234615,234633
I8994AAB2,236577,236593
I8994AAB2,238692,238739
I8994AAB2,240343,240380
I8994AAB2,240500,240542
I8994AAB2,241106,241145
I8994AAB2,242396,242422
I8994AAB2,243669,243689
I8994AAB2,244705,244740
I8994AAB2,245749,245777
I8994AAB2,247080,247152
I8994AAB2,247154,247184
I8994AAB2,247947,248046
I8994AAB2,248048,248070
I8994AAB2,249098,249129
I8994AAB2,250472,250509
I8994AAB2,251366,251393
I8994AAB2,252412,252439
I8994AAB2,253470,253514
I8994AAB2,255218,255296
I8994AAB2,255298,255334
I8994AAB2,256133,256166
I8994AAB2,256244,256275
I8994AAB2,256559,256592
I8994AAB2,258393,258430
I8994AAB2,261238,261265
I8994AAB2,262355,262393
I8994AAB2,262888,262926
I8994AAB2,263007,263044
I8994AAB2,265963,266017
I8994AAB2,266019,266035
I8994AAB2,266379,266393
I8994AAB2,268539,268596
I8994AAB2,268598,268614
I8994AAB2,269034,269048
I8994AAB2,271154,271174
I8994AAB2,272326,272345
I8994AAB2,272911,272937
I8994AAB2,273017,273058
I8994AAB2,274124,274162
I8994AAB2,276094,276118
I8994AAB2,277048,277097
I8994AAB2,277099,277118
I8994AAB2,277797,277878
I8994AAB2,277880,277920
I8994AAB2,278926,278955
I8994AAB2,281363,281430
I8994AAB2,281432,281448
I8994AAB2,281975,281999
I8994AAB2,282501,282532
I8994AAB2,282710,282748
I8994AAB2,283442,283480
I8994AAB2,283855,283889
I8994AAB2,284318,284349
I8994AAB2,284815,284849
I8994AAB2,285235,285269
I8994AAB2,285680,285713
I8994AAB2,286157,286188
I8994AAB2,287212,287250
I8994AAB2,287252,287295
I8994AAB2,288117,288149
I8994AAB2,288927,288960
I8994AAB2,289817,289849
I8994AAB2,290945,290986
I8994AAB2,291660,291691
I8994AAB2,292198,292244
I8994AAB2,292623,292668
I8994AAB2,293396,293416
I8994AAB2,294284,294316
I8994AAB2,294851,294883
I8994AAB2,294949,294984
I8994AAB2,296857,296900
I8994AAB2,297992,298019
I8994AAB2,299147,299186
I8994AAB2,299995,300027
I8994AAB2,300140,300167
I8994AAB2,301043,301068
I8994AAB2,302259,302281
I8994AAB2,303297,303334
I8994AAB2,303435,303465
I8994AAB2,303976,304020
I8994AAB2,307621,307670
I8994AAB2,308454,308481
I8994AAB2,309587,309609
I8994AAB2,310074,310106
I8994AAB2,310152,310181
I8994AAB2,313914,313943
I8994AAB2,316578,316659
I8994AAB2,316661,316688
I8994AAB2,317728,317756
I8A57AE06,196,485
I8A57AE06,541,561
I8A57AE06,762,982
I8A57AE06,1142,1323
I8A57AE06,1487,1654
I8A57AE06,1820,1999
I8A57AE06,2162,2319
I8A57AE06,2480,2642
I8A57AE06,2807,2969
I8A57AE06,3135,3297
I8A57AE06,3463,3624
I8A57AE06,3789,3947
I8A57AE06,4108,4269
I8A57AE06,4438,4603
I8A57AE06,4771,4931
I8A57AE06,5094,5254
I8A57AE06,5416,5580
I8A57AE06,5747,5905
I8A57AE06,6066,6228
I8A57AE06,6395,6553
I8A57AE06,6714,6875
I8A57AE06,7039,7197
I8A57AE06,7358,7512
I8A57AE06,7669,7831
I8A57AE06,7996,8154
I8A57AE06,8315,8482
I8A57AE06,8646,8816
I8A57AE06,8984,9044
I8A57AE06,9137,9157
I8B49E87B,9976,10008
I8B49E87B,10557,10582
I8B49E87B,29836,29968
I8B49E87B,30758,30788
I8B49E87B,32172,32196
I8B49E87B,33059,33117
I8B49E87B,34303,34323
I8B49E87B,34841,34939
I8B49E87B,36633,36658
I8B49E87B,40955,40981
I8B49E87B,77408,77544
I8B49E87B,77546,77581
I8B49E87B,77583,77605
I8B49E87B,77607,78048
I8B49E87B,78050,78074
I8B49E87B,97736,97778
I8B49E87B,98877,98919
I8B49E87B,100212,100248
I8B49E87B,101075,101102
I8B49E87B,103704,103751
I8B49E87B,103981,104025
I8B49E87B,104483,104503
I8B49E87B,105292,105340
I8B49E87B,110734,110776
I8B49E87B,111939,111984
I8B49E87B,118997,119041
I8B49E87B,120137,120398
I8B49E87B,120400,120458
I8B49E87B,120541,120639
I8B49E87B,122558,122590
I8B49E87B,123221,123247
I8B49E87B,124242,124441
I8B49E87B,125886,125943
I8B49E87B,127746,127941
I8B49E87B,128550,128673
I8B49E87B,129080,129100
I8B49E87B,129578,129609
I8B49E87B,129824,129850
I8B49E87B,130062,130100
I8B49E87B,136307,136432
I8B49E87B,139480,139517
I8B49E87B,141849,141879
I8B49E87B,148955,148987
I8B49E87B,154569,154601
I8B49E87B,156133,156161
I8B49E87B,157615,157740
I8B49E87B,157944,157984
I8B49E87B,158029,158115
I8B49E87B,158768,158798
I8B49E87B,159995,160175
I8B49E87B,160178,160317
I8B49E87B,161678,161709
I8B49E87B,161937,162069
I8B49E87B,163255,163275
I8B49E87B,164547,164577
I8B49E87B,166294,166332
I8B49E87B,168906,168944
I8B49E87B,169534,169573
I8B49E87B,172003,172130
I8B49E87B,172519,172543
I8B49E87B,172752,172786
I8B49E87B,172902,172930
I8B49E87B,173232,173257
I8B49E87B,175380,175412
I8B49E87B,176862,176891
I8B49E87B,182179,182216
I8B49E87B,190541,190578
I8B49E87B,205380,205441
I8B49E87B,206667,206719
I8B49E87B,207670,207776
I8B49E87B,217360,217390
I8B49E87B,221976,222039
I8B49E87B,222602,222682
I8B49E87B,230693,230710
I8B49E87B,236112,236145
I8B49E87B,239532,239554
I8B49E87B,243055,243082
I8B49E87B,247924,247955
I8B49E87B,250563,250600
I8B49E87B,254820,254863
I8B49E87B,254865,254895
I8B49E87B,286717,286799
I8B49E87B,294305,294359
I8D6D2565,787,967
I8D6D2565,1131,1340
I8D6D2565,6842,6969
I8D6D2565,10834,10857
I8D6D2565,14102,14125
I8D6D2565,20360,20381
I8D6D2565,23100,23118
I8D6D2565,24131,24149
I8D6D2565,24910,24928
I8D6D2565,25631,25648
I8D6D2565,26015,26033
I8D6D2565,26332,26350
I8D6D2565,26713,26979
I8D6D2565,27700,27840
I8D6D2565,29124,29151
I8D6D2565,30300,30333
I8D6D2565,32173,32338
I8D6D2565,33966,34000
I8D6D2565,36173,36209
I8D6D2565,39216,39354
I8D6D2565,40571,40764
I8D6D2565,41944,41980
I8D6D2565,42572,42606
I8D6D2565,44025,44159
I8D6D2565,46094,46134
I8D6D2565,49201,49258
I8D6D2565,49883,49922
I8E747E8E,1435,1571
I8E747E8E,1664,1683
I8E747E8E,1840,1939
I8E747E8E,2747,3101
I8E747E8E,4192,4222
I8E747E8E,5337,5363
I8E747E8E,5741,5772
I8E747E8E,6509,6532
I8E747E8E,6775,6805
I8E747E8E,7592,7618
I8E747E8E,8406,8444
I8E747E8E,10533,10656
I8E747E8E,10903,11092
I8E747E8E,11860,11878
I8E747E8E,12633,12664
I8E747E8E,16983,17019
I8E747E8E,18060,18161
I8E747E8E,19173,19415
I8E747E8E,19892,19934
I8E747E8E,21392,21571
I8E747E8E,24089,24127
I8E747E8E,26866,26911
I8E747E8E,28306,28401
I8E747E8E,28533,28700
I8E747E8E,29999,30034
I8E747E8E,31332,31360
I8E747E8E,33987,34007
I8E747E8E,34312,34424
I8E747E8E,34886,34956
I8E747E8E,35759,35799
I8E747E8E,37309,37355
I8E747E8E,39534,39592
I8E747E8E,40338,40397
I8E747E8E,40852,40908
I8E747E8E,41285,41392
I8E747E8E,42237,42273
I8E747E8E,42693,42748
I8E747E8E,43023,43060
I8E747E8E,43395,43429
I8E747E8E,44070,44226
I8E747E8E,45027,45069
I8E747E8E,45354,45386
I8E747E8E,49963,50396
I8E747E8E,51113,51146
I8E747E8E,51406,51642
I8E747E8E,51988,52046
I8E747E8E,52429,52472
I8E747E8E,53249,53287
I8E747E8E,54044,54070
I8E747E8E,54966,55024
I8E747E8E,55960,55990
I8E747E8E,57164,57285
I8E747E8E,58706,58736
I8E747E8E,59795,59928
I8E747E8E,60595,60633
I8E747E8E,61727,61820
I8E747E8E,61952,62060
I8E747E8E,62290,62462
I8E747E8E,63509,63546
I8E747E8E,63843,63880
I8E747E8E,64619,64811
I8E747E8E,65053,65071
I8E747E8E,65297,65374
I8E747E8E,66190,66295
I8E747E8E,66419,66442
I8E747E8E,67306,67404
I8E747E8E,67727,67755
I8E747E8E,69018,69072
I8E747E8E,69613,69667
I8E747E8E,69825,69869
I8E747E8E,70190,70246
I8E747E8E,71965,71974
I8E747E8E,73466,73500
I8E747E8E,75190,75243
I8E747E8E,77657,77704
I8EC6D8E9,261,345
I8EC6D8E9,1441,1516
I8EC6D8E9,2039,2100
I8EC6D8E9,2612,2666
I8EC6D8E9,3626,3673
I8EC6D8E9,5546,5586
I8EC6D8E9,8298,8338
I8EC6D8E9,9177,9216
I8EC6D8E9,10248,10298
I8EC6D8E9,11565,11614
I8EC6D8E9,12978,13022
I8EC6D8E9,14651,14690
I8EC6D8E9,15135,15206
I8EC6D8E9,17036,17100
I8EC6D8E9,18491,18536
I8EC6D8E9,19231,19268
I8EC6D8E9,20558,20603
I8EC6D8E9,21860,21895
I8EC6D8E9,23115,23167
I8EC6D8E9,24326,24366
I8EC6D8E9,25128,25167
I8EC6D8E9,26252,26289
I8EC6D8E9,33572,33613
I8EC6D8E9,34983,35033
I8EC6D8E9,35992,36039
I8EC6D8E9,36560,36596
I91949F99,115,132
I91949F99,134,197
I91949F99,199,221
I91949F99,223,268
I91949F99,270,307
I91949F99,309,329
I91949F99,331,359
I91949F99,361,385
I91949F99,387,407
I91949F99,408,440
I91949F99,442,462
I91949F99,464,492
I91949F99,494,518
I91949F99,520,546
I91949F99,548,572
I91949F99,573,609
I91949F99,611,640
I91949F99,642,675
I91949F99,677,708
I91949F99,709,735
I91949F99,736,765
I91949F99,767,794
I91949F99,796,822
I91949F99,824,851
I91949F99,852,885
I91949F99,887,913
I91949F99,915,946
I91949F99,947,971
I91949F99,973,1002
I91949F99,1004,1034
I91949F99,1036,1058
I91949F99,1060,1086
I91949F99,1088,1125
I91949F99,1127,1157
I91949F99,1159,1203
I91949F99,1205,1228
I91949F99,1230,1256
I91949F99,1258,1275
I91949F99,1277,1297
I91949F99,1299,1322
I91949F99,1324,1347
I91949F99,1349,1379
I91949F99,1381,1407
I91949F99,1409,1426
I91949F99,1428,1451
I91949F99,1453,1488
I91949F99,1490,1510
I91949F99,1512,1550
I91949F99,1552,1610
I91949F99,1612,1662
I91949F99,1664,1713
I91949F99,1715,1751
I91949F99,1753,1793
I91949F99,1794,1838
I91949F99,1840,1864
I91949F99,1866,1895
I91949F99,1897,1906
I91949F99,1907,1917
I91949F99,1919,1931
I91949F99,1933,1958
I91949F99,1960,1996
I91949F99,1998,2029
I91949F99,2031,2062
I91949F99,2064,2088
I91949F99,2090,2108
I91949F99,2109,2129
I91949F99,2131,2143
I91949F99,2145,2171
I91949F99,2173,2210
I91949F99,2212,2224
I91949F99,2226,2252
I91949F99,2254,2267
I91949F99,2269,2297
I91949F99,2299,2316
I91949F99,2318,2355
I91949F99,2357,2388
I91949F99,2390,2412
I91949F99,2414,2437
I91949F99,2439,2459
I91949F99,2461,2488
I91949F99,2489,2511
I91949F99,2513,2537
I91949F99,2539,2564
I91949F99,2566,2589
I91949F99,2591,2616
I91949F99,2618,2667
I91949F99,2669,2741
I91949F99,2743,2790
I91949F99,2792,2820
I91949F99,2821,2846
I91949F99,2847,2873
I91949F99,2875,2893
I91949F99,2895,2921
I91949F99,2922,2945
I91949F99,2947,2971
I91949F99,2973,3000
I91949F99,3002,3034
I91949F99,3036,3078
I91949F99,3080,3121
I91949F99,3123,3150
I91949F99,3152,3174
I91949F99,3176,3203
I91949F99,3205,3228
I91949F99,3230,3271
I91949F99,3273,3317
I91949F99,3319,3348
I91949F99,3350,3378
I91949F99,3380,3410
I91949F99,3412,3452
I91949F99,3454,3484
I91949F99,3486,3512
I91949F99,3514,3536
I91949F99,3537,3559
I91949F99,3561,3584
I91949F99,3586,3612
I91949F99,3614,3641
I91949F99,3643,3669
I91949F99,3671,3703
I91949F99,3704,3723
I91949F99,3725,3759
I91949F99,3761,3794
I91949F99,3796,3826
I91949F99,3828,3842
I91949F99,3844,3868
I91949F99,3869,3892
I91949F99,3894,3917
I91949F99,3919,3939
I91949F99,3941,3971
I91949F99,3973,3999
I91949F99,4001,4045
I91949F99,4047,4070
I91949F99,4072,4097
I91949F99,4098,4129
I91949F99,4131,4156
I91949F99,4158,4183
I91949F99,4185,4208
I91949F99,4210,4235
I91949F99,4237,4267
I91949F99,4269,4299
I91949F99,4301,4326
I91949F99,4328,4351
I91949F99,4353,4377
I91949F99,4378,4406
I91949F99,4408,4440
I91949F99,4442,4471
I91949F99,4473,4500
I91949F99,4502,4535
I91949F99,4537,4567
I91949F99,4569,4590
I91949F99,4592,4627
I91949F99,4629,4653
I91949F99,4655,4677
I91949F99,4679,4710
I91949F99,4712,4744
I91949F99,4746,4787
I91949F99,4789,4827
I91949F99,4829,4842
I91949F99,4844,4870
I91949F99,4872,4905
I91949F99,4907,4946
I91949F99,4948,4984
I91949F99,4986,5021
I91949F99,5023,5044
I91949F99,5046,5064
I91949F99,5066,5091
I91949F99,5093,5123
I91949F99,5124,5163
I91949F99,5165,5205
I91949F99,5207,5234
I91949F99,5236,5262
I91949F99,5264,5308
I91949F99,5310,5343
I91949F99,5345,5363
I91949F99,11927,12249
I91949F99,13763,13911
I91949F99,15207,15243
I91949F99,17573,17605
I91949F99,20375,20633
I91949F99,21502,21538
I91949F99,22830,22862
I91949F99,32237,32370
I91949F99,34092,34136
I91949F99,37949,38098
I91949F99,41809,42104
I91949F99,44063,44099
I91949F99,47251,47285
I91949F99,48548,48582
I91949F99,50030,50069
I91949F99,55251,55516
I91949F99,58991,59028
I91949F99,61925,62048
I91949F99,63370,63525
I91949F99,64328,64701
I91949F99,67298,67407
I91949F99,69288,69320
I91949F99,70899,70930
I91949F99,71569,71707
I91949F99,73072,73098
I91949F99,77413,77444
I91949F99,78010,78513
I91949F99,80340,80398
I91949F99,82836,82893
I91949F99,85045,85228
I91949F99,87259,87405
I91949F99,88847,88934
I91949F99,90281,90299
I91949F99,92546,92707
I91949F99,93313,93357
I91949F99,94113,94255
I91949F99,95523,95648
I91949F99,98018,98228
I91949F99,99939,99984
I91949F99,102917,102936
I91949F99,104603,104628
I91949F99,106958,106978
I91949F99,109876,109910
I91949F99,111957,111979
I91949F99,112364,112525
I91949F99,115191,115221
I91949F99,117023,117054
I91949F99,118705,118923
I91949F99,119742,119761
I91949F99,120766,120786
I91949F99,121708,121725
I91949F99,123084,123333
I91949F99,124781,124861
I91949F99,126164,126219
I91949F99,128941,129177
I91949F99,131066,131199
I91949F99,131549,131580
I91949F99,132129,132436
I91949F99,132982,133032
I91949F99,135545,135594
I91949F99,136723,136980
I91949F99,139062,139368
I91949F99,141111,141252
I91949F99,143159,143197
I91949F99,144406,144452
I91949F99,148048,148084
I91949F99,151978,152200
I91949F99,153602,153633
I91949F99,154784,154818
I91949F99,156383,156418
I91949F99,158861,159206
I91949F99,161359,161400
I91949F99,163333,163371
I91949F99,164897,164917
I91949F99,166371,166526
I91949F99,167785,167816
I91949F99,170030,170058
I91949F99,172392,172429
I91949F99,173647,173807
I91949F99,175458,175489
I91949F99,177889,178132
I91949F99,180556,180589
I91949F99,182546,182577
I91949F99,183617,183977
I91949F99,190327,190358
I91949F99,193467,193602
I91949F99,197897,198039
I91949F99,201606,201641
I91949F99,205869,206006
I91949F99,209081,209110
I91949F99,212623,212751
I91949F99,215236,215266
I91949F99,217442,217633
I91949F99,220373,220422
I91949F99,223349,223491
I91949F99,224746,224780
I91949F99,228039,228080
I91949F99,229687,229881
I91949F99,233878,233998
I91949F99,237527,237553
I91949F99,239667,239961
I91949F99,242701,242749
I91949F99,244744,244892
I91949F99,247179,247231
I91949F99,248744,248783
I920AA7AC,208,225
I920AA7AC,227,289
I920AA7AC,291,345
I920AA7AC,347,377
I920AA7AC,379,409
I920AA7AC,411,439
I920AA7AC,441,467
I920AA7AC,469,492
I920AA7AC,494,516
I920AA7AC,518,547
I920AA7AC,549,585
I920AA7AC,587,631
I920AA7AC,633,663
I920AA7AC,664,699
I920AA7AC,701,721
I920AA7AC,723,773
I920AA7AC,775,802
I920AA7AC,804,832
I920AA7AC,834,857
I920AA7AC,859,885
I920AA7AC,887,928
I920AA7AC,930,954
I920AA7AC,956,979
I920AA7AC,981,997
I920AA7AC,999,1026
I920AA7AC,1028,1055
I920AA7AC,1057,1085
I920AA7AC,1087,1114
I920AA7AC,1116,1139
I920AA7AC,1141,1166
I920AA7AC,1168,1183
I920AA7AC,1185,1201
I920AA7AC,1203,1222
I920AA7AC,1224,1246
I920AA7AC,1248,1268
I920AA7AC,1270,1303
I920AA7AC,1305,1327
I920AA7AC,1329,1376
I920AA7AC,1378,1393
I920AA7AC,1395,1440
I920AA7AC,1442,1465
I920AA7AC,1467,1493
I920AA7AC,1495,1517
I920AA7AC,1519,1542
I920AA7AC,1544,1579
I920AA7AC,1581,1617
I920AA7AC,1619,1645
I920AA7AC,1647,1678
I920AA7AC,1680,1711
I920AA7AC,1713,1738
I920AA7AC,1740,1760
I920AA7AC,1762,1785
I920AA7AC,1787,1811
I920AA7AC,1813,1836
I920AA7AC,1838,1873
I920AA7AC,1875,1913
I920AA7AC,1915,1966
I920AA7AC,1968,2000
I920AA7AC,2002,2043
I920AA7AC,2045,2078
I920AA7AC,2080,2098
I920AA7AC,2100,2112
I920AA7AC,2114,2131
I920AA7AC,2133,2155
I920AA7AC,2157,2176
I920AA7AC,2178,2213
I920AA7AC,2215,2249
I920AA7AC,2251,2291
I920AA7AC,2293,2316
I920AA7AC,2318,2357
I920AA7AC,2359,2374
I920AA7AC,2376,2393
I920AA7AC,2395,2432
I920AA7AC,2434,2454
I920AA7AC,2456,2484
I920AA7AC,2486,2524
I920AA7AC,2526,2557
I920AA7AC,2559,2591
I920AA7AC,2593,2619
I920AA7AC,2621,2650
I920AA7AC,2652,2681
I920AA7AC,2683,2722
I920AA7AC,2724,2752
I920AA7AC,2754,2779
I920AA7AC,2781,2813
I920AA7AC,2815,2850
I920AA7AC,2852,2884
I920AA7AC,2886,2918
I920AA7AC,2920,2930
I920AA7AC,2932,2962
I920AA7AC,2964,2986
I920AA7AC,2988,3023
I920AA7AC,3025,3051
I920AA7AC,3053,3079
I920AA7AC,3081,3097
I920AA7AC,3099,3121
I920AA7AC,3123,3146
I920AA7AC,3148,3175
I920AA7AC,3177,3215
I920AA7AC,3217,3252
I920AA7AC,3254,3278
I920AA7AC,3280,3301
I920AA7AC,3303,3330
I920AA7AC,3332,3362
I920AA7AC,3364,3381
I920AA7AC,3383,3401
I920AA7AC,10382,10794
I920AA7AC,10796,10832
I920AA7AC,13403,13441
I920AA7AC,15811,15847
I920AA7AC,18438,18471
I920AA7AC,22169,22198
I920AA7AC,27868,27898
I920AA7AC,29055,29118
I920AA7AC,30027,30075
I920AA7AC,36538,36655
I920AA7AC,39308,39367
I920AA7AC,40510,40564
I920AA7AC,40828,40860
I920AA7AC,41104,41154
I920AA7AC,45339,45377
I920AA7AC,46314,46359
I920AA7AC,47440,47756
I920AA7AC,47758,47795
I920AA7AC,48265,48291
I920AA7AC,49469,49490
I920AA7AC,50174,50415
I920AA7AC,50417,50474
I920AA7AC,51707,51742
I920AA7AC,53960,53996
I920AA7AC,54754,55112
I920AA7AC,55114,55157
I920AA7AC,56261,56295
I920AA7AC,57049,57088
I920AA7AC,59127,59273
I920AA7AC,59275,59318
I920AA7AC,60940,60974
I920AA7AC,61733,61773
I920AA7AC,62299,62340
I920AA7AC,63580,63715
I920AA7AC,63717,63760
I920AA7AC,64914,64962
I920AA7AC,66250,66411
I920AA7AC,66888,66917
I920AA7AC,67498,67526
I920AA7AC,68152,68193
I920AA7AC,68629,68760
I920AA7AC,68762,68801
I920AA7AC,70012,70048
I920AA7AC,71343,71381
I920AA7AC,72299,72558
I920AA7AC,72560,72602
I920AA7AC,73638,73677
I920AA7AC,74209,74234
I920AA7AC,75868,75915
I920AA7AC,76581,76845
I920AA7AC,76847,76881
I920AA7AC,78797,78907
I920AA7AC,78909,78944
I920AA7AC,79549,79610
I920AA7AC,79815,79857
I920AA7AC,80465,80584
I920AA7AC,81327,81431
I920AA7AC,81433,81471
I920AA7AC,82625,82667
I920AA7AC,83423,83534
I920AA7AC,83536,83582
I920AA7AC,84005,84209
I920AA7AC,84211,84249
I920AA7AC,84771,84810
I920AA7AC,86146,86185
I920AA7AC,87023,87145
I920AA7AC,87147,87192
I920AA7AC,87640,87694
I920AA7AC,88597,88695
I920AA7AC,88697,88746
I920AA7AC,89368,89452
I920AA7AC,89454,89477
I920AA7AC,89913,89940
I920AA7AC,90597,90666
I920AA7AC,90668,90699
I920AA7AC,91176,91204
I920AA7AC,91892,91991
I920AA7AC,91993,92030
I920AA7AC,92635,92679
I920AA7AC,93254,93325
I920AA7AC,93327,93350
I920AA7AC,93772,93798
I920AA7AC,94332,94426
I920AA7AC,94428,94456
I920AA7AC,95030,95337
I920AA7AC,95339,95372
I920AA7AC,95905,95941
I920AA7AC,96418,96457
I920AA7AC,96957,97162
I920AA7AC,97164,97178
I920AA7AC,97570,97585
I920AA7AC,98264,98290
I920AA7AC,99284,99309
I920AA7AC,100082,100180
I920AA7AC,100182,100213
I920AA7AC,100677,100711
I920AA7AC,101431,101526
I920AA7AC,101528,101567
I920AA7AC,102010,102037
I920AA7AC,102514,102729
I920AA7AC,102731,102770
I920AA7AC,103778,103883
I920AA7AC,103885,103926
I920AA7AC,104368,104408
I920AA7AC,104985,105200
I920AA7AC,105202,105241
I920AA7AC,106278,106320
I920AA7AC,107190,107231
I920AA7AC,107754,107792
I920AA7AC,109242,109284
I920AA7AC,110683,110814
I920AA7AC,110816,110861
I920AA7AC,111801,112006
I920AA7AC,112008,112037
I920AA7AC,112411,112444
I920AA7AC,113266,113299
I920AA7AC,113938,113986
I920AA7AC,114801,114920
I920AA7AC,114922,114963
I920AA7AC,115705,115900
I920AA7AC,115902,115939
I920AA7AC,116290,116323
I920AA7AC,117077,117167
I920AA7AC,117169,117196
I920AA7AC,117773,117809
I920AA7AC,118346,118477
I920AA7AC,118479,118493
I920AA7AC,119790,119805
I920AA7AC,120389,120493
I920AA7AC,120495,120522
I920AA7AC,120987,121034
I920AA7AC,121447,121475
I920AA7AC,121788,121970
I920AA7AC,121972,121994
I920AA7AC,122323,122500
I920AA7AC,122502,122557
I920AA7AC,123468,123494
I920AA7AC,124395,124832
I920AA7AC,124834,124848
I920AA7AC,125315,125330
I920AA7AC,125885,125911
I920AA7AC,126713,126780
I920AA7AC,126782,126796
I920AA7AC,127291,127306
I920AA7AC,127777,127803
I920AA7AC,128640,128654
I920AA7AC,129024,129039
I920AA7AC,129466,129486
I920AA7AC,130190,130254
I920AA7AC,130256,130270
I920AA7AC,131166,131181
I920AA7AC,131624,131644
I920AA7AC,132376,132432
I920AA7AC,132434,132448
I920AA7AC,132814,132829
I920AA7AC,133339,133359
I920AA7AC,134192,134257
I920AA7AC,134259,134273
I920AA7AC,134762,134777
I920AA7AC,135257,135277
I920AA7AC,136051,136116
I920AA7AC,136118,136132
I920AA7AC,136617,136632
I920AA7AC,137159,137179
I920AA7AC,137873,137942
I920AA7AC,137944,137958
I920AA7AC,138560,138575
I920AA7AC,139317,139337
I920AA7AC,140051,140120
I920AA7AC,140122,140136
I920AA7AC,140591,140606
I920AA7AC,141069,141089
I920AA7AC,141869,141889
I920AA7AC,143363,143464
I920AA7AC,143466,143493
I920AA7AC,144841,144878
I920AA7AC,146016,146229
I920AA7AC,146231,146262
I920AA7AC,147729,147763
I920AA7AC,148310,148348
I920AA7AC,148828,148876
I920AA7AC,149856,149889
I920AA7AC,150438,150472
I920AA7AC,150910,150932
I920AA7AC,151355,151479
I920AA7AC,151481,151521
I920AA7AC,151788,151822
I920AA7AC,152370,152566
I920AA7AC,152568,152604
I920AA7AC,153546,153577
I920AA7AC,154585,154625
I920AA7AC,155285,155391
I920AA7AC,155393,155425
I920AA7AC,155902,155942
I920AA7AC,157705,157738
I920AA7AC,158773,158805
I920AA7AC,159340,159407
I920AA7AC,159409,159425
I920AA7AC,160460,160491
I920AA7AC,161204,161334
I920AA7AC,161336,161352
I920AA7AC,162403,162417
I920AA7AC,163122,163281
I920AA7AC,163283,163305
I920AA7AC,163807,163827
I920AA7AC,164446,164482
I920AA7AC,165468,165563
I920AA7AC,165565,165601
I920AA7AC,169038,169081
I920AA7AC,170653,170787
I920AA7AC,170789,170832
I920AA7AC,171342,171376
I920AA7AC,172207,172416
I920AA7AC,172418,172453
I920AA7AC,173440,173551
I920AA7AC,173553,173573
I920AA7AC,174125,174155
I920AA7AC,174637,174662
I920AA7AC,175198,175224
I920AA7AC,175979,176140
I920AA7AC,176142,176172
I920AA7AC,176968,176999
I920AA7AC,177644,177776
I920AA7AC,177778,177829
I920AA7AC,178514,178550
I920AA7AC,180065,180098
I920AA7AC,181912,182067
I920AA7AC,182069,182096
I920AA7AC,183047,183084
I920AA7AC,184243,184376
I920AA7AC,184378,184460
I920AA7AC,185568,185595
I920AA7AC,187384,187428
I920AA7AC,188786,188865
I920AA7AC,188867,188905
I920AA7AC,189748,189853
I920AA7AC,189855,189901
I920AA7AC,190480,190687
I920AA7AC,190689,190727
I920AA7AC,191254,191286
I920AA7AC,191810,191844
I920AA7AC,192489,192601
I920AA7AC,192603,192633
I920AA7AC,193172,193205
I920AA7AC,194312,194343
I920AA7AC,194946,195123
I920AA7AC,195125,195156
I920AA7AC,195878,195918
I920AA7AC,196432,196473
I920AA7AC,197167,197208
I920AA7AC,197789,197884
I920AA7AC,197886,197914
I920AA7AC,198938,199113
I920AA7AC,199115,199153
I920AA7AC,199569,199647
I920AA7AC,199649,199676
I920AA7AC,200819,200846
I920AA7AC,201694,201799
I920AA7AC,201801,201833
I920AA7AC,202829,202863
I920AA7AC,203362,203397
I920AA7AC,203944,204067
I920AA7AC,204069,204122
I920AA7AC,206077,206223
I920AA7AC,206225,206259
I920AA7AC,206869,206910
I920AA7AC,207894,207934
I920AA7AC,208308,208407
I920AA7AC,208409,208454
I920AA7AC,208959,209004
I920AA7AC,209579,209675
I920AA7AC,209677,209708
I920AA7AC,210474,210573
I920AA7AC,210575,210613
I920AA7AC,212523,212566
I920AA7AC,213139,213168
I920AA7AC,213745,213844
I920AA7AC,213846,213883
I920AA7AC,214418,214541
I920AA7AC,214543,214581
I920AA7AC,215567,215608
I920AA7AC,216119,216160
I920AA7AC,217201,217445
I920AA7AC,217447,217486
I920AA7AC,218127,218158
I920AA7AC,219140,219318
I920AA7AC,219320,219369
I920AA7AC,220022,220292
I920AA7AC,220294,220335
I920AA7AC,221459,221502
I920AA7AC,222571,222670
I920AA7AC,222672,222700
I920AA7AC,223573,223606
I920AA7AC,224545,224578
I920AA7AC,225136,225238
I920AA7AC,225240,225268
I920AA7AC,226863,226896
I920AA7AC,228311,228342
I920AA7AC,229239,229322
I920AA7AC,229324,229357
I920AA7AC,235873,235909
I920AA7AC,236515,236556
I920AA7AC,237026,237134
I920AA7AC,237136,237186
I920AA7AC,237853,238090
I920AA7AC,238092,238117
I920AA7AC,238655,238686
I920AA7AC,239527,239588
I920AA7AC,239590,239610
I920AA7AC,240139,240159
I920AA7AC,241091,241121
I920AA7AC,242253,242287
I920AA7AC,242706,242801
I920AA7AC,242803,242841
I920AA7AC,243244,243286
I920AA7AC,244274,244472
I920AA7AC,244474,244511
I920AA7AC,245146,245184
I920AA7AC,246878,247071
I920AA7AC,247073,247100
I920AA7AC,247558,247594
I920AA7AC,248199,248375
I920AA7AC,248377,248413
I920AA7AC,248982,249022
I920AA7AC,250369,250403
I920AA7AC,250862,250898
I920AA7AC,252371,252406
I920AA7AC,252995,253104
I920AA7AC,253106,253141
I920AA7AC,254457,254964
I920AA7AC,254966,254984
I920AA7AC,255755,255774
I920AA7AC,256467,256492
I920AA7AC,257433,257503
I920AA7AC,257505,257523
I920AA7AC,258678,258698
I920AA7AC,259245,259279
I920AA7AC,260670,260697
I920AA7AC,261997,262020
I920AA7AC,262465,262505
I920AA7AC,263863,264034
I920AA7AC,264036,264057
I920AA7AC,264871,264893
I920AA7AC,265236,265295
I920AA7AC,265297,265316
I920AA7AC,266091,266113
I920AA7AC,267036,267061
I920AA7AC,267752,267792
I920AA7AC,270610,270654
I920AA7AC,271390,271564
I920AA7AC,271566,271606
I920AA7AC,272149,272241
I920AA7AC,272243,272268
I920AA7AC,272737,272779
I920AA7AC,273253,273283
I920AA7AC,274895,274974
I920AA7AC,275399,275520
I920AA7AC,276404,276434
I920AA7AC,277249,277363
I920AA7AC,277365,277396
I920AA7AC,278655,278683
I920AA7AC,279758,279791
I920AA7AC,280724,280852
I920AA7AC,280854,280884
I920AA7AC,281431,281451
I920AA7AC,282115,282147
I920AA7AC,282746,282789
I920AA7AC,283560,283740
I920AA7AC,283742,283779
I920AA7AC,284587,284621
I920AA7AC,285379,285410
I920AA7AC,286000,286025
I920AA7AC,286500,286561
I920AA7AC,286563,286585
I920AA7AC,286991,287011
I920AA7AC,287784,287880
I920AA7AC,287882,287913
I920AA7AC,288555,288590
I920AA7AC,289456,289588
I920AA7AC,289590,289628
I920AA7AC,290604,290640
I920AA7AC,291302,291344
I920AA7AC,292032,292066
I920AA7AC,293042,293075
I920AA7AC,294050,294093
I920AA7AC,294925,295167
I920AA7AC,295169,295208
I920AA7AC,296810,296845
I920AA7AC,297743,297773
I920AA7AC,298900,298942
I920AA7AC,299474,299560
I920AA7AC,299562,299585
I920AA7AC,300394,300429
I920AA7AC,302842,303024
I920AA7AC,303026,303049
I920AA7AC,304139,304184
I920AA7AC,304857,304925
I920AA7AC,304927,304949
I920AA7AC,305534,305554
I920AA7AC,309926,310188
I920AA7AC,310190,310227
I920AA7AC,311268,311298
I920AA7AC,312052,312148
I920AA7AC,312150,312184
I920AA7AC,312857,312894
I920AA7AC,313537,313572
I920AA7AC,314184,314206
I920AA7AC,315038,315187
I920AA7AC,315189,315213
I920AA7AC,315977,316012
I920AA7AC,316847,316882
I920AA7AC,317798,317835
I920AA7AC,318417,318509
I920AA7AC,318511,318547
I920AA7AC,319132,319173
I920AA7AC,319977,320173
I920AA7AC,320175,320204
I920AA7AC,320889,320920
I920AA7AC,321829,321864
I920AA7AC,322440,322485
I920AA7AC,322965,323006
I920AA7AC,323937,324155
I920AA7AC,324157,324197
I920AA7AC,324818,324865
I920AA7AC,326693,326732
I920AA7AC,327573,327617
I920AA7AC,328400,328511
I920AA7AC,328513,328547
I920AA7AC,329461,329499
I920AA7AC,331701,331724
I9434034F,1375,1781
I9434034F,3461,3505
I9434034F,6309,6365
I9434034F,20930,20980
I9434034F,29189,29240
I9434034F,39423,39493
I9658BC87,3855,3913
I9658BC87,26643,26696
I9658BC87,322264,322319
I9658BC87,336603,337230
I9658BC87,337957,338011
I9658BC87,338444,338588
I9658BC87,338735,338766
I9658BC87,339845,340019
I9658BC87,341467,341518
I9658BC87,342359,342396
I9779E60E,8835,8865
I9779E60E,17561,17590
I9779E60E,17785,17814
I9779E60E,17963,17999
I9779E60E,18154,18184
I9779E60E,18556,18595
I9779E60E,18845,18884
I9779E60E,19046,19075
I9779E60E,24412,24433
I9779E60E,24834,24854
I9779E60E,35683,36200
I9779E60E,46679,46752
I9779E60E,51701,51743
I97B90DC0,513,530
I97B90DC0,532,584
I97B90DC0,586,607
I97B90DC0,609,627
I97B90DC0,629,652
I97B90DC0,654,676
I97B90DC0,678,700
I97B90DC0,702,747
I97B90DC0,749,790
I97B90DC0,792,820
I97B90DC0,822,852
I97B90DC0,854,872
I97B90DC0,874,934
I97B90DC0,936,964
I97B90DC0,966,986
I97B90DC0,988,1017
I97B90DC0,1019,1043
I97B90DC0,1045,1060
I97B90DC0,1062,1091
I97B90DC0,1093,1103
I97B90DC0,1105,1124
I97B90DC0,1126,1148
I97B90DC0,1150,1169
I97B90DC0,1171,1191
I97B90DC0,1193,1246
I97B90DC0,1248,1286
I97B90DC0,1288,1335
I97B90DC0,1337,1363
I97B90DC0,1365,1392
I97B90DC0,1394,1448
I97B90DC0,1450,1464
I97B90DC0,1466,1498
I97B90DC0,1500,1523
I97B90DC0,1525,1574
I97B90DC0,1576,1612
I97B90DC0,1614,1652
I97B90DC0,1654,1676
I97B90DC0,1678,1694
I97B90DC0,1696,1719
I97B90DC0,1721,1743
I97B90DC0,1745,1782
I97B90DC0,1784,1838
I97B90DC0,1840,1870
I97B90DC0,1872,1901
I97B90DC0,1903,1931
I97B90DC0,1932,1957
I97B90DC0,1959,1974
I97B90DC0,1976,1991
I97B90DC0,1993,2009
I97B90DC0,2011,2046
I97B90DC0,2048,2068
I97B90DC0,2070,2096
I97B90DC0,2098,2169
I97B90DC0,2171,2215
I97B90DC0,2217,2237
I97B90DC0,2239,2266
I97B90DC0,2268,2303
I97B90DC0,2305,2350
I97B90DC0,2352,2369
I97B90DC0,2371,2390
I97B90DC0,2392,2410
I97B90DC0,2412,2440
I97B90DC0,2442,2465
I97B90DC0,2467,2494
I97B90DC0,2496,2525
I97B90DC0,2527,2547
I97B90DC0,2549,2583
I97B90DC0,2585,2605
I97B90DC0,2607,2657
I97B90DC0,2659,2688
I97B90DC0,2690,2728
I97B90DC0,2730,2758
I97B90DC0,2760,2774
I97B90DC0,2776,2794
I97B90DC0,15889,15925
I97B90DC0,23162,23195
I97B90DC0,31663,31700
I97B90DC0,42825,42850
I97B90DC0,45767,45801
I97B90DC0,52248,52282
I97B90DC0,56740,56770
I97B90DC0,61344,61386
I97B90DC0,71130,71166
I97B90DC0,75651,75674
I97B90DC0,83425,83444
I97B90DC0,83907,83920
I97B90DC0,85606,85635
I97B90DC0,95365,95385
I97B90DC0,97163,97196
I97B90DC0,105924,105939
I97B90DC0,111183,111207
I97B90DC0,113007,113035
I97B90DC0,118172,118222
I97B90DC0,118440,118458
I97B90DC0,121230,121274
I97B90DC0,125587,125633
I97B90DC0,126604,126672
I97B90DC0,139441,139511
I97B90DC0,143434,143530
I97B90DC0,145020,145171
I97B90DC0,146105,146146
I97B90DC0,150076,150104
I97B90DC0,150711,150765
I97B90DC0,152563,152603
I97B90DC0,154266,154308
I97B90DC0,156850,156876
I97B90DC0,165407,165427
I97B90DC0,169193,169213
I97B90DC0,170197,170280
I97B90DC0,189497,189552
I97B90DC0,203796,203830
I97B90DC0,216424,216478
I97B90DC0,217536,217601
I97B90DC0,217786,217803
I97B90DC0,218125,218141
I97B90DC0,232022,232042
I97B90DC0,233236,233255
I97B90DC0,233673,233824
I97B90DC0,233971,233983
I97B90DC0,234757,234773
I97B90DC0,235414,235433
I97B90DC0,236952,236968
I97B90DC0,241358,241638
I97B90DC0,242988,243003
I97B90DC0,243401,243459
I97B90DC0,244366,244449
I97B90DC0,246241,246284
I97B90DC0,246589,246611
I97B90DC0,246988,247007
I97B90DC0,247576,247591
I97B90DC0,248072,248087
I97B90DC0,248420,248433
I97B90DC0,248668,248690
I97B90DC0,251409,251427
I97B90DC0,252251,252276
I97B90DC0,252764,252803
I97B90DC0,255891,256116
I97B90DC0,256274,256291
I97B90DC0,256850,256866
I97B90DC0,257150,257182
I97B90DC0,257343,257365
I97B90DC0,262388,262422
I97B90DC0,264532,264682
I97B90DC0,265054,265113
I97B90DC0,269873,269937
I97B90DC0,272622,272683
I97B90DC0,276474,276498
I97B90DC0,279522,279570
I97B90DC0,280504,280537
I97B90DC0,282754,282796
I9811592F,7546,7801
I9811592F,13314,13457
I9811592F,24865,24879
I9811592F,25769,25852
I9811592F,39016,39034
I9811592F,41348,41393
I9811592F,43268,43502
I9811592F,57708,57759
I9811592F,62570,62599
I9811592F,63374,63406
I9811592F,65078,65109
I9811592F,65642,65683
I9811592F,67984,68028
I9811592F,68464,68481
I9811592F,69787,69812
I9811592F,70102,70124
I9811592F,70961,70981
I9811592F,73776,73808
I9811592F,73958,73984
I9811592F,74337,74365
I9811592F,75016,75039
I9811592F,75343,75360
I9811592F,76823,76857
I9811592F,81350,81388
I9811592F,90774,90813
I9811592F,109279,109319
I98D03292,223,240
I98D03292,242,302
I98D03292,304,329
I98D03292,331,365
I98D03292,367,392
I98D03292,394,421
I98D03292,423,448
I98D03292,450,480
I98D03292,482,515
I98D03292,517,550
I98D03292,552,589
I98D03292,591,634
I98D03292,636,653
I98D03292,655,681
I98D03292,683,720
I98D03292,722,756
I98D03292,758,777
I98D03292,779,796
I98D03292,798,818
I98D03292,820,875
I98D03292,877,917
I98D03292,919,942
I98D03292,944,980
I98D03292,982,1000
I98D03292,1002,1031
I98D03292,1033,1051
I98D03292,1053,1077
I98D03292,1079,1103
I98D03292,1105,1161
I98D03292,1163,1204
I98D03292,1206,1239
I98D03292,1241,1268
I98D03292,1270,1302
I98D03292,1304,1327
I98D03292,1329,1350
I98D03292,1352,1380
I98D03292,1382,1403
I98D03292,1405,1430
I98D03292,1432,1461
I98D03292,1463,1487
I98D03292,1489,1526
I98D03292,1528,1546
I98D03292,1548,1561
I98D03292,1563,1575
I98D03292,1577,1621
I98D03292,1623,1655
I98D03292,1657,1689
I98D03292,1691,1722
I98D03292,1724,1764
I98D03292,1766,1799
I98D03292,1801,1833
I98D03292,1835,1896
I98D03292,1898,1929
I98D03292,1931,1973
I98D03292,1975,2005
I98D03292,2007,2032
I98D03292,2034,2071
I98D03292,2073,2122
I98D03292,2124,2165
I98D03292,2167,2182
I98D03292,2184,2208
I98D03292,2210,2248
I98D03292,2250,2273
I98D03292,2275,2287
I98D03292,2289,2302
I98D03292,2304,2322
I98D03292,2324,2338
I98D03292,2340,2373
I98D03292,2375,2390
I98D03292,2392,2414
I98D03292,2416,2424
I98D03292,2426,2459
I98D03292,2461,2482
I98D03292,2484,2500
I98D03292,2502,2530
I98D03292,2532,2566
I98D03292,2568,2597
I98D03292,2599,2613
I98D03292,2615,2638
I98D03292,2640,2662
I98D03292,2664,2677
I98D03292,2679,2691
I98D03292,2693,2721
I98D03292,2723,2748
I98D03292,2750,2776
I98D03292,2778,2805
I98D03292,2807,2834
I98D03292,2836,2861
I98D03292,2863,2892
I98D03292,2894,2920
I98D03292,2922,2948
I98D03292,2950,2994
I98D03292,2996,3035
I98D03292,3037,3050
I98D03292,3052,3076
I98D03292,3078,3114
I98D03292,3116,3139
I98D03292,3141,3153
I98D03292,3155,3166
I98D03292,3168,3202
I98D03292,3204,3230
I98D03292,3232,3260
I98D03292,3262,3284
I98D03292,3286,3316
I98D03292,3318,3331
I98D03292,3333,3345
I98D03292,3347,3365
I98D03292,3367,3410
I98D03292,3412,3424
I98D03292,3426,3471
I98D03292,3473,3486
I98D03292,3488,3500
I98D03292,3502,3518
I98D03292,3520,3537
I98D03292,3539,3595
I98D03292,3597,3638
I98D03292,3640,3668
I98D03292,3670,3682
I98D03292,3684,3696
I98D03292,3698,3708
I98D03292,3710,3734
I98D03292,3736,3766
I98D03292,3768,3812
I98D03292,3814,3827
I98D03292,3829,3841
I98D03292,3843,3855
I98D03292,3857,3878
I98D03292,3880,3904
I98D03292,3906,3937
I98D03292,3939,3962
I98D03292,3964,3977
I98D03292,3979,3991
I98D03292,3993,4022
I98D03292,4024,4064
I98D03292,4066,4098
I98D03292,4100,4131
I98D03292,4133,4155
I98D03292,4157,4189
I98D03292,4191,4225
I98D03292,4227,4252
I98D03292,4254,4289
I98D03292,4291,4308
I98D03292,4310,4328
I98D03292,4330,4351
I98D03292,4353,4380
I98D03292,4382,4410
I98D03292,4412,4443
I98D03292,4445,4469
I98D03292,4471,4486
I98D03292,4488,4519
I98D03292,4521,4561
I98D03292,4563,4587
I98D03292,4589,4638
I98D03292,4640,4658
I98D03292,4660,4672
I98D03292,4674,4685
I98D03292,4687,4703
I98D03292,4705,4732
I98D03292,4734,4754
I98D03292,4756,4788
I98D03292,4790,4813
I98D03292,4815,4835
I98D03292,4837,4871
I98D03292,4873,4904
I98D03292,4906,4942
I98D03292,4944,4965
I98D03292,4967,4998
I98D03292,5000,5035
I98D03292,5037,5057
I98D03292,5059,5079
I98D03292,5081,5106
I98D03292,5108,5143
I98D03292,5145,5176
I98D03292,5178,5197
I98D03292,5199,5224
I98D03292,5226,5261
I98D03292,5263,5294
I98D03292,5296,5326
I98D03292,5328,5357
I98D03292,5359,5373
I98D03292,5375,5399
I98D03292,5401,5469
I98D03292,5471,5489
I98D03292,5491,5503
I98D03292,5505,5516
I98D03292,5518,5541
I98D03292,5543,5570
I98D03292,5572,5601
I98D03292,5603,5635
I98D03292,5637,5658
I98D03292,5660,5683
I98D03292,5685,5715
I98D03292,5717,5739
I98D03292,5741,5772
I98D03292,5774,5795
I98D03292,5797,5837
I98D03292,5839,5847
I98D03292,5849,5869
I98D03292,5871,5885
I98D03292,5887,5911
I98D03292,5913,5977
I98D03292,5979,5997
I98D03292,5999,6011
I98D03292,6013,6024
I98D03292,6026,6049
I98D03292,6051,6087
I98D03292,6089,6127
I98D03292,6129,6151
I98D03292,6153,6177
I98D03292,6179,6202
I98D03292,6204,6241
I98D03292,6243,6275
I98D03292,6277,6314
I98D03292,6316,6342
I98D03292,6344,6358
I98D03292,6360,6384
I98D03292,6386,6436
I98D03292,6438,6456
I98D03292,6458,6470
I98D03292,6472,6483
I98D03292,6485,6516
I98D03292,6518,6566
I98D03292,6568,6607
I98D03292,6609,6649
I98D03292,6651,6693
I98D03292,6695,6740
I98D03292,6742,6771
I98D03292,6773,6794
I98D03292,6796,6811
I98D03292,6813,6845
I98D03292,6847,6899
I98D03292,6901,6917
I98D03292,6919,6935
I98D03292,6937,6954
I98D03292,6956,6995
I98D03292,6997,7044
I98D03292,7046,7067
I98D03292,7069,7109
I98D03292,7111,7139
I98D03292,7141,7170
I98D03292,7172,7205
I98D03292,7207,7237
I98D03292,7239,7262
I98D03292,7264,7278
I98D03292,7280,7299
I98D03292,7301,7314
I98D03292,7316,7328
I98D03292,7330,7359
I98D03292,7361,7389
I98D03292,7391,7417
I98D03292,7419,7442
I98D03292,7444,7455
I98D03292,7457,7481
I98D03292,7483,7519
I98D03292,7521,7539
I98D03292,7541,7553
I98D03292,7555,7566
I98D03292,7568,7586
I98D03292,7588,7605
I98D03292,7607,7629
I98D03292,7631,7655
I98D03292,7657,7681
I98D03292,7683,7715
I98D03292,7717,7758
I98D03292,7760,7777
I98D03292,7779,7790
I98D03292,7792,7804
I98D03292,7806,7817
I98D03292,7819,7830
I98D03292,7832,7851
I98D03292,7853,7865
I98D03292,7867,7891
I98D03292,7893,7960
I98D03292,7962,7980
I98D03292,7982,7994
I98D03292,7996,8007
I98D03292,8009,8030
I98D03292,8032,8056
I98D03292,8058,8094
I98D03292,8096,8137
I98D03292,8139,8178
I98D03292,8180,8199
I98D03292,8201,8236
I98D03292,8238,8257
I98D03292,8259,8293
I98D03292,8295,8334
I98D03292,8336,8354
I98D03292,8356,8395
I98D03292,8397,8421
I98D03292,8423,8448
I98D03292,8450,8475
I98D03292,8477,8522
I98D03292,8524,8573
I98D03292,8575,8609
I98D03292,8611,8635
I98D03292,8637,8678
I98D03292,8680,8725
I98D03292,8727,8762
I98D03292,8764,8778
I98D03292,8780,8808
I98D03292,8810,8838
I98D03292,8840,8854
I98D03292,8856,8880
I98D03292,8882,8913
I98D03292,8915,8963
I98D03292,8965,8986
I98D03292,8988,9021
I98D03292,9023,9043
I98D03292,9045,9066
I98D03292,9068,9088
I98D03292,9090,9129
I98D03292,9131,9159
I98D03292,9161,9190
I98D03292,9192,9218
I98D03292,9220,9246
I98D03292,9248,9268
I98D03292,9270,9294
I98D03292,9296,9316
I98D03292,9318,9344
I98D03292,9346,9393
I98D03292,9395,9422
I98D03292,9424,9476
I98D03292,9478,9496
I98D03292,17523,17553
I98D03292,18513,18632
I98D03292,18634,18665
I98D03292,19644,19679
I98D03292,20630,20717
I98D03292,20719,20756
I98D03292,21399,21440
I98D03292,22998,23369
I98D03292,23371,23395
I98D03292,24844,24878
I98D03292,27194,27229
I98D03292,27696,27715
I98D03292,27862,27881
I98D03292,28085,28101
I98D03292,28253,28268
I98D03292,29229,29271
I98D03292,31214,31242
I98D03292,31829,31855
I98D03292,33573,33682
I98D03292,33684,33708
I98D03292,33889,33914
I98D03292,34269,34296
I98D03292,34857,34874
I98D03292,35039,35055
I98D03292,35278,35299
I98D03292,35378,35409
I98D03292,36520,36725
I98D03292,36727,36789
I98D03292,42268,42315
I98D03292,44623,44979
I98D03292,44981,45006
I98D03292,48299,48331
I98D03292,49765,49900
I98D03292,49902,49963
I98D03292,53074,53189
I98D03292,53191,53231
I98D03292,55863,55898
I98D03292,56926,57012
I98D03292,57014,57044
I98D03292,57542,57636
I98D03292,57638,57661
I98D03292,57924,57945
I98D03292,58649,58672
I98D03292,59084,59112
I98D03292,60884,61078
I98D03292,61080,61103
I98D03292,61621,61761
I98D03292,61763,61808
I98D03292,63290,63333
I98D03292,63966,64014
I98D03292,65185,65207
I98D03292,65645,65676
I98D03292,66197,66232
I98D03292,72229,72258
I98D03292,73078,73242
I98D03292,73244,73264
I98D03292,73961,74190
I98D03292,74192,74212
I98D03292,75102,75178
I98D03292,75180,75195
I98D03292,77081,77128
I98D03292,79253,79362
I98D03292,79364,79387
I98D03292,79935,80037
I98D03292,80039,80079
I98D03292,80963,80998
I98D03292,82031,82152
I98D03292,82154,82194
I98D03292,84039,84347
I98D03292,84349,84387
I98D03292,86737,86787
I98D03292,88177,88213
I98D03292,92713,92874
I98D03292,92876,92920
I98D03292,93517,93651
I98D03292,93653,93685
I98D03292,94255,94485
I98D03292,94487,94520
I98D03292,95852,95889
I98D03292,96148,96187
I98D03292,96492,96529
I98D03292,96915,96950
I98D03292,97878,97961
I98D03292,97963,97985
I98D03292,98413,98433
I98D03292,100145,100254
I98D03292,100256,100300
I98D03292,101501,101525
I98D03292,103928,103949
I98D03292,105159,105306
I98D03292,105666,105828
I98D03292,105830,105850
I98D03292,106606,106885
I98D03292,106887,106908
I98D03292,108332,108373
I98D03292,109103,109126
I98D03292,111903,111980
I98D03292,111982,111997
I98D03292,113615,113656
I98D03292,114669,114765
I98D03292,114767,114790
I98D03292,116170,116290
I98D03292,116292,116333
I98D03292,118229,118264
I98D03292,119483,119505
I98D03292,119699,119722
I98D03292,122499,122556
I98D03292,122558,122578
I98D03292,123236,123560
I98D03292,123562,123585
I98D03292,124700,124770
I98D03292,128043,128120
I98D03292,128122,128143
I98D03292,128517,128547
I98D03292,129238,129316
I98D03292,129318,129339
I98D03292,129698,129728
I98D03292,130341,130418
I98D03292,130420,130441
I98D03292,130994,131024
I98D03292,132261,132290
I98D03292,132483,132679
I98D03292,132681,132704
I98D03292,133276,133316
I98D03292,133746,133856
I98D03292,133858,133904
I98D03292,135025,135056
I98D03292,135683,135830
I98D03292,135832,135881
I98D03292,136198,136237
I98D03292,136527,136631
I98D03292,136633,136664
I98D03292,137201,137233
I98D03292,137722,137787
I98D03292,137789,137810
I98D03292,139094,139115
I98D03292,139650,139728
I98D03292,139730,139750
I98D03292,139920,140012
I98D03292,140014,140056
I98D03292,140514,140551
I98D03292,141567,141661
I98D03292,141663,141688
I98D03292,142472,142510
I98D03292,143704,143724
I98D03292,144118,144138
I98D03292,144420,144539
I98D03292,144541,144561
I98D03292,145277,145539
I98D03292,145541,145558
I98D03292,146548,146654
I98D03292,146656,146688
I98D03292,147729,147763
I98D03292,148316,148415
I98D03292,148417,148432
I98D03292,149521,149581
I98D03292,151056,151131
I98D03292,151133,151153
I98D03292,151318,151533
I98D03292,151535,151570
I98D03292,153074,153117
I98D03292,153561,153603
I98D03292,154109,154151
I98D03292,154623,154674
I98D03292,155113,155162
I98D03292,156546,156566
I98D03292,157025,157112
I98D03292,157114,157134
I98D03292,157268,157713
I98D03292,157715,157742
I98D03292,158500,158594
I98D03292,158596,158619
I98D03292,159153,159182
I98D03292,160865,160898
I98D03292,161348,161482
I98D03292,161484,161525
I98D03292,161835,161880
I98D03292,162238,162274
I98D03292,162586,162707
I98D03292,162709,162750
I98D03292,163279,163331
I98D03292,163569,163598
I98D03292,164297,164342
I98D03292,165008,165042
I98D03292,165811,165837
I98D03292,166199,166248
I98D03292,166877,167092
I98D03292,167094,167120
I98D03292,167547,167580
I98D03292,168315,168352
I98D03292,169078,169131
I98D03292,169748,169821
I98D03292,169823,169851
I98D03292,170732,170868
I98D03292,170870,170894
I98D03292,171485,171511
I98D03292,172468,172503
I98D03292,172951,173085
I98D03292,173087,173110
I98D03292,173332,173380
I98D03292,173989,174013
I98D03292,175047,175092
I98D03292,176011,176136
I98D03292,176138,176158
I98D03292,176351,176491
I98D03292,176493,176528
I98D03292,177121,177147
I98D03292,177406,177448
I98D03292,178420,178444
I98D03292,179953,179984
I98D03292,180535,180577
I98D03292,180995,181092
I98D03292,181094,181116
I98D03292,181312,181481
I98D03292,181483,181505
I98D03292,181838,181930
I98D03292,183898,183940
I98D03292,184333,184360
I98D03292,185024,185048
I98D03292,185905,185981
I98D03292,185983,186002
I98D03292,186516,186536
I98D03292,189691,189770
I98D03292,189772,189803
I98D03292,191005,191043
I98D03292,191462,191552
I98D03292,191554,191574
I98D03292,192313,192333
I98D03292,193774,193794
I98D03292,194603,194631
I98D03292,195016,195036
I98D03292,195561,195648
I98D03292,195650,195670
I98D03292,196310,196489
I98D03292,196491,196527
I98D03292,198214,198262
I98D03292,199895,200077
I98D03292,200079,200117
I98D03292,200848,200957
I98D03292,200959,200982
I98D03292,201518,201611
I98D03292,201613,201638
I98D03292,202130,202162
I98D03292,202858,202892
I98D03292,203575,203635
I98D03292,203637,203652
I98D03292,204127,204309
I98D03292,204311,204361
I98D03292,205198,205253
I98D03292,206178,206225
I98D03292,207309,207351
I98D03292,207623,207643
I98D03292,207801,207975
I98D03292,207977,207998
I98D03292,210663,210698
I98D03292,211768,211849
I98D03292,211851,211874
I98D03292,212720,212885
I98D03292,212887,212907
I98D03292,213939,213967
I98D03292,215062,215091
I98D03292,216277,216307
I98D03292,217676,217706
I98D03292,218751,218784
I98D03292,220182,220424
I98D03292,220426,220470
I98D03292,220983,221033
I98D03292,221541,221635
I98D03292,221637,221661
I98D03292,222995,223022
I98D03292,223620,223718
I98D03292,223720,223744
I98D03292,225239,225336
I98D03292,225338,225376
I98D03292,225766,225806
I98D03292,226614,226685
I98D03292,226687,226718
I98D03292,227718,227748
I98D03292,228610,228789
I98D03292,228791,228806
I98D03292,228930,228950
I98D03292,230316,230334
I98D03292,230521,230558
I98D03292,231525,231555
I98D03292,232211,232419
I98D03292,232421,232460
I98D03292,233155,233255
I98D03292,233257,233279
I98D03292,233547,233599
I98D03292,234947,234991
I98D03292,235830,235850
I98D03292,236464,236566
I98D03292,236568,236588
I98D03292,236902,237028
I98D03292,237030,237053
I98D03292,237737,237832
I98D03292,237834,237861
I98D03292,238874,238946
I98D03292,238948,238966
I98D03292,239309,239371
I98D03292,239373,239393
I98D03292,241464,241491
I98D03292,242559,242693
I98D03292,242695,242722
I98D03292,243631,243720
I98D03292,243722,243745
I98D03292,243923,244026
I98D03292,244028,244072
I98D03292,245749,245816
I98D03292,245818,245833
I98D03292,246228,246248
I98D03292,247456,247474
I98D03292,247846,248005
I98D03292,248007,248050
I98D03292,248846,248875
I98D03292,249677,249716
I98D03292,250954,250996
I98D03292,251236,251381
I98D03292,251383,251410
I98D03292,253499,253529
I98D03292,255417,255616
I98D03292,255618,255644
I98D03292,256979,257005
I98D03292,257500,257536
I98D03292,257810,257835
I98D03292,258910,258934
I98D03292,259951,260046
I98D03292,260048,260064
I98D03292,261169,261185
I98D03292,261820,261914
I98D03292,261916,261952
I98D03292,263129,263156
I98D03292,263654,263675
I98D03292,264063,264083
I98D03292,264561,264648
I98D03292,264650,264670
I98D03292,266477,266747
I98D03292,266749,266783
I98D03292,267247,267284
I98D03292,267896,267934
I98D03292,268452,268479
I98D03292,269124,269152
I98D03292,269898,269932
I98D03292,270127,270159
I98D03292,270572,270609
I98D03292,271608,271636
I98D03292,272074,272155
I98D03292,272157,272172
I98D03292,273561,273589
I98D03292,275218,275239
I98D03292,275708,275728
I98D03292,276277,276370
I98D03292,276372,276392
I98D03292,277179,277420
I98D03292,277422,277465
I98D03292,281387,281433
I98D03292,284410,284440
I98D03292,284900,284930
I98D03292,285663,285800
I98D03292,285802,285846
I98D03292,287071,287111
I98D03292,287746,287791
I98D03292,289596,289627
I98D03292,291840,291861
I98D03292,292600,292620
I98D03292,293075,293162
I98D03292,293164,293184
I98D03292,293546,293767
I98D03292,293769,293807
I98D03292,296592,296682
I98D03292,296684,296704
I98D03292,297687,297844
I98D03292,297846,297895
I98D03292,299241,299294
I98D03292,300013,300050
I98D03292,301083,301168
I98D03292,301170,301192
I98D03292,301627,301667
I98D03292,303027,303124
I98D03292,303126,303149
I98D03292,303727,303751
I98D03292,305901,306031
I98D03292,306033,306079
I98D03292,308622,308677
I98D03292,310321,310350
I98D03292,310651,310913
I98D03292,310915,310951
I98D03292,311838,311879
I98D03292,313047,313085
I98D03292,314745,314773
I98D03292,315838,315856
I98D03292,316006,316049
I98D03292,316051,316066
I98D03292,316375,316500
I98D03292,316502,316538
I98D03292,319256,319292
I98D03292,320800,320834
I98D03292,323336,323366
I98D03292,324152,324172
I98D03292,325273,325293
I98D03292,325598,325691
I98D03292,325693,325713
I98D03292,326393,326559
I98D03292,326561,326585
I98D03292,327876,327906
I98D03292,328849,328881
I98D03292,330060,330182
I98D03292,330184,330223
I98D03292,330988,331037
I98D03292,332588,332672
I98D03292,332674,332692
I98D03292,334646,334666
I98D03292,337261,337280
I98D03292,338653,338730
I98D03292,338732,338755
I98D03292,339876,339921
I98D03292,342131,342168
I98D03292,344291,344312
I98D03292,345500,345520
I98D03292,346362,346449
I98D03292,346451,346471
I98D03292,347578,347818
I98D03292,347820,347851
I98D03292,348953,349100
I98D03292,349102,349150
I98D03292,349839,349886
I98D03292,350903,350930
I98D03292,351241,351312
I98D03292,351314,351329
I98D03292,351954,351983
I98D03292,352642,352809
I98D03292,352811,352851
I98D03292,354376,354622
I98D03292,354624,354654
I98D03292,354793,354835
I98D03292,355281,355318
I98D03292,358887,358914
I98D03292,359134,359239
I98D03292,359241,359282
I98D03292,360168,360301
I98D03292,360303,360356
I98D03292,365025,365092
I98D03292,366530,366551
I98D03292,368325,368385
I98D03292,368387,368407
I98D03292,368693,368791
I98D03292,368793,368838
I98D03292,370533,370593
I98D03292,371814,371874
I98D03292,371876,371896
I98D03292,372052,372072
I98D03292,374474,374638
I98D03292,374640,374692
I98D03292,375465,375522
I98D03292,376114,376156
I98D03292,377385,377642
I98D03292,377644,377696
I98D03292,378132,378175
I98D03292,378980,379000
I98D03292,379297,379337
I98D03292,381104,381162
I98D03292,382729,382750
I98D03292,383834,383854
I98D03292,384372,384688
I98D03292,384690,384718
I98D03292,386018,386189
I98D03292,386191,386214
I98D03292,387178,387202
I98D03292,387902,387951
I98D03292,389420,389447
I98D03292,390244,390270
I98D03292,391684,391738
I98D03292,392947,393065
I98D03292,393067,393104
I98D03292,394174,394209
I98D03292,395056,395090
I98D03292,395640,395746
I98D03292,395748,395779
I98D03292,396248,396276
I98D03292,396965,396999
I98D03292,398197,398359
I98D03292,398361,398402
I98D03292,399593,399637
I98D03292,400199,400244
I98D03292,400860,400907
I98D03292,401818,401834
I98D03292,402403,402427
I98D03292,403013,403111
I98D03292,403113,403140
I98D03292,403838,403868
I98D03292,404445,404474
I99DF06AA,6255,6600
I99DF06AA,6620,6796
I99DF06AA,7489,7675
I99DF06AA,8637,8802
I99DF06AA,11812,11950
I99DF06AA,26933,27022
I99DF06AA,27605,27736
I99DF06AA,32944,33088
I99DF06AA,35199,35308
I99DF06AA,36927,37119
I99DF06AA,38766,38804
I99DF06AA,40451,40636
I99DF06AA,42601,42912
I99DF06AA,44006,44108
I99DF06AA,46301,46434
I99DF06AA,49720,49781
I99DF06AA,50236,50378
I99DF06AA,50395,50492
I99DF06AA,50717,50885
I99DF06AA,51003,51149
I99DF06AA,51595,51731
I99DF06AA,54976,55098
I99DF06AA,60504,60640
I99DF06AA,60642,60838
I99DF06AA,66436,66521
I99DF06AA,66677,66910
I99DF06AA,68706,68949
I99DF06AA,94027,94100
I99DF06AA,104939,105224
I99DF06AA,107496,107667
I99DF06AA,107769,107927
I99DF06AA,114942,115207
I99DF06AA,124352,124496
I99DF06AA,135262,135504
I99DF06AA,140946,141220
I99DF06AA,166840,166991
I99DF06AA,171370,171519
I99DF06AA,172630,172704
I99DF06AA,175802,175920
I99DF06AA,177562,177697
I99DF06AA,181361,181732
I99DF06AA,186472,186550
I99DF06AA,192574,192683
I99DF06AA,204894,205219
I99DF06AA,209328,209793
I99DF06AA,236767,236907
I99DF06AA,263979,264239
I99DF06AA,264845,264994
I99DF06AA,266592,266737
I99DF06AA,267070,267666
I99DF06AA,269370,269419
I99DF06AA,269680,269870
I99DF06AA,272314,272680
I99DF06AA,282919,283128
I99DF06AA,285021,285075
I99DF06AA,288709,288828
I99DF06AA,289020,289212
I99DF06AA,289369,289570
I99DF06AA,289804,290006
I99DF06AA,290168,290239
I99DF06AA,296878,296980
I99DF06AA,297211,297280
I99DF06AA,297698,297804
I99DF06AA,298241,298516
I99DF06AA,305418,305536
I99DF06AA,308675,308922
I99DF06AA,310474,310611
I99DF06AA,311609,311671
I99DF06AA,311924,312037
I99DF06AA,314821,314998
I99DF06AA,316398,316546
I99DF06AA,317689,317921
I99DF06AA,325364,325498
I99DF06AA,329499,329629
I99DF06AA,330901,331064
I99DF06AA,331829,331909
I99DF06AA,351375,351853
I99DF06AA,351955,352029
I99DF06AA,354379,354559
I99DF06AA,355087,355259
I99DF06AA,356787,356829
I99DF06AA,356959,356988
I99DF06AA,357842,357879
I99DF06AA,358260,358405
I99DF06AA,358519,358728
I99DF06AA,362116,362245
I99DF06AA,364853,365013
I99DF06AA,366301,366423
I99DF06AA,366982,367137
I99DF06AA,368843,368992
I99DF06AA,370238,370479
I99DF06AA,391775,391949
I99DF06AA,404124,404212
I99DF06AA,407730,408111
I99DF06AA,413519,413720
I99DF06AA,414124,414227
I99DF06AA,416354,416535
I99DF06AA,418975,419012
I99DF06AA,419220,419687
I99DF06AA,424554,424706
I99DF06AA,434510,434703
I99DF06AA,435198,435402
I99DF06AA,436100,436204
I99DF06AA,436651,436719
I99DF06AA,442587,442848
I99DF06AA,447504,447608
I99DF06AA,450577,450900
I99DF06AA,457601,457690
I99DF06AA,460345,460425
I99DF06AA,461438,461462
I99DF06AA,461607,461828
I99DF06AA,463432,463650
I99F347E4,1270,1310
I99F347E4,1910,1939
I99F347E4,4599,4621
I99F347E4,10252,10282
I99F347E4,10734,10772
I99F347E4,11237,11275
I99F347E4,11720,11742
I9AEEF96A,235,515
I9AEEF96A,547,568
I9AEEF96A,851,1002
I9AEEF96A,1562,1669
I9AEEF96A,2244,2365
I9AEEF96A,2941,3064
I9AEEF96A,3444,3576
I9AEEF96A,4147,4270
I9AEEF96A,4653,4756
I9AEEF96A,5319,5433
I9AEEF96A,6014,6109
I9AEEF96A,6453,6558
I9AEEF96A,6712,6830
I9AEEF96A,6986,7079
I9AEEF96A,8158,8269
I9AEEF96A,8831,8941
I9AEEF96A,9099,9207
I9AEEF96A,9784,9890
I9AEEF96A,10050,10110
I9AEEF96A,10194,10249
I9AEEF96A,10708,10731
I9AEEF96A,10759,10777
I9B6A4525,6241,6249
I9B6A4525,6851,6860
I9B6A4525,7256,7265
I9B6A4525,7567,7575
I9B6A4525,8142,8149
I9B6A4525,8893,8902
I9B6A4525,9191,9200
I9B6A4525,10417,10427
I9B6A4525,11117,11125
I9B6A4525,11554,11562
I9B6A4525,11902,11915
I9B6A4525,12621,12634
I9B6A4525,13225,13238
I9B6A4525,13786,13798
I9B6A4525,14956,14967
I9B6A4525,16049,16062
I9B6A4525,17126,17139
I9B6A4525,17487,17501
I9B6A4525,19143,19155
I9B6A4525,19829,19839
I9B6A4525,20749,20767
I9B6A4525,21009,21027
I9B6A4525,24404,24422
I9B6A4525,25611,25628
I9B6A4525,26174,26190
I9B6A4525,27596,27614
I9B6A4525,27813,27831
I9B6A4525,28263,28282
I9B6A4525,28522,28539
I9B6A4525,29086,29098
I9B6A4525,29622,29642
I9B6A4525,29922,29934
I9B6A4525,30242,30254
I9B6A4525,30612,30623
I9B6A4525,30914,30924
I9B6A4525,31166,31178
I9B6A4525,31467,31479
I9B6A4525,31862,31876
I9B6A4525,32297,32308
I9B6A4525,32577,32589
I9B6A4525,34425,34437
I9B6A4525,35228,35240
I9B6A4525,35783,35794
I9B6A4525,36217,36227
I9B6A4525,36516,36528
I9B6A4525,36697,36709
I9B6A4525,37523,37531
I9B6A4525,38499,38508
I9B6A4525,39047,39056
I9B6A4525,39642,39650
I9B6A4525,40053,40060
I9B6A4525,40441,40450
I9B6A4525,41887,41896
I9B6A4525,42485,42495
I9B6A4525,43059,43067
I9B6A4525,43542,43550
I9B6A4525,43996,44009
I9B6A4525,44716,44729
I9B6A4525,45001,45014
I9B6A4525,45557,45569
I9B6A4525,46109,46120
I9B6A4525,47351,47364
I9B6A4525,48462,48475
I9B6A4525,48850,48864
I9B6A4525,49577,49589
I9B6A4525,50689,50699
I9B6A4525,52379,52387
I9B6A4525,53455,53464
I9B6A4525,54660,54669
I9B6A4525,55418,55426
I9B6A4525,57733,57740
I9B6A4525,60116,60125
I9B6A4525,61590,61599
I9B6A4525,63053,63063
I9B6A4525,67643,67651
I9B6A4525,68489,68497
I9B6A4525,71488,71501
I9B6A4525,73474,73487
I9B6A4525,74435,74448
I9B6A4525,76287,76299
I9B6A4525,77321,77332
I9B6A4525,77740,77753
I9B6A4525,78830,78843
I9B6A4525,80112,80126
I9B6A4525,82275,82283
I9B6A4525,83554,83563
I9B6A4525,84739,84748
I9B6A4525,86598,86606
I9B6A4525,87338,87345
I9B6A4525,88143,88152
I9B6A4525,89409,89418
I9B6A4525,90221,90231
I9B6A4525,91901,91909
I9B6A4525,92730,92738
I9B6A4525,94821,94833
I9B6A4525,95759,95772
I9B6A4525,97252,97265
I9B6A4525,98152,98164
I9B6A4525,99968,99979
I9B6A4525,104466,104479
I9B6A4525,107322,107335
I9B6A4525,109231,109245
I9B6A4525,110492,110504
I9B6A4525,113352,113362
I9B6A4525,114638,114651
I9B6A4525,115928,115941
I9B6A4525,117046,117059
I9B6A4525,123468,123480
I9B6A4525,124333,124341
I9B6A4525,125312,125321
I9B6A4525,126903,126912
I9B6A4525,129393,129401
I9B6A4525,130260,130267
I9B6A4525,131485,131494
I9B6A4525,132256,132265
I9B6A4525,133544,133554
I9B6A4525,134174,134182
I9B6A4525,135296,135304
I9B6A4525,135940,135953
I9B6A4525,136367,136380
I9B6A4525,136776,136789
I9B6A4525,137341,137353
I9B6A4525,137972,137983
I9B6A4525,139326,139339
I9B6A4525,140103,140116
I9B6A4525,141451,141465
I9B6A4525,142145,142157
I9B6A4525,143482,143492
I9B6A4525,144712,144725
I9B6A4525,146453,146466
I9B6A4525,147543,147556
I9B6A4525,148721,148733
I9B6A4525,150600,150608
I9B6A4525,151243,151256
I9B6A4525,152632,152645
I9B6A4525,153838,153852
I9B6A4525,155531,155539
I9B6A4525,156679,156688
I9B6A4525,157565,157574
I9B6A4525,158846,158854
I9B6A4525,159849,159856
I9B6A4525,163460,163469
I9B6A4525,165249,165258
I9B6A4525,166820,166830
I9B6A4525,168374,168382
I9B6A4525,171588,171596
I9B6A4525,172536,172548
I9B6A4525,173793,173806
I9B6A4525,175699,175712
I9B6A4525,176801,176813
I9B6A4525,177837,177848
I9B6A4525,179586,179599
I9B6A4525,181673,181686
I9B6A4525,184216,184230
I9B6A4525,185628,185640
I9B6A4525,186549,186559
I9B6A4525,187338,187351
I9B6A4525,188940,188953
I9B6A4525,190687,190700
I9B6A4525,192548,192560
I9B6A4525,193321,193332
I9B6A4525,194156,194169
I9B6A4525,196030,196043
I9B6A4525,197678,197692
I9B6A4525,198781,198793
I9B6A4525,200220,200231
I9B6A4525,201792,201800
I9B6A4525,205195,205204
I9B6A4525,205808,205817
I9B6A4525,206662,206670
I9B6A4525,208479,208486
I9B6A4525,209317,209326
I9B6A4525,210331,210340
I9B6A4525,211785,211795
I9B6A4525,212640,212648
I9B6A4525,214214,214222
I9B6A4525,215185,215198
I9B6A4525,215992,216005
I9B6A4525,218154,218167
I9B6A4525,218994,219006
I9B6A4525,220143,220154
I9B6A4525,221893,221901
I9B6A4525,223422,223431
I9B6A4525,227150,227159
I9B6A4525,228464,228472
I9B6A4525,229789,229796
I9B6A4525,232825,232834
I9B6A4525,234075,234084
I9B6A4525,235435,235445
I9B6A4525,236686,236694
I9B6A4525,237783,237791
I9B6A4525,239263,239276
I9B6A4525,240177,240190
I9B6A4525,240724,240737
I9B6A4525,241918,241930
I9B6A4525,243029,243040
I9CB71958,9770,9852
I9CB71958,11765,11838
I9CB71958,11840,11954
I9CB71958,11956,12044
I9CB71958,12046,12189
I9CB71958,12191,12210
I9CB71958,12537,12557
I9CB71958,12622,12651
I9CB71958,13159,13250
I9CB71958,13252,13369
I9CB71958,13371,13472
I9CB71958,13474,13535
I9CB71958,13537,13612
I9CB71958,13614,13829
I9CB71958,13831,14017
I9CB71958,14019,14129
I9CB71958,14179,14292
I9CB71958,14294,14433
I9CB71958,14435,14501
I9CB71958,14503,14641
I9CB71958,14643,14749
I9CB71958,14751,14803
I9CB71958,14805,14950
I9CB71958,14952,15172
I9CB71958,15174,15276
I9CB71958,15278,15350
I9CB71958,15352,15423
I9CB71958,15425,15527
I9CB71958,15529,15670
I9CB71958,15672,15750
I9CB71958,15752,15812
I9CB71958,15814,15936
I9CB71958,15938,16005
I9CB71958,16007,16057
I9CB71958,16097,16168
I9CB71958,16170,16223
I9CB71958,16226,16395
I9CB71958,16397,16484
I9CB71958,16486,16582
I9CB71958,16584,16677
I9CB71958,16679,16811
I9CB71958,16813,16925
I9CB71958,16966,17030
I9CB71958,17032,17112
I9CB71958,17114,17199
I9CB71958,17201,17308
I9CB71958,17310,17412
I9CB71958,17414,17495
I9CB71958,17497,17785
I9CB71958,17787,17854
I9CB71958,17856,17927
I9CB71958,17928,18003
I9CB71958,18005,18144
I9CB71958,18146,18209
I9CB71958,18212,18241
I9CB71958,18243,18563
I9CB71958,18565,18618
I9CB71958,18620,18675
I9CB71958,18677,18732
I9CB71958,18734,18774
I9CB71958,18777,18909
I9CB71958,18911,18953
I9CB71958,18955,19003
I9CB71958,19005,19048
I9CB71958,19050,19104
I9CB71958,19106,19161
I9CB71958,19163,19237
I9CB71958,19239,19289
I9CB71958,19291,19600
I9CB71958,19602,19648
I9CB71958,19650,19689
I9CB71958,19691,19738
I9CB71958,19740,19783
I9CB71958,19785,19869
I9CB71958,19870,19924
I9CB71958,19927,19991
I9CB71958,19993,20047
I9CB71958,20049,20152
I9CB71958,20154,20268
I9CB71958,20270,20374
I9CB71958,20377,20408
I9CB71958,20411,20484
I9CB71958,20486,20555
I9CB71958,20557,20626
I9CB71958,20628,20712
I9CB71958,20713,20821
I9CB71958,20823,20980
I9CB71958,20983,21490
I9CB71958,21625,21675
I9CB71958,21677,21775
I9CB71958,21777,21992
I9CB71958,21994,22073
I9CB71958,22075,22146
I9CB71958,22147,22226
I9CB71958,22228,22353
I9CB71958,22355,22435
I9CB71958,22437,22505
I9CB71958,22507,22610
I9CB71958,22612,22679
I9CB71958,22681,22803
I9CB71958,22805,22861
I9CB71958,22863,22927
I9CB71958,22929,23038
I9CB71958,23040,23121
I9CB71958,23123,23175
I9CB71958,23177,23249
I9CB71958,23251,23344
I9CB71958,23347,23409
I9CB71958,23411,23511
I9CB71958,23513,23567
I9CB71958,23570,23639
I9CB71958,23641,23932
I9CB71958,23934,24023
I9CB71958,24025,24081
I9CB71958,24083,24128
I9CB71958,24130,24239
I9CB71958,24241,24330
I9CB71958,24331,24445
I9CB71958,24447,24533
I9CB71958,24535,24597
I9CB71958,24599,24650
I9CB71958,24652,24732
I9CB71958,24734,24801
I9CB71958,24803,24862
I9CB71958,24864,24944
I9CB71958,24946,25068
I9CB71958,25070,25220
I9CB71958,25222,25510
I9CB71958,25512,25658
I9CB71958,25660,25726
I9CB71958,25728,25782
I9CB71958,25785,25841
I9CB71958,25842,25899
I9CB71958,25901,25969
I9CB71958,25971,26047
I9CB71958,26049,26101
I9CB71958,26103,26176
I9CB71958,26178,26225
I9CB71958,26227,26300
I9CB71958,26302,26386
I9CB71958,26388,26543
I9CB71958,26545,26609
I9CB71958,26611,26722
I9CB71958,26724,26793
I9CB71958,26795,26859
I9CB71958,26860,26889
I9CB71958,26891,26963
I9CB71958,26965,27042
I9CB71958,27044,27109
I9CB71958,27111,27209
I9CB71958,27211,27282
I9CB71958,27284,27371
I9CB71958,27373,27474
I9CB71958,27477,27643
I9CB71958,27645,27690
I9CB71958,27692,27745
I9CB71958,27747,27821
I9CB71958,27823,27957
I9CB71958,27959,28032
I9CB71958,28035,28124
I9CB71958,28125,28202
I9CB71958,28203,28289
I9CB71958,28291,28353
I9CB71958,28355,28419
I9CB71958,28421,28484
I9CB71958,28486,28632
I9CB71958,28634,28770
I9CB71958,28772,28901
I9CB71958,28903,29016
I9CB71958,29018,29070
I9CB71958,29072,29109
I9CB71958,29111,29167
I9CB71958,29168,29220
I9CB71958,29222,29271
I9CB71958,29273,29367
I9CB71958,29369,29472
I9CB71958,29474,29525
I9CB71958,29527,29587
I9CB71958,29588,29764
I9CB71958,29767,29829
I9CB71958,29831,29883
I9CB71958,29885,30024
I9CB71958,30026,30150
I9CB71958,30152,30261
I9CB71958,30263,30386
I9CB71958,30388,30545
I9CB71958,30547,30703
I9CB71958,30705,30818
I9CB71958,30820,30867
I9CB71958,30869,30939
I9CB71958,30941,31025
I9CB71958,31753,31803
I9D810AA7,206,509
I9D810AA7,3075,3100
I9D810AA7,16885,16914
I9D9C7AC9,881,1127
I9D9C7AC9,1308,1331
I9D9C7AC9,1484,1523
I9D9C7AC9,1975,2050
I9D9C7AC9,2802,2885
I9D9C7AC9,3041,3247
I9D9C7AC9,3249,3533
I9D9C7AC9,3608,3648
I9D9C7AC9,3726,4004
I9D9C7AC9,4085,4125
I9D9C7AC9,4202,4497
I9D9C7AC9,4576,4616
I9D9C7AC9,4695,4990
I9D9C7AC9,5066,5106
I9D9C7AC9,5191,5476
I9D9C7AC9,5554,5594
I9D9C7AC9,5672,5980
I9D9C7AC9,6062,6102
I9D9C7AC9,6181,6471
I9D9C7AC9,6547,6587
I9D9C7AC9,6665,6961
I9D9C7AC9,7041,7081
I9D9C7AC9,7165,7444
I9D9C7AC9,7514,7554
I9D9C7AC9,7634,7912
I9D9C7AC9,7986,8026
I9D9C7AC9,8102,8408
I9D9C7AC9,8488,8528
I9D9C7AC9,8604,8887
I9D9C7AC9,8965,9005
I9D9C7AC9,9083,9381
I9D9C7AC9,9460,9500
I9D9C7AC9,9573,9861
I9D9C7AC9,9937,9977
I9D9C7AC9,10058,10340
I9D9C7AC9,10422,10462
I9D9C7AC9,10536,10823
I9D9C7AC9,10901,10941
I9D9C7AC9,11017,11068
I9D9C7AC9,11776,11822
I9D9C7AC9,12124,12229
I9D9C7AC9,12709,12730
I9E666AF8,1303,1334
I9E666AF8,3180,3200
I9E666AF8,5763,5903
I9E666AF8,6602,6668
I9E666AF8,12892,12918
I9E666AF8,13510,13558
I9E666AF8,15035,15058
I9FF2B59B,30931,31134
I9FF2B59B,34586,34638
I9FF2B59B,44698,44742
I9FF2B59B,45250,45316
I9FF2B59B,57368,57490
I9FF2B59B,59557,59874
I9FF2B59B,61716,61803
I9FF2B59B,63576,63601
I9FF2B59B,66067,66100
I9FF2B59B,66290,66478
I9FF2B59B,67506,67549
I9FF2B59B,68176,68217
I9FF2B59B,70350,70389
I9FF2B59B,71059,71117
I9FF2B59B,76792,76884
I9FF2B59B,78181,78216
I9FF2B59B,82933,82966
I9FF2B59B,107715,107767
I9FF2B59B,109479,109508
I9FF2B59B,110330,110358
I9FF2B59B,110502,110525
I9FF2B59B,113386,113446
I9FF2B59B,114224,114285
I9FF2B59B,114892,114948
I9FF2B59B,118753,118797
I9FF2B59B,118900,118983
I9FF2B59B,119080,119345
I9FF2B59B,122777,122830
I9FF2B59B,130481,130539
I9FF2B59B,135050,135100
I9FF2B59B,141448,141493
I9FF2B59B,147506,147555
I9FF2B59B,148004,148047
I9FF2B59B,148625,148669
IA2F1ACFA,4844,5111
IA2F1ACFA,5174,5220
IA2F1ACFA,5991,6018
IA2F1ACFA,6443,6478
IA2F1ACFA,8761,8770
IA2F1ACFA,9784,9793
IA2F1ACFA,10584,10593
IA2F1ACFA,14421,14520
IA2F1ACFA,15971,16011
IA2F1ACFA,16965,16974
IA2F1ACFA,17824,17832
IA2F1ACFA,18838,18886
IA2F1ACFA,19082,19121
IA2F1ACFA,19889,19898
IA2F1ACFA,20208,20216
IA2F1ACFA,21404,21413
IA2F1ACFA,23211,23220
IA2F1ACFA,24088,24096
IA2F1ACFA,25146,25154
IA2F1ACFA,25959,25968
IA2F1ACFA,28670,28686
IA2F1ACFA,29373,29449
IA2F1ACFA,34226,34258
IA2F1ACFA,34299,34322
IA2F1ACFA,34426,34454
IA2F1ACFA,34542,34567
IA2F1ACFA,34679,34708
IA2F1ACFA,34881,34925
IA2F1ACFA,35104,35130
IA2F1ACFA,35200,35226
IA2F1ACFA,35268,35293
IA2F1ACFA,35328,35349
IA2F1ACFA,37234,37255
IA2F1ACFA,38289,38766
IA2F1ACFA,39270,39308
IA2F1ACFA,40358,40564
IA2F1ACFA,40713,40773
IA2F1ACFA,41623,41759
IA2F1ACFA,42009,42018
IA2F1ACFA,42625,42910
IA2F1ACFA,43367,43405
IA2F1ACFA,44385,44440
IA2F1ACFA,44687,44717
IA2F1ACFA,45286,45295
IA2F1ACFA,45696,45743
IA2F1ACFA,46549,46712
IA2F1ACFA,47202,47263
IA2F1ACFA,47923,47952
IA2F1ACFA,48340,48368
IA2F1ACFA,48912,48938
IA2F1ACFA,49368,49388
IA2F1ACFA,49612,49668
IA2F1ACFA,49922,49940
IA2F1ACFA,50362,50391
IA2F1ACFA,50570,50594
IA2F1ACFA,50637,50656
IA2F1ACFA,50740,50759
IA2F1ACFA,50842,50861
IA2F1ACFA,50977,50999
IA2F1ACFA,51128,51144
IA2F1ACFA,51194,51227
IA2F1ACFA,51398,51427
IA2F1ACFA,51485,51512
IA2F1ACFA,51639,51678
IA2F1ACFA,51837,51867
IA2F1ACFA,52064,52094
IA2F1ACFA,52257,52316
IA2F1ACFA,52742,52785
IA2F1ACFA,53155,53177
IA2F1ACFA,53371,53395
IA2F1ACFA,53456,53482
IA2F1ACFA,54350,54379
IA2F1ACFA,54488,54513
IA2F1ACFA,54687,54711
IA2F1ACFA,54785,54817
IA2F1ACFA,54940,54971
IA2F1ACFA,55102,55141
IA2F1ACFA,55229,55253
IA2F1ACFA,58804,58864
IA2F1ACFA,59353,59415
IA2F1ACFA,59806,59841
IA2F1ACFA,59958,59991
IA2F1ACFA,60048,60086
IA2F1ACFA,60172,60212
IA2F1ACFA,60300,60328
IA2F1ACFA,60431,60471
IA2F1ACFA,60580,60614
IA2F1ACFA,60755,60801
IA2F1ACFA,60955,60986
IA2F1ACFA,61059,61092
IA2F1ACFA,61567,61594
IA2F1ACFA,61737,61772
IA2F1ACFA,61912,61941
IA2F1ACFA,62115,62151
IA2F1ACFA,62283,62312
IA2F1ACFA,62413,62451
IA2F1ACFA,62583,62618
IA2F1ACFA,62716,62754
IA2F1ACFA,62834,62866
IA2F1ACFA,62997,63032
IA2F1ACFA,63265,63303
IA2F1ACFA,63415,63462
IA2F1ACFA,63571,63606
IA2F1ACFA,63714,63745
IA2F1ACFA,63840,63871
IA2F1ACFA,63963,64005
IA2F1ACFA,64061,64103
IA2F1ACFA,64182,64219
IA2F1ACFA,64291,64327
IA2F1ACFA,64382,64421
IA2F1ACFA,64507,64541
IA2F1ACFA,64839,64871
IA2F1ACFA,65007,65048
IA2F1ACFA,65104,65128
IA2F1ACFA,65210,65242
IA2F1ACFA,65383,65417
IA2F1ACFA,65533,65571
IA2F1ACFA,65675,65717
IA2F1ACFA,65836,65878
IA2F1ACFA,65927,65964
IA2F1ACFA,66056,66086
IA2F1ACFA,66316,66368
IA2F1ACFA,66489,66539
IA2F1ACFA,66666,66718
IA2F1ACFA,66766,66807
IA2F1ACFA,66899,66929
IA2F1ACFA,67028,67068
IA2F1ACFA,67136,67172
IA2F1ACFA,67247,67276
IA2F1ACFA,67330,67365
IA2F1ACFA,67524,67558
IA2F1ACFA,67871,67909
IA2F1ACFA,68017,68049
IA2F1ACFA,68161,68199
IA2F1ACFA,68325,68358
IA2F1ACFA,68438,68475
IA2F1ACFA,68563,68605
IA2F1ACFA,68677,68712
IA2F1ACFA,68749,68789
IA2F1ACFA,68886,68924
IA2F1ACFA,69007,69039
IA2F1ACFA,69124,69160
IA2F1ACFA,69419,69455
IA2F1ACFA,69541,69579
IA2F1ACFA,69697,69732
IA2F1ACFA,69840,69871
IA2F1ACFA,69915,69958
IA2F1ACFA,70028,70064
IA2F1ACFA,70125,70153
IA2F1ACFA,70248,70291
IA2F1ACFA,70392,70425
IA2F1ACFA,70696,70746
IA2F1ACFA,70963,71014
IA2F1ACFA,71130,71182
IA2F1ACFA,71291,71320
IA2F1ACFA,71438,71491
IA2F1ACFA,71589,71635
IA2F1ACFA,71701,71735
IA2F1ACFA,71821,71859
IA2F1ACFA,71950,71980
IA2F1ACFA,72103,72133
IA2F1ACFA,72207,72250
IA2F1ACFA,72328,72363
IA2F1ACFA,72605,72644
IA2F1ACFA,72767,72822
IA2F1ACFA,72894,72938
IA2F1ACFA,73047,73080
IA2F1ACFA,73193,73227
IA2F1ACFA,73265,73308
IA2F1ACFA,73371,73415
IA2F1ACFA,73462,73494
IA2F1ACFA,73523,73552
IA2F1ACFA,73591,73627
IA2F1ACFA,73790,73841
IA2F1ACFA,74096,74119
IA2F1ACFA,74337,74379
IA2F1ACFA,74483,74509
IA2F1ACFA,74647,74678
IA2F1ACFA,74946,74987
IA2F1ACFA,75096,75139
IA2F1ACFA,75438,75484
IA2F1ACFA,75936,75971
IA2F1ACFA,76943,76971
IA2F1ACFA,77462,77485
IA2F1ACFA,77935,77955
IA2F1ACFA,78762,78797
IA2F1ACFA,79452,79477
IA2F1ACFA,80438,80462
IA2F1ACFA,80703,80733
IA2F1ACFA,85347,85432
IA2F1ACFA,86738,86766
IA2F1ACFA,89807,89825
IA2F1ACFA,91200,91238
IA2F1ACFA,92139,92160
IA2F1ACFA,93760,93785
IA2F1ACFA,94101,94122
IA2F1ACFA,94423,94449
IA2F1ACFA,94518,94537
IA2F1ACFA,94632,94648
IA2F1ACFA,96265,96309
IA2F1ACFA,96868,96893
IA2F1ACFA,97251,97304
IA2F1ACFA,97592,97724
IA2F1ACFA,98645,98654
IA2F1ACFA,99010,99019
IA2F1ACFA,100944,100969
IA2F1ACFA,101361,101441
IA2F1ACFA,102194,102217
IA2F1ACFA,102667,102731
IA2F1ACFA,103038,103136
IA2F1ACFA,103365,103383
IA2F1ACFA,103682,103712
IA2F1ACFA,104667,104718
IA2F1ACFA,105610,105651
IA2F1ACFA,106430,106580
IA2F1ACFA,107088,107097
IA2F1ACFA,109910,110101
IA2F1ACFA,111616,111625
IA2F1ACFA,115643,115701
IA2F1ACFA,116639,116648
IA2F1ACFA,118948,118968
IA2F1ACFA,121128,121137
IA2F1ACFA,121366,121452
IA2F1ACFA,121836,121845
IA2F1ACFA,122444,122453
IA2F1ACFA,122900,122908
IA2F1ACFA,123818,123856
IA2F1ACFA,131072,131218
IA2F1ACFA,134036,134045
IA2F1ACFA,137258,137309
IA2F1ACFA,138038,138057
IA2F1ACFA,138230,138267
IA2F1ACFA,138366,138390
IA2F1ACFA,138465,138505
IA2F1ACFA,138695,138711
IA2F1ACFA,138885,138893
IA2F1ACFA,139078,139118
IA2F1ACFA,139213,139255
IA2F1ACFA,139478,139498
IA2F1ACFA,139563,139590
IA2F1ACFA,139720,139751
IA2F1ACFA,139866,139906
IA2F1ACFA,140381,140396
IA2F1ACFA,140556,140564
IA2F1ACFA,141175,141191
IA2F1ACFA,141254,141277
IA2F1ACFA,141352,141376
IA2F1ACFA,141606,141632
IA2F1ACFA,145266,145275
IA2F1ACFA,149654,149680
IA2F1ACFA,150765,150787
IA2F1ACFA,151736,151745
IA2F1ACFA,152243,152252
IA2F1ACFA,152575,152596
IA2F1ACFA,153952,153960
IA2F1ACFA,154876,154885
IA2F1ACFA,158321,158418
IA2F1ACFA,159274,159283
IA2F1ACFA,161092,161101
IA2F1ACFA,161424,161433
IA2F1ACFA,168647,168656
IA2F1ACFA,171060,171068
IA2F1ACFA,181341,181430
IA2F1ACFA,181562,181582
IA2F1ACFA,181842,181887
IA2F1ACFA,182305,182350
IA2F1ACFA,182391,182412
IA2F1ACFA,184131,184163
IA2F1ACFA,187918,187935
IA2F1ACFA,195590,195609
IA2F1ACFA,196688,196712
IA2F1ACFA,199530,199538
IA2F1ACFA,201442,201506
IA2F1ACFA,202371,202410
IA2F1ACFA,204225,204233
IA2F1ACFA,205057,205066
IA2F1ACFA,205342,205351
IA2F1ACFA,206638,206646
IA2F1ACFA,208387,208418
IA2F1ACFA,210348,210393
IA2F1ACFA,212423,212461
IA2F1ACFA,213117,213124
IA2F1ACFA,214984,215016
IA2F1ACFA,215679,215704
IA2F1ACFA,216174,216197
IA2F1ACFA,216563,216585
IA2F1ACFA,217402,217420
IA2F1ACFA,219550,219587
IA2F1ACFA,225550,225558
IA2F1ACFA,225672,225681
IA2F1ACFA,225734,225743
IA2F1ACFA,225789,225797
IA2F1ACFA,225921,225928
IA2F1ACFA,225963,225971
IA2F1ACFA,226000,226007
IA2F1ACFA,226158,226167
IA2F1ACFA,227280,227289
IA2F1ACFA,227749,227758
IA2F1ACFA,228691,228699
IA2F1ACFA,228910,228917
IA2F1ACFA,229499,229508
IA2F1ACFA,230131,230140
IA2F1ACFA,230594,230604
IA2F1ACFA,231012,231020
IA2F1ACFA,231356,231364
IA2F1ACFA,232180,232193
IA2F1ACFA,232533,232546
IA2F1ACFA,232907,232920
IA2F1ACFA,233348,233360
IA2F1ACFA,234183,234258
IA2F1ACFA,235355,235364
IA2F1ACFA,236261,236281
IA2F1ACFA,237072,237081
IA2F1ACFA,237328,237407
IA2F1ACFA,237573,237605
IA2F1ACFA,237912,237949
IA2F1ACFA,239473,239520
IA2F1ACFA,239643,239679
IA2F1ACFA,242540,242622
IA2F1ACFA,243038,243075
IA2F1ACFA,243668,243710
IA2F1ACFA,244021,244045
IA2F1ACFA,245669,245690
IA2F1ACFA,246515,246539
IA2F1ACFA,247649,247672
IA2F1ACFA,248805,248825
IA2F1ACFA,254772,254781
IA2F1ACFA,256451,256460
IA2F1ACFA,257141,257149
IA2F1ACFA,258876,258884
IA2F1ACFA,259762,259771
IA2F1ACFA,260387,260396
IA2F1ACFA,261881,261889
IA2F1ACFA,262442,262477
IA2F1ACFA,263625,263641
IA2F1ACFA,270521,270550
IA2F1ACFA,271167,271192
IA2F1ACFA,272853,272875
IA2F1ACFA,273941,273976
IA2F1ACFA,278080,278151
IA2F1ACFA,280202,280357
IA2F1ACFA,281014,281023
IA2F1ACFA,281782,281830
IA2F1ACFA,282650,282694
IA3DD1ADA,347,377
IA3DD1ADA,379,408
IA3DD1ADA,411,440
IA3DD1ADA,442,482
IA3DD1ADA,484,513
IA3DD1ADA,567,587
IA3DD1ADA,1401,1441
IA3DD1ADA,1443,1490
IA3DD1ADA,1492,1542
IA3DD1ADA,1544,1601
IA3DD1ADA,1603,1643
IA3DD1ADA,1645,1687
IA3DD1ADA,1689,1732
IA3DD1ADA,1814,1847
IA3DD1ADA,2081,2116
IA3DD1ADA,2322,2358
IA3DD1ADA,2597,2622
IA3DD1ADA,2860,2891
IA3DD1ADA,3205,3251
IA3DD1ADA,3502,3547
IA3DD1ADA,3575,3598
IA3DD1ADA,3806,3854
IA3DD1ADA,4118,4185
IA3DD1ADA,4442,4469
IA3DD1ADA,4648,4704
IA3DD1ADA,5509,5660
IA3DD1ADA,5662,5707
IA3DD1ADA,5733,5753
IA3DD1ADA,7472,7519
IA3DD1ADA,10395,10434
IA3DD1ADA,10437,10589
IA3DD1ADA,10978,10997
IA3DD1ADA,11074,11094
IA473D353,142,167
IA473D353,13747,13757
IA473D353,15213,15225
IA473D353,15604,15622
IA473D353,16011,16030
IA473D353,17032,17060
IA473D353,18586,18614
IA473D353,23138,23166
IA473D353,25814,25830
IA473D353,56672,56715
IA473D353,70091,70112
IA736981A,1388,1406
IA736981A,1408,1557
IA736981A,1559,1589
IA736981A,1591,1608
IA736981A,1610,1627
IA736981A,1629,1650
IA736981A,1652,1683
IA736981A,1685,1848
IA736981A,1850,1875
IA736981A,1877,1899
IA736981A,1901,1917
IA736981A,1919,1936
IA736981A,1938,1961
IA736981A,1963,1986
IA736981A,1988,2175
IA736981A,2177,2202
IA736981A,2204,2232
IA736981A,2234,2251
IA736981A,2253,2270
IA736981A,2272,2292
IA736981A,2294,2313
IA736981A,2315,2335
IA736981A,2337,2379
IA736981A,2381,2405
IA736981A,2407,2434
IA736981A,2436,2462
IA736981A,2464,2488
IA736981A,2490,2524
IA736981A,2526,2564
IA736981A,2566,2594
IA736981A,2596,2617
IA736981A,2619,2645
IA736981A,2647,2697
IA736981A,2699,2742
IA736981A,2744,2790
IA736981A,2792,2840
IA736981A,2842,2890
IA736981A,2892,2938
IA736981A,2940,2993
IA736981A,2995,3026
IA736981A,3664,3826
IA736981A,4159,4373
IA736981A,5105,5145
IA736981A,5354,5606
IA736981A,5963,6006
IA736981A,6330,6472
IA736981A,6850,6884
IA736981A,7983,7997
IA736981A,8089,8106
IA736981A,8334,8366
IA736981A,8897,9114
IA736981A,9535,9636
IA736981A,9735,9758
IA736981A,9809,9829
IA736981A,9880,9909
IA736981A,10216,10553
IA736981A,10662,10829
IA736981A,11511,11568
IA736981A,12935,13028
IA736981A,13200,13241
IA736981A,14561,14663
IA736981A,14819,14860
IA736981A,16796,16921
IA736981A,17077,17169
IA736981A,17362,17393
IA736981A,18609,18742
IA736981A,18828,19035
IA736981A,19642,19680
IA736981A,20697,20735
IA736981A,21301,21339
IA736981A,21972,22109
IA736981A,22276,22302
IA736981A,24618,24840
IA736981A,25953,25970
IA736981A,28235,28331
IA736981A,29628,29653
IA736981A,30317,30346
IA736981A,30880,30906
IA736981A,31535,31561
IA736981A,32610,32895
IA736981A,33296,33331
IA736981A,33611,33645
IA736981A,35008,35041
IA736981A,35379,35605
IA736981A,35857,35889
IA736981A,36073,36113
IA736981A,36315,36344
IA736981A,36483,36514
IA736981A,36740,36935
IA736981A,37274,37303
IA736981A,38185,38219
IA736981A,38748,39253
IA736981A,39740,39926
IA736981A,40140,40175
IA736981A,41535,41574
IA736981A,41920,42108
IA736981A,42568,42645
IA736981A,42998,43029
IA736981A,43247,43279
IA736981A,43501,43531
IA736981A,43725,43755
IA736981A,44495,44704
IA736981A,45574,45596
IA736981A,45993,46048
IA736981A,47188,47338
IA736981A,48071,48087
IA736981A,48350,48369
IA736981A,49956,50124
IA736981A,50967,50995
IA736981A,52287,52564
IA736981A,54328,54364
IA736981A,54573,54597
IAA85B9B5,232,612
IAA85B9B5,647,723
IAA85B9B5,1998,2271
IAA85B9B5,2361,2432
IAA85B9B5,2791,3005
IAA85B9B5,3173,3208
IAA85B9B5,3573,3610
IAA85B9B5,4558,4833
IAA85B9B5,5704,5753
IAA85B9B5,7633,7713
IAA85B9B5,9941,10137
IAA85B9B5,10176,10200
IAA85B9B5,10253,10291
IAAADCAA0,174,184
IAAADCAA0,186,245
IAAADCAA0,247,318
IAAADCAA0,320,344
IAAADCAA0,346,367
IAAADCAA0,369,416
IAB948889,1152,1395
IAB948889,3914,4111
IAB948889,7693,7769
IAB948889,9555,9564
IAB948889,10110,10583
IAB948889,12075,12155
IAB948889,12668,12695
IAB948889,15804,15841
IAB948889,18424,18516
IAB948889,19305,19314
IAB948889,20222,20249
IAB948889,22668,22694
IAB948889,22861,22910
IAB948889,23866,23874
IAB948889,25027,25036
IAB948889,25391,25400
IAB948889,25893,25915
IAB948889,27362,27562
IAB948889,28577,28625
IAB948889,30098,30180
IAB948889,30546,30555
IAB948889,32045,32112
IAB948889,33047,33079
IAB948889,33942,33985
IAB948889,34733,34753
IAB948889,35230,35251
IAB948889,36176,36200
IAB948889,36689,36713
IAB948889,36981,37006
IAB948889,37809,37941
IAB948889,39489,39498
IAB948889,40322,40381
IAB948889,40694,40703
IAB948889,41179,41209
IAB948889,42921,43004
IAB948889,43735,43754
IAB948889,44551,44578
IAB948889,45703,45865
IAB948889,47182,47224
IAB948889,47430,47438
IAB948889,48289,48298
IAB948889,48693,48702
IAB948889,48954,48962
IAB948889,49226,49233
IAB948889,49473,49482
IAB948889,49998,50007
IAB948889,50864,50997
IAB948889,52820,52916
IAB948889,53651,53693
IAB948889,54219,54259
IAB948889,57643,57853
IAB948889,58156,58176
IAB948889,58304,58326
IAB948889,58634,58815
IAB948889,60417,60437
IAB948889,60864,60887
IAB948889,61449,61492
IAB948889,62684,62713
IAB948889,63251,63272
IAB948889,63686,63706
IAB948889,65460,65571
IAB948889,68800,68825
IAB948889,69454,69527
IAB948889,69715,69724
IAB948889,69855,69864
IAB948889,69987,69995
IAB948889,70539,70694
IAB948889,70812,70847
IAB948889,73867,73900
IAB948889,74710,74739
IAB948889,75421,75454
IAB948889,75542,75664
IAB948889,76482,76518
IAB948889,77362,77398
IAB948889,77576,77613
IAB948889,77828,77861
IAB948889,78072,78107
IAB948889,78610,78641
IAB948889,78715,78749
IAB948889,79003,79037
IAB948889,79760,79848
IAB948889,80245,80254
IAB948889,81059,81146
IAB948889,81452,81468
IAB948889,81523,81633
IAB948889,81694,81703
IAB948889,81751,81760
IAB948889,81840,81848
IAB948889,81915,81940
IAB948889,83819,83887
IAE1E11E5,144,161
IAE1E11E5,163,181
IAE1E11E5,183,215
IAE1E11E5,265,278
IAE1E11E5,280,291
IAE1E11E5,293,306
IAE1E11E5,307,320
IAE1E11E5,322,368
IAE1E11E5,370,395
IAE1E11E5,397,415
IAE1E11E5,417,463
IAE1E11E5,465,499
IAE1E11E5,501,531
IAE1E11E5,533,555
IAE1E11E5,557,578
IAE1E11E5,580,600
IAE1E11E5,602,621
IAE1E11E5,623,646
IAE1E11E5,648,685
IAE1E11E5,687,740
IAE1E11E5,742,853
IAE1E11E5,855,878
IAE1E11E5,880,921
IAE1E11E5,923,975
IAE1E11E5,977,1028
IAE1E11E5,1030,1054
IAE1E11E5,1056,1084
IAE1E11E5,1086,1128
IAE1E11E5,1130,1185
IAE1E11E5,1187,1200
IAE1E11E5,1202,1218
IAE1E11E5,1220,1236
IAE1E11E5,1238,1253
IAE1E11E5,15432,15559
IAE1E11E5,18125,18148
IAE1E11E5,20220,20439
IAE1E11E5,27591,27766
IAE1E11E5,71415,71471
IAE1E11E5,90947,90991
IAE1E11E5,99722,99983
IAE1E11E5,110652,110682
IAE1E11E5,112151,112180
IAE1E11E5,113619,113899
IAE1E11E5,125483,125546
IAE1E11E5,131217,131331
IAE1E11E5,133930,134165
IAE1E11E5,138834,138896
IAE1E11E5,139976,140037
IAE1E11E5,143353,143563
IAE1E11E5,144453,144505
IAE1E11E5,145533,145598
IAE1E11E5,149521,149631
IAE1E11E5,149731,149757
IAE1E11E5,149850,149875
IB047F8C7,9753,9827
IB047F8C7,13156,13179
IB047F8C7,16205,16326
IB047F8C7,21507,21586
IB047F8C7,36318,36345
IB047F8C7,43153,43190
IB047F8C7,50847,50881
IB047F8C7,55419,55479
IB047F8C7,73610,73653
IB047F8C7,79595,79623
IB047F8C7,89942,89979
IB047F8C7,109751,109773
IB047F8C7,118234,118311
IB047F8C7,139978,140047
IB047F8C7,166182,166234
IB047F8C7,179053,179073
IB047F8C7,198309,198343
IB047F8C7,223634,223650
IB047F8C7,232577,232602
IB047F8C7,249883,249911
IB047F8C7,251369,251423
IB047F8C7,251830,251872
IB047F8C7,256666,256689
IB047F8C7,262429,262443
IB047F8C7,267931,267946
IB047F8C7,269096,269106
IB2BA1922,2013,2205
IB2BA1922,3973,4110
IB2BA1922,6310,6413
IB2BA1922,9751,9838
IB2BA1922,10383,10411
IB2BA1922,10563,10598
IB2BA1922,10981,11021
IB2BA1922,12769,12808
IB2BA1922,13150,13191
IB2BA1922,14106,14174
IB2BA1922,20000,20243
IB2BA1922,21513,21644
IB2BA1922,25278,25746
IB2BA1922,29410,29531
IB2BA1922,29854,29952
IB2BA1922,30255,30417
IB2BA1922,30929,30956
IB2BA1922,34518,34672
IB2BA1922,35506,35600
IB2BA1922,39096,39325
IB2BA1922,43651,43684
IB2BA1922,44866,44951
IB2BA1922,46390,46441
IB2BA1922,52022,52431
IB2BA1922,52752,52852
IB2BA1922,53267,53331
IB2BA1922,54531,54672
IB2BA1922,63785,63822
IB2BA1922,64094,64360
IB2BA1922,66161,66315
IB2BA1922,66544,66589
IB2BA1922,66901,67033
IB2BA1922,69492,69781
IB2BA1922,72921,72960
IB2BA1922,73113,73228
IB2BA1922,73852,73945
IB2BA1922,76139,76228
IB2BA1922,77272,77420
IB2BA1922,78347,78459
IB2BA1922,78812,78933
IB2BA1922,79605,79815
IB2BA1922,81576,81719
IB2BA1922,82864,82941
IB2BA1922,84835,84927
IB2BA1922,87451,87547
IB2BA1922,88225,88318
IB2BA1922,88375,88501
IB2BA1922,88642,88767
IB2BA1922,89135,89197
IB2BA1922,90342,90400
IB2BA1922,90492,90551
IB2BA1922,90588,90641
IB2BA1922,91827,92109
IB2BA1922,96400,96619
IB2BA1922,97125,97337
IB2BA1922,97896,98020
IB2BA1922,101500,101608
IB2BA1922,101750,101841
IB2BA1922,103380,103492
IB2BA1922,108813,108902
IB2BA1922,109121,109231
IB2BA1922,117688,117711
IB2BA1922,123543,123650
IB2BA1922,123947,124106
IB2BA1922,124157,124232
IB2BA1922,124350,124449
IB2BA1922,124597,124685
IB2BA1922,125739,125843
IB2BA1922,127912,128128
IB2BA1922,128511,128592
IB2BA1922,132474,132513
IB2BA1922,133318,133391
IB2BA1922,143127,143226
IB2BA1922,146144,146264
IB2BA1922,147268,147462
IB2BA1922,150626,150896
IB2BA1922,151893,151982
IB2BA1922,152417,152493
IB2BA1922,158330,158594
IB2BA1922,162708,162754
IB2BA1922,163758,164000
IB2BA1922,167001,167146
IB2BA1922,169319,169400
IB2BA1922,169499,169610
IB2BA1922,172146,172195
IB2BA1922,175510,175613
IB2BA1922,175681,175772
IB2BA1922,175850,176098
IB2BA1922,176465,176543
IB2BA1922,176638,176729
IB2BA1922,178274,178407
IB2BA1922,188283,188330
IB2BA1922,188625,188731
IB2BA1922,189266,189413
IB2BA1922,190618,190799
IB2BA1922,192376,192615
IB2BA1922,194370,194502
IB2BA1922,194919,195130
IB2BA1922,196090,196181
IB2BA1922,197660,197716
IB2BA1922,199438,199558
IB2BA1922,200945,201011
IB2BA1922,201852,202047
IB2BA1922,203646,203847
IB2BA1922,207370,207482
IB2BA1922,207730,207850
IB2BA1922,208192,208256
IB2BA1922,210108,210171
IB2BA1922,210333,210407
IB2BA1922,212915,213069
IB2BA1922,215899,216027
IB2BA1922,217614,217754
IB2BA1922,218844,219007
IB2BA1922,226534,226624
IB2BA1922,228026,228065
IB2BA1922,228732,228851
IB2BA1922,229495,229582
IB2BA1922,230646,230742
IB2BA1922,234573,234935
IB2BA1922,235156,235429
IB2BA1922,240282,240376
IB2BA1922,244325,244365
IB2BA1922,244553,244576
IB2BA1922,244812,244868
IB2BA1922,246747,246807
IB2BA1922,247090,247207
IB2BA1922,249600,249653
IB2BA1922,260973,261085
IB2BA1922,262475,262573
IB2BA1922,274471,274559
IB2BA1922,275497,275626
IB2BA1922,276112,276263
IB2BA1922,278947,279021
IB2BA1922,280207,280534
IB2BA1922,280789,280912
IB2BA1922,288192,288287
IB2BA1922,289345,289495
IB2BA1922,289981,290098
IB2BA1922,290797,290970
IB2BA1922,292674,292823
IB2BA1922,293987,294272
IB2BA1922,302139,302279
IB2BA1922,306543,306671
IB2BA1922,311511,311549
IB2BA1922,314032,314131
IB2BA1922,316926,317188
IB2BA1922,317528,317594
IB2BA1922,317928,318109
IB2BA1922,323140,323298
IB2BA1922,332751,332841
IB2BA1922,334158,334377
IB2BA1922,347114,347206
IB2BA1922,348646,348705
IB2BA1922,348943,349004
IB2BA1922,349651,349744
IB2BA1922,354821,354996
IB2BA1922,357941,358047
IB2BA1922,362385,362468
IB2BA1922,366161,366231
IB2BA1922,367506,367641
IB2BA1922,368311,368560
IB2BA1922,372789,372952
IB2BA1922,374432,374482
IB2BA1922,374798,374953
IB2BA1922,377544,377636
IB2BA1922,382462,382577
IB2BA1922,385070,385166
IB2BA1922,387536,387720
IB2BA1922,389509,389560
IB2BA1922,389832,390089
IB2BA1922,390557,390675
IB2BA1922,391079,391183
IB2BA1922,393821,393939
IB2BA1922,394342,394436
IB2BA1922,394954,395097
IB2BA1922,395584,395656
IB2BA1922,395679,395775
IB2BA1922,395987,396113
IB2BA1922,397325,397462
IB2BA1922,397934,398146
IB2BA1922,398248,398320
IB2BA1922,398582,398789
IB2BA1922,399698,399743
IB2BA1922,399951,400024
IB2BA1922,400336,400475
IB2BA1922,403671,403897
IB2BA1922,404222,404463
IB2BA1922,406006,406059
IB2BA1922,409422,409773
IB2BA1922,411701,411797
IB2BA1922,419064,419161
IB2BA1922,425324,425461
IB2BA1922,429831,429972
IB2BA1922,435959,436014
IB2BA1922,438001,438121
IB2BA1922,439658,439940
IB2BA1922,441091,441176
IB2BA1922,442702,442975
IB2BA1922,446041,446172
IB2BA1922,451119,451219
IB2BA1922,453817,454001
IB2BA1922,457520,457648
IB2BA1922,458331,458564
IB2BA1922,471359,471453
IB2BA1922,478097,478179
IB2BA1922,479688,479856
IB2BA1922,481193,481366
IB2BA1922,486868,486982
IB2BA1922,489055,489326
IB2BA1922,489633,489715
IB2BA1922,491077,491285
IB2BA1922,491809,492061
IB2BA1922,492138,492231
IB2BA1922,492260,492379
IB2BA1922,492927,493088
IB2BA1922,493319,493489
IB2BA1922,504191,504243
IB2BA1922,504367,504474
IB2BA1922,504575,504652
IB2BA1922,510129,510214
IB2BA1922,511821,511943
IB2BA1922,520883,521388
IB2BA1922,523516,523602
IB2BA1922,524317,524451
IB2BA1922,525148,525304
IB2BA1922,525665,525806
IB2BA1922,529612,529638
IB2BA1922,529799,529850
IB2BA1922,530146,530333
IB2BA1922,535892,536004
IB2BA1922,536470,536618
IB2BA1922,541252,541436
IB2BA1922,543305,543590
IB2BA1922,548495,548562
IB2BA1922,549396,549444
IB2BA1922,553174,553246
IB2BA1922,561103,561176
IB2BA1922,571272,571368
IB2BA1922,574576,574646
IB2BA1922,586632,586775
IB2BA1922,587275,587334
IB2BA1922,589309,589376
IB2BA1922,597701,597792
IB2BA1922,598593,598669
IB2BA1922,600812,600894
IB2BA1922,601800,601882
IB2BA1922,602753,602828
IB2BA1922,604435,604640
IB2BA1922,608773,608844
IB2BA1922,610538,610691
IB2BA1922,612011,612119
IB2BA1922,612389,612518
IB2BA1922,615799,616173
IB2BA1922,619081,619199
IB2BA1922,620070,620230
IB2BA1922,625098,625171
IB2BA1922,626536,626607
IB2BA1922,627547,627655
IB2BA1922,628770,628833
IB2BA1922,628933,628990
IB2BA1922,629881,629956
IB2BA1922,630300,630437
IB2BA1922,632612,632699
IB2BA1922,634602,634692
IB2BA1922,634789,635014
IB2BA1922,635451,635556
IB2BA1922,635671,635805
IB2BA1922,636143,636254
IB2BA1922,639901,639966
IB2BA1922,642067,642104
IB2BA1922,642163,642270
IB2BA1922,642776,642985
IB2BA1922,645027,645118
IB2BA1922,647031,647114
IB2BA1922,649301,649450
IB2BA1922,649540,649630
IB2BA1922,654260,654463
IB2BA1922,655328,655395
IB2BA1922,656272,656485
IB2BA1922,656845,656881
IB2BA1922,657167,657272
IB2BA1922,658458,658604
IB2BA1922,660635,660785
IB2BA1922,664702,665019
IB2BA1922,665835,665913
IB2BA1922,667478,667559
IB2BA1922,668125,668186
IB2BA1922,670039,670150
IB2BA1922,674742,674875
IB2BA1922,676684,676809
IB2BA1922,680439,680533
IB2BA1922,682021,682089
IB2BA1922,683134,683228
IB2BA1922,683350,683414
IB2BA1922,684007,684092
IB2BA1922,684238,684336
IB2BA1922,684530,684582
IB2BA1922,687160,687308
IB2BA1922,689503,689663
IB2BA1922,691267,691444
IB2BA1922,693279,693357
IB2BA1922,693523,693643
IB2BA1922,693995,694146
IB2BA1922,702876,703034
IB2BA1922,704641,704827
IB2BA1922,712510,712604
IB2BA1922,713592,713799
IB2BA1922,728027,728200
IB2BA1922,738387,738530
IB2BA1922,739439,739543
IB2BA1922,741033,741142
IB2BA1922,741290,741353
IB2BA1922,741696,741773
IB2BA1922,743890,743972
IB2BA1922,744195,744435
IB2BA1922,744506,744609
IB2BA1922,745393,745468
IB2BA1922,746634,746728
IB2BA1922,752623,752667
IB2BA1922,758056,758079
IB2BA1922,759591,759654
IB2BA1922,759715,759804
IB2BA1922,760554,760675
IB2BA1922,762012,762153
IB2BA1922,762440,762547
IB2BA1922,762815,762931
IB2BA1922,765343,765438
IB2BA1922,767834,767881
IB2BA1922,769759,769914
IB2BA1922,778393,778416
IB2BA1922,780332,780445
IB2BA1922,781970,782106
IB2BA1922,782390,782581
IB2BA1922,783251,783400
IB2BA1922,783976,784194
IB45DE768,178,458
IB45DE768,491,511
IB45DE768,600,884
IB45DE768,2915,2986
IB45DE768,4821,4942
IB45DE768,5454,5557
IB45DE768,5901,6061
IB45DE768,6723,6783
IB45DE768,6836,6857
IB45DE768,6928,7023
IB45DE768,7162,7182
IB47565DE,724,1156
IB47565DE,1669,1702
IB47565DE,1902,1937
IB47565DE,2222,2295
IB47565DE,2650,2681
IB47565DE,3114,3145
IB47565DE,3279,3309
IB47565DE,3408,3433
IB47565DE,3836,3904
IB47565DE,4000,4024
IB47565DE,4224,4444
IB47565DE,4623,4657
IB47565DE,4965,5000
IB47565DE,5122,5151
IB47565DE,5273,5305
IB47565DE,5621,5779
IB47565DE,6670,6769
IB47565DE,7203,7226
IB47565DE,7485,7516
IB47565DE,7877,7991
IB47565DE,8139,8166
IB47565DE,8776,8889
IB47565DE,9143,9168
IB47565DE,9280,9336
IB47565DE,9609,9733
IB47565DE,10414,10440
IB47565DE,10571,10604
IB47565DE,11029,11313
IB47565DE,11468,11496
IB47565DE,11778,11801
IB47565DE,12430,12516
IB47565DE,12761,12881
IB47565DE,12944,12981
IB47565DE,13062,13100
IB47565DE,13206,13292
IB47565DE,13382,13400
IB47565DE,13847,13973
IB47565DE,14073,14104
IB47565DE,14848,14872
IB4B89F9C,4264,4450
IB4B89F9C,6503,6534
IB4B89F9C,6762,6797
IB4B89F9C,6937,7193
IB4B89F9C,7951,7978
IB4B89F9C,8358,8419
IB4B89F9C,8554,8563
IB4B89F9C,8680,8826
IB4B89F9C,8963,9100
IB4B89F9C,10837,10846
IB4B89F9C,18420,18429
IB4B89F9C,20359,20418
IB4B89F9C,22917,22947
IB4B89F9C,23557,23579
IB4B89F9C,24538,24562
IB4B89F9C,24988,25015
IB4B89F9C,25695,25722
IB4B89F9C,26842,26874
IB4B89F9C,27760,27785
IB4B89F9C,28304,28338
IB4B89F9C,29316,29345
IB4B89F9C,30246,30262
IB4B89F9C,30913,30952
IB4B89F9C,33121,33272
IB4B89F9C,33638,33647
IB4B89F9C,38256,38278
IB4B89F9C,38777,38914
IB4B89F9C,40975,41098
IB4B89F9C,43185,43194
IB4B89F9C,44830,44839
IB4B89F9C,46223,46360
IB4B89F9C,47649,47677
IB4B89F9C,49085,49165
IB4B89F9C,54301,54325
IB4B89F9C,59480,59514
IB4B89F9C,62266,62281
IB4B89F9C,68988,69144
IB4B89F9C,75503,75671
IB4B89F9C,77152,77181
IB4B89F9C,78134,78168
IB4B89F9C,79994,80109
IB4B89F9C,80557,80566
IB4B89F9C,82979,82988
IB4B89F9C,83344,83364
IB4B89F9C,83823,84242
IB4B89F9C,85964,85980
IB4B89F9C,87901,87982
IB4B89F9C,89279,89288
IB4B89F9C,90052,90185
IB4B89F9C,90449,90585
IB4B89F9C,91621,91668
IB4B89F9C,92951,92960
IB4B89F9C,95097,95106
IB4B89F9C,95786,95802
IB4B89F9C,96082,96173
IB4B89F9C,97144,97162
IB4B89F9C,100066,100086
IB4B89F9C,100452,100670
IB4B89F9C,101537,101604
IB4B89F9C,102508,102627
IB4B89F9C,104887,104896
IB4B89F9C,105792,105801
IB4B89F9C,106342,106402
IB4B89F9C,112670,112764
IB4B89F9C,113611,113620
IB4B89F9C,115567,115673
IB4B89F9C,115940,116111
IB4B89F9C,117005,117089
IB4B89F9C,118074,118137
IB4B89F9C,119690,119699
IB4B89F9C,119945,119963
IB4B89F9C,120239,120579
IB4B89F9C,120867,120876
IB4B89F9C,121133,121142
IB4B89F9C,121938,121946
IB4B89F9C,122999,123006
IB4B89F9C,123574,123698
IB4B89F9C,127008,127028
IB4B89F9C,127258,127341
IB4B89F9C,127931,128115
IB4B89F9C,130230,130239
IB4B89F9C,130762,130882
IB4B89F9C,132011,132103
IB4B89F9C,132258,132274
IB4B89F9C,134100,134136
IB4B89F9C,136646,136745
IB4B89F9C,142829,142946
IB4B89F9C,145921,145941
IB4B89F9C,146169,146252
IB4B89F9C,146480,146617
IB4B89F9C,147398,147600
IB4B89F9C,148051,148060
IB4B89F9C,149812,149864
IB4B89F9C,153768,153813
IB4B89F9C,157874,157937
IB4B89F9C,159426,159457
IB4B89F9C,159709,159729
IB4B89F9C,159897,159962
IB4B89F9C,160468,160675
IB4B89F9C,161285,161371
IB4B89F9C,162576,162601
IB4B89F9C,162778,162904
IB4B89F9C,164307,164316
IB4B89F9C,166055,166064
IB4B89F9C,169018,169026
IB4B89F9C,171189,171218
IB4B89F9C,171537,171677
IB4B89F9C,172789,172873
IB4B89F9C,173397,173418
IB4B89F9C,174405,174502
IB4B89F9C,176829,176864
IB4B89F9C,179263,179288
IB4B89F9C,179587,179687
IB4B89F9C,181253,181273
IB4B89F9C,181450,181515
IB4B89F9C,181790,181811
IB4B89F9C,182451,182476
IB4B89F9C,182616,182660
IB4B89F9C,183936,184272
IB4B89F9C,184919,185033
IB4B89F9C,191179,191278
IB4B89F9C,193999,194071
IB4B89F9C,195757,195773
IB4B89F9C,195987,196044
IB4B89F9C,198050,198066
IB4B89F9C,198316,198360
IB4B89F9C,201561,201586
IB4B89F9C,202051,202077
IB4B89F9C,203401,203421
IB4B89F9C,203632,203698
IB4B89F9C,204067,204269
IB4B89F9C,204762,204882
IB4B89F9C,205687,205696
IB4B89F9C,206691,206721
IB4B89F9C,209753,209790
IB4B89F9C,211381,211415
IB4B89F9C,212155,212183
IB4B89F9C,212665,212699
IB4B89F9C,213573,213597
IB4B89F9C,214075,214279
IB4B89F9C,216036,216045
IB4B89F9C,216966,216975
IB4B89F9C,217213,217239
IB4B89F9C,218045,218078
IB4B89F9C,219091,219111
IB4B89F9C,219334,219398
IB4B89F9C,219865,220024
IB4B89F9C,220380,220490
IB4B89F9C,223088,223107
IB4B89F9C,224871,224884
IB4B89F9C,226299,226311
IB4B89F9C,227693,227706
IB4B89F9C,228281,228303
IB4B89F9C,228614,228637
IB4B89F9C,229859,229962
IB4B89F9C,230752,230784
IB4B89F9C,237114,237135
IB4B89F9C,240738,240767
IB4B89F9C,243226,243264
IB4B89F9C,243755,243841
IB4B89F9C,244083,244111
IB4B89F9C,245269,245376
IB4B89F9C,246443,246452
IB4B89F9C,247142,247201
IB4B89F9C,248379,248401
IB4B89F9C,248851,248945
IB4B89F9C,249815,249902
IB4B89F9C,250273,250282
IB4B89F9C,250828,250989
IB4B89F9C,253180,253217
IB4B89F9C,256392,256412
IB4B89F9C,256932,257061
IB4B89F9C,260785,260827
IB4B89F9C,262988,263005
IB4B89F9C,264358,264402
IB4B89F9C,265561,265593
IB4B89F9C,267923,267954
IB4B89F9C,268261,268291
IB4B89F9C,268729,268749
IB4B89F9C,268865,268998
IB4B89F9C,269494,269627
IB4B89F9C,270370,270621
IB4B89F9C,274045,274054
IB4B89F9C,274827,274836
IB4B89F9C,276228,276237
IB4B89F9C,276641,276873
IB4B89F9C,277240,277249
IB4B89F9C,278072,278081
IB4B89F9C,278665,278817
IB4B89F9C,280447,280618
IB4B89F9C,281621,281688
IB4B89F9C,282877,282976
IB4B89F9C,283341,283423
IB4B89F9C,285203,285395
IB4B89F9C,285889,286092
IB4B89F9C,287861,287890
IB4B89F9C,289454,289487
IB4B89F9C,291072,291105
IB4B89F9C,291936,291978
IB4B89F9C,292231,292547
IB4B89F9C,293879,293905
IB4B89F9C,294288,294297
IB4B89F9C,297310,297339
IB4B89F9C,297690,297777
IB4B89F9C,298106,298131
IB4B89F9C,298418,298487
IB4B89F9C,299054,299501
IB4B89F9C,301084,301242
IB4B89F9C,301697,301771
IB4B89F9C,302325,302334
IB4B89F9C,302723,302732
IB4B89F9C,303294,303323
IB4B89F9C,310229,310285
IB4B89F9C,311171,311187
IB4B89F9C,313500,313754
IB4B89F9C,318060,318069
IB4B89F9C,319593,319602
IB4B89F9C,320232,320240
IB4B89F9C,321928,322075
IB4B89F9C,322918,322927
IB4B89F9C,323720,323729
IB4B89F9C,326426,326460
IB4B89F9C,327605,327625
IB4B89F9C,328308,328420
IB4B89F9C,328818,328834
IB4B89F9C,330188,330304
IB4B89F9C,331079,331098
IB4B89F9C,331221,331234
IB4B89F9C,331430,331498
IB4B89F9C,331754,331775
IB4B89F9C,332487,332514
IB4B89F9C,333306,333333
IB4B89F9C,333902,333930
IB4B89F9C,334766,334794
IB4B89F9C,335399,335422
IB4B89F9C,336136,336149
IB4B89F9C,336286,336437
IB4B89F9C,337555,337572
IB4B89F9C,338781,338976
IB4B89F9C,340593,340624
IB4B89F9C,342120,342236
IB4B89F9C,342434,342454
IB4B89F9C,355190,355425
IB4B89F9C,357718,357727
IB4B89F9C,358263,358272
IB4B89F9C,359285,359293
IB4B89F9C,360033,360046
IB4B89F9C,360204,360273
IB4B89F9C,360743,360764
IB4B89F9C,361051,361076
IB4B89F9C,363361,363442
IB4B89F9C,365241,365328
IB4B89F9C,366234,366260
IB4B89F9C,366608,366761
IB4B89F9C,367407,367416
IB4B89F9C,368127,368136
IB4B89F9C,368584,368600
IB4B89F9C,369136,369149
IB4B89F9C,369295,369364
IB4B89F9C,369616,369797
IB4B89F9C,370993,371002
IB4B89F9C,371622,371783
IB4B89F9C,374409,374434
IB4B89F9C,376574,376590
IB4B89F9C,376749,376762
IB4B89F9C,376901,376971
IB4B89F9C,377178,377377
IB4B89F9C,379163,379231
IB4B89F9C,379911,379940
IB4B89F9C,380088,380101
IB4B89F9C,380281,380349
IB4B89F9C,380618,380972
IB4B89F9C,381469,381545
IB4B89F9C,382642,382775
IB4B89F9C,385385,385505
IB4B89F9C,388784,388893
IB4B89F9C,390679,390696
IB4B89F9C,391108,391151
IB4B89F9C,391493,391608
IB4B89F9C,392561,392586
IB4B89F9C,392813,392917
IB4B89F9C,393781,393827
IB4B89F9C,394131,394171
IB4B89F9C,396219,396235
IB4B89F9C,396484,396497
IB4B89F9C,396626,396691
IB4B89F9C,397040,397061
IB4B89F9C,403976,404033
IB4B89F9C,404632,404740
IB4B89F9C,406232,406318
IB4B89F9C,406745,406762
IB4B89F9C,408687,408732
IB4B89F9C,409330,409363
IB4B89F9C,409998,410014
IB4B89F9C,410234,410247
IB4B89F9C,410418,410487
IB4B89F9C,410747,410768
IB4B89F9C,413276,413312
IB4B89F9C,414289,414302
IB4B89F9C,414429,414498
IB4B89F9C,415006,415028
IB4B89F9C,416618,416755
IB4B89F9C,418905,418941
IB4B89F9C,419331,419344
IB4B89F9C,419551,419600
IB522F095,1035,1219
IB522F095,1639,1878
IB522F095,5323,5340
IB522F095,8622,8841
IB522F095,8863,8984
IB522F095,22038,22197
IB522F095,48409,48525
IB522F095,48622,49002
IB522F095,49023,49097
IB522F095,49408,49459
IB522F095,51493,51532
IB522F095,52633,52682
IB522F095,53703,53818
IB522F095,54032,54095
IB522F095,55310,55328
IB522F095,56998,57143
IB522F095,57366,57386
IB522F095,59519,59545
IB522F095,83135,83418
IB522F095,83420,83438
IB522F095,83532,83612
IB522F095,110126,110178
IB522F095,126088,126117
IB522F095,127059,127091
IB522F095,128457,128477
IB522F095,129080,129230
IB522F095,132008,132113
IB522F095,132781,132928
IB522F095,141201,141261
IB522F095,141530,141813
IB522F095,153033,153152
IB522F095,153881,153922
IB522F095,154351,154433
IB522F095,154594,155238
IB522F095,155354,155398
IB522F095,155762,155807
IB522F095,156362,156396
IB522F095,156642,156678
IB522F095,157095,157157
IB522F095,158649,158676
IB522F095,160633,160677
IB522F095,161367,161398
IB522F095,163061,163463
IB522F095,163792,163854
IB522F095,164926,164972
IB522F095,165215,165259
IB522F095,165771,165820
IB522F095,166260,166323
IB522F095,166871,166903
IB522F095,168098,168180
IB522F095,169403,169441
IB522F095,169821,169862
IB522F095,178748,179046
IB522F095,179132,179215
IB522F095,184204,184257
IB522F095,187296,187351
IB522F095,190592,190662
IB522F095,200343,200407
IB522F095,206580,206613
IB522F095,207229,207334
IB522F095,208971,209083
IB522F095,233545,233723
IB522F095,233867,234117
IB522F095,234119,234149
IB522F095,234483,234545
IB522F095,235023,235068
IB522F095,235989,236064
IB522F095,236947,236970
IB522F095,237025,237199
IB522F095,237319,237338
IB522F095,237403,237758
IB522F095,238049,238073
IB522F095,238243,238305
IB522F095,238965,238996
IB522F095,239066,239226
IB522F095,239546,239567
IB522F095,239790,240180
IB522F095,240221,240257
IB522F095,241019,241039
IB522F095,241195,241333
IB522F095,242255,242315
IB522F095,242667,242708
IB522F095,242835,242932
IB522F095,243034,243073
IB522F095,244226,244261
IB522F095,244392,244436
IB522F095,244837,244926
IB522F095,245183,245865
IB522F095,245973,246016
IB522F095,246474,246512
IB522F095,246747,246778
IB522F095,246925,246954
IB522F095,247118,247180
IB522F095,247310,247331
IB522F095,248038,248102
IB522F095,248518,248585
IB522F095,249735,249758
IB522F095,249856,250456
IB522F095,250737,250823
IB522F095,251242,251289
IB522F095,251768,251808
IB522F095,253045,253094
IB522F095,253169,253191
IB522F095,253268,253288
IB522F095,253366,253408
IB522F095,253504,253510
IB522F095,253579,253585
IB522F095,253843,253899
IB522F095,254093,254305
IB522F095,254550,254575
IB522F095,255045,255070
IB522F095,255204,255962
IB522F095,256379,256408
IB522F095,256532,256571
IB522F095,256703,256741
IB522F095,257014,257108
IB522F095,257255,257303
IB522F095,257677,257749
IB522F095,258138,258216
IB522F095,258637,258671
IB522F095,258768,258830
IB522F095,258995,259057
IB522F095,259195,259216
IB522F095,259297,259324
IB522F095,259403,259431
IB522F095,259552,260200
IB522F095,260434,260468
IB522F095,260870,260990
IB522F095,261031,261064
IB522F095,261745,261773
IB522F095,261865,261966
IB522F095,271755,271875
IB522F095,272521,272601
IB522F095,275763,275846
IB522F095,277267,277349
IB522F095,278508,278556
IB522F095,278707,278797
IB522F095,279246,279276
IB522F095,279411,279441
IB522F095,279637,279656
IB5F523B2,190,476
IB5F523B2,515,535
IB5F523B2,554,578
IB5F523B2,623,705
IB5F523B2,818,870
IB5F523B2,923,1004
IB5F523B2,1069,1109
IB5F523B2,1167,1210
IB5F523B2,1271,1310
IB5F523B2,1369,1412
IB5F523B2,1476,1515
IB5F523B2,1574,1617
IB5F523B2,1690,1725
IB5F523B2,1776,1814
IB5F523B2,1869,1908
IB5F523B2,1961,2004
IB5F523B2,2062,2102
IB5F523B2,2157,2195
IB5F523B2,2248,2290
IB5F523B2,2349,2387
IB5F523B2,2440,2478
IB5F523B2,2531,2567
IB5F523B2,2617,2655
IB5F523B2,2707,2749
IB5F523B2,2806,3001
IB5F523B2,3190,3244
IB5F523B2,3355,3437
IB5F523B2,3489,3543
IB5F523B2,3777,3842
IB5F523B2,3897,3918
IB8D599AA,4553,4598
IB8D599AA,5399,5418
IB8D599AA,6136,6162
IB8D599AA,6658,6682
IB8D599AA,7169,7196
IB8D599AA,7733,7757
IB8D599AA,8441,8466
IB8D599AA,9239,9265
IB8D599AA,9754,9780
IB8D599AA,10507,10520
IB8D599AA,11215,11239
IB8D599AA,11658,11678
IB8D599AA,12268,12294
IB8D599AA,13786,13810
IB8D599AA,14883,14914
IB8D599AA,15627,15659
IB8D599AA,16494,16517
IB8D599AA,17651,17684
IB8D599AA,18765,18795
IB8D599AA,19637,19657
IB8D599AA,20546,20568
IB8D599AA,21550,21569
IB8D599AA,22313,22335
IB8D599AA,22836,22862
IB8D599AA,23780,23814
IB8D599AA,24738,24766
IB8D599AA,26601,26622
IB8D599AA,27180,27223
IB8D599AA,29222,29454
IB8D599AA,31010,31039
IB8D599AA,41556,41576
IB8D599AA,43506,43533
IB8D599AA,44797,44866
IB8D599AA,64482,64501
IB8D599AA,84103,84129
IB8D599AA,94131,94155
IB8D599AA,111458,111485
IB8D599AA,135143,135167
IB8D599AA,153107,153132
IB8D599AA,164008,164034
IB8D599AA,172897,172923
IB8D599AA,178549,178562
IB8D599AA,192886,192910
IB8D599AA,200602,200622
IB8D599AA,206933,206959
IB8D599AA,218867,218891
IB8D599AA,239131,239162
IB8D599AA,251491,251523
IB8D599AA,260971,260994
IB8D599AA,265895,265928
IB8D599AA,277062,277092
IB8D599AA,285524,285544
IB8D599AA,290704,290726
IB8D599AA,297514,297533
IB8D599AA,310564,310586
IB8D599AA,329820,329846
IB8D599AA,341689,341723
IB8D599AA,351162,351190
IB8D599AA,366574,366595
IB8D599AA,373401,373444
IB8D599AA,385658,385672
IB8EEB9FB,24949,25243
IB8EEB9FB,29561,29582
IB8EEB9FB,30500,30514
IB8EEB9FB,31521,31535
IB8EEB9FB,32348,32361
IB8EEB9FB,33280,33292
IB8EEB9FB,34482,34496
IB8EEB9FB,35325,35339
IB8EEB9FB,36483,36539
IB8EEB9FB,39271,39307
IB8EEB9FB,40997,41023
IB8EEB9FB,44232,44262
IB8EEB9FB,46201,46511
IB8EEB9FB,48224,48251
IB8EEB9FB,50682,50704
IB8EEB9FB,51435,51476
IB8EEB9FB,52076,52113
IB8EEB9FB,54841,54872
IB8EEB9FB,55843,55865
IB8EEB9FB,57309,57355
IB8EEB9FB,62821,63027
IB8EEB9FB,68188,68521
IB8EEB9FB,68557,68709
IB8EEB9FB,68999,69021
IB8EEB9FB,70229,70264
IB8EEB9FB,70717,70732
IB8EEB9FB,72003,72172
IB8EEB9FB,73026,73062
IB8EEB9FB,74537,74576
IB8EEB9FB,76008,76204
IB8EEB9FB,77335,77379
IB8EEB9FB,77980,78020
IB8EEB9FB,78854,79050
IB8EEB9FB,79701,79748
IB8EEB9FB,80854,80897
IB8EEB9FB,84233,84510
IB8EEB9FB,86716,86773
IB8EEB9FB,88946,88997
IB8EEB9FB,91755,91966
IB8EEB9FB,93912,93978
IB8EEB9FB,94578,94631
IB8EEB9FB,96341,96508
IB8EEB9FB,103034,103074
IB8EEB9FB,104275,104314
IB8EEB9FB,108405,108439
IB8EEB9FB,109616,109673
IB8EEB9FB,111479,111676
IB8EEB9FB,116002,116162
IB8EEB9FB,116730,116806
IB8EEB9FB,117501,117532
IB8EEB9FB,117813,117822
IB8EEB9FB,117991,118005
IB8EEB9FB,118312,118322
IB8EEB9FB,118500,118517
IB8EEB9FB,118614,118620
IB8EEB9FB,118890,118902
IB8EEB9FB,119220,119232
IB8EEB9FB,119837,119863
IB8EEB9FB,120399,120437
IB8EEB9FB,120944,121116
IB8EEB9FB,121118,121194
IB8EEB9FB,121196,121288
IB8EEB9FB,121290,121381
IB8EEB9FB,121383,121492
IB8EEB9FB,121494,121573
IB8EEB9FB,121575,121712
IB8EEB9FB,121714,121738
IB8EEB9FB,122104,122141
IB8EEB9FB,123949,123983
IB8EEB9FB,125199,125236
IB8EEB9FB,125482,125501
IB8EEB9FB,125964,125983
IB8EEB9FB,126346,126371
IB8EEB9FB,127031,127055
IB8EEB9FB,127381,127417
IB8EEB9FB,128651,128659
IB8EEB9FB,129155,129192
IB8EEB9FB,129634,129751
IB8EEB9FB,132076,132112
IB8EEB9FB,132757,132869
IB8EEB9FB,134249,134293
IB8EEB9FB,135490,135540
IB8EEB9FB,135800,135931
IB8EEB9FB,136041,136050
IB8EEB9FB,136208,136217
IB8EEB9FB,138344,138479
IB8EEB9FB,140669,140820
IB8EEB9FB,141388,141411
IB8EEB9FB,141510,141528
IB8EEB9FB,141627,141651
IB8EEB9FB,142454,142469
IB8EEB9FB,142471,142484
IB8EEB9FB,142644,142651
IB8EEB9FB,142735,142746
IB8EEB9FB,142833,142843
IB8EEB9FB,143169,143187
IB8EEB9FB,143305,143317
IB8EEB9FB,143405,143414
IB8EEB9FB,144917,144937
IB8EEB9FB,145136,145156
IB8EEB9FB,145330,145351
IB8EEB9FB,145498,145512
IB8EEB9FB,145710,145814
IB8EEB9FB,146201,146240
IB8EEB9FB,146838,146857
IB8EEB9FB,147098,147124
IB8EEB9FB,147720,147752
IB8EEB9FB,150152,150254
IB8EEB9FB,150538,150569
IB8EEB9FB,150822,150848
IB8EEB9FB,151754,151797
IB8EEB9FB,152658,152690
IB8EEB9FB,153103,153193
IB8EEB9FB,154112,154138
IB8EEB9FB,155393,155416
IB8EEB9FB,156208,156232
IB8EEB9FB,160112,160366
IB8EEB9FB,160405,160852
IB8EEB9FB,162500,162738
IB8EEB9FB,163161,163179
IB8EEB9FB,163274,163308
IB8EEB9FB,163588,163798
IB8EEB9FB,164188,164213
IB8EEB9FB,164693,164728
IB8EEB9FB,165458,165493
IB8EEB9FB,166070,166093
IB8EEB9FB,167572,167614
IB8EEB9FB,167861,167890
IB8EEB9FB,168258,168289
IB8EEB9FB,168476,168710
IB8EEB9FB,169401,169428
IB8EEB9FB,170459,170683
IB8EEB9FB,171026,171068
IB8EEB9FB,171418,171456
IB8EEB9FB,171789,171827
IB8EEB9FB,172120,172159
IB8EEB9FB,172894,173196
IB8EEB9FB,173393,173431
IB8EEB9FB,173689,173741
IB8EEB9FB,173962,174019
IB8EEB9FB,174487,174523
IB8EEB9FB,174863,174910
IB8EEB9FB,175097,175157
IB8EEB9FB,176145,176391
IB8EEB9FB,176748,176773
IB8EEB9FB,176867,176948
IB8EEB9FB,177169,177192
IB8EEB9FB,177411,177437
IB8EEB9FB,177680,177705
IB8EEB9FB,179384,179585
IB8EEB9FB,180062,180113
IB8EEB9FB,180914,180943
IB8EEB9FB,181775,181803
IB8EEB9FB,182551,182583
IB8EEB9FB,183573,183614
IB8EEB9FB,194620,194913
IB8EEB9FB,195372,195397
IB8EEB9FB,195981,196007
IB8EEB9FB,196166,196194
IB8EEB9FB,196284,196310
IB8EEB9FB,197395,197422
IB8EEB9FB,197580,197591
IB8EEB9FB,197738,197747
IB8EEB9FB,198076,198097
IB8EEB9FB,198469,198489
IB8EEB9FB,198755,198955
IB8EEB9FB,200070,200145
IB8EEB9FB,200931,201155
IB8EEB9FB,201463,201479
IB8EEB9FB,201632,201683
IB8EEB9FB,201961,201991
IB8EEB9FB,202191,202216
IB8EEB9FB,202580,202599
IB8EEB9FB,202793,202856
IB8EEB9FB,203103,203141
IB8EEB9FB,203324,203364
IB8EEB9FB,203590,203606
IB8EEB9FB,203816,203875
IB8EEB9FB,204213,204250
IB8EEB9FB,204538,204573
IB8EEB9FB,204773,204793
IB8EEB9FB,204942,205000
IB8EEB9FB,205207,205238
IB8EEB9FB,205429,205461
IB8EEB9FB,205596,205611
IB8EEB9FB,205940,206009
IB8EEB9FB,206320,206354
IB8EEB9FB,206706,206744
IB8EEB9FB,207276,207292
IB8EEB9FB,207678,207701
IB8EEB9FB,207970,207994
IB8EEB9FB,208200,208225
IB8EEB9FB,208432,208460
IB8EEB9FB,208817,208827
IB8EEB9FB,209289,209300
IB8EEB9FB,210364,210379
IB8EEB9FB,210750,210763
IB8EEB9FB,211280,211290
IB8EEB9FB,211996,212048
IB8EEB9FB,213303,213364
IB8EEB9FB,215015,215056
IB8EEB9FB,215934,216193
IB8EEB9FB,216519,216558
IB8EEB9FB,217052,217093
IB8EEB9FB,217871,217904
IB8EEB9FB,218460,218511
IB8EEB9FB,218801,218843
IB8EEB9FB,219276,219317
IB8EEB9FB,221655,221693
IB8EEB9FB,229075,229326
IB8EEB9FB,231759,231787
IB8EEB9FB,236936,236962
IB8EEB9FB,239145,239183
IB8EEB9FB,245983,246221
IB8EEB9FB,247149,247376
IB8EEB9FB,248623,248648
IB8EEB9FB,249336,249353
IB8EEB9FB,249547,249583
IB8EEB9FB,251051,251076
IB8EEB9FB,251700,251753
IB8EEB9FB,260165,260224
IB8EEB9FB,261463,261501
IB8EEB9FB,262774,262814
IB8EEB9FB,267758,268089
IB8EEB9FB,275094,275260
IB8EEB9FB,279815,279883
IB8EEB9FB,280563,280582
IB8EEB9FB,281729,281792
IB8EEB9FB,283150,283190
IB8EEB9FB,283937,283978
IB8EEB9FB,284643,284686
IB8EEB9FB,285179,285231
IB8EEB9FB,285694,285754
IB8EEB9FB,286153,286199
IB8EEB9FB,286443,286581
IB8EEB9FB,288690,288794
IB8EEB9FB,289263,289335
IB8EEB9FB,289416,289445
IB8EEB9FB,289537,289579
IB8EEB9FB,289660,289711
IB8EEB9FB,289814,289847
IB8EEB9FB,290076,290092
IB8EEB9FB,291290,291311
IB8EEB9FB,293339,293360
IB8EEB9FB,294638,294664
IB8EEB9FB,296646,296677
IB8EEB9FB,297742,297761
IB8EEB9FB,298518,298540
IB8EEB9FB,299442,299489
IB8EEB9FB,300397,300437
IB8EEB9FB,309717,309741
IB9CA8898,324,463
IB9CA8898,465,495
IB9CA8898,497,526
IB9CA8898,528,557
IB9CA8898,559,600
IB9CA8898,602,631
IB9CA8898,689,709
IB9CA8898,880,900
IB9CA8898,993,1035
IB9CA8898,1037,1127
IB9CA8898,1130,1147
IB9CA8898,1390,1412
IB9CA8898,1415,1447
IB9CA8898,1869,2024
IB9CA8898,2170,2282
IB9CA8898,2364,2477
IB9CA8898,2690,2743
IB9CA8898,2921,3061
IB9CA8898,3206,3289
IB9CA8898,3292,3309
IB9CA8898,3447,3468
IB9CA8898,3587,3634
IB9CA8898,3736,3823
IB9CA8898,3929,4009
IB9CA8898,4109,4204
IB9CA8898,4312,4392
IB9CA8898,4505,4582
IB9CA8898,4676,4751
IB9CA8898,4836,4920
IB9CA8898,5063,5146
IB9CA8898,5283,5343
IB9CA8898,5346,5396
IB9CA8898,5485,5552
IB9CA8898,5634,5690
IB9CA8898,5896,5959
IB9CA8898,5962,6059
IB9CA8898,6657,6744
IB9CA8898,7140,7202
IB9CA8898,7343,7388
IB9CA8898,7478,7521
IB9CA8898,7685,7769
IB9CA8898,7823,7978
IB9CA8898,8518,8601
IB9CA8898,8806,8983
IB9CA8898,9157,9220
IB9CA8898,9222,9260
IB9CA8898,9475,9513
IB9CA8898,9620,9657
IB9CA8898,9776,9831
IB9CA8898,10172,10255
IB9CA8898,10910,11076
IB9CA8898,12061,12203
IB9CA8898,12286,12410
IB9CA8898,12717,12865
IB9CA8898,13418,13528
IB9CA8898,13786,13924
IB9CA8898,14931,15074
IB9CA8898,15380,15451
IB9CA8898,16151,16249
IB9CA8898,16500,16577
IB9CA8898,17435,17526
IB9CA8898,17635,17705
IB9CA8898,17842,17907
IB9CA8898,18261,18490
IB9CA8898,18852,18942
IB9CA8898,19122,19199
IB9CA8898,19774,19896
IB9CA8898,19969,20104
IB9CA8898,20191,20321
IB9CA8898,20392,20519
IB9CA8898,20586,20707
IB9CA8898,20768,20892
IB9CA8898,20968,21091
IB9CA8898,21203,21303
IB9CA8898,21364,21459
IB9CA8898,21515,21591
IB9CA8898,21623,21715
IB9CA8898,21767,21857
IB9CA8898,21905,22002
IB9CA8898,22060,22162
IB9CA8898,22224,22312
IB9CA8898,22362,22450
IB9CA8898,22495,22603
IB9CA8898,22651,22748
IB9CA8898,23412,23574
IB9CA8898,23765,23895
IB9CA8898,24001,24113
IB9CA8898,24564,24603
IB9CA8898,24606,24638
IB9CA8898,24758,24788
IB9CA8898,24875,24894
IB9CA8898,24964,24985
IBB199AAB,1321,1387
IBB199AAB,1462,1471
IBB199AAB,3192,3289
IBB199AAB,3928,3971
IBB199AAB,5028,5072
IBB199AAB,5404,5447
IBB199AAB,5678,5785
IBB199AAB,6473,7226
IBB199AAB,15504,15550
IBB199AAB,18601,18641
IBB199AAB,20725,20966
IBB199AAB,23880,23931
IBB199AAB,25314,25372
IBB199AAB,28634,28787
IBB199AAB,31915,32235
IBB199AAB,34183,34276
IBB199AAB,34868,34918
IBB199AAB,36175,36211
IBB199AAB,37024,37138
IBB199AAB,41950,42020
IBB199AAB,44240,44286
IBB199AAB,45801,45829
IBB199AAB,46735,46962
IBB199AAB,47692,47899
IBB199AAB,47995,48023
IBB199AAB,49765,49794
IBB199AAB,50439,50465
IBB199AAB,50956,50983
IBB199AAB,52936,53140
IBB199AAB,53633,53668
IBB199AAB,54964,54996
IBB199AAB,56754,56787
IBB199AAB,57854,57883
IBB199AAB,58578,58702
IBB199AAB,60028,60074
IBB199AAB,62739,62785
IBB199AAB,62877,63027
IBB199AAB,63842,63877
IBB199AAB,65433,65468
IBB199AAB,66363,66397
IBB199AAB,67118,67227
IBB199AAB,69969,69998
IBB199AAB,70552,70644
IBB199AAB,70947,70963
IBB199AAB,71461,71486
IBB199AAB,72339,72414
IBB812389,310,569
IBB812389,8290,8311
IBB812389,34390,34422
IBBB26EA1,212,517
IBBB26EA1,519,546
IBBB26EA1,578,603
IBBB26EA1,680,705
IBBB26EA1,752,1407
IBBB26EA1,5061,5137
IBBB26EA1,5581,5706
IBBB26EA1,12769,12884
IBBB26EA1,15743,15920
IBBB26EA1,16238,16649
IBBB26EA1,17212,17258
IBBB26EA1,17478,17528
IBBB26EA1,17574,17648
IBC775AF6,20451,20498
IBC775AF6,22662,22704
IBC775AF6,22888,22953
IBC775AF6,31720,31772
IBC775AF6,32836,32869
IBC775AF6,42346,42426
IBC775AF6,46570,46612
IBC775AF6,49592,49630
IBC775AF6,50786,50836
IBC775AF6,65451,65478
IBC775AF6,79311,79328
IBC775AF6,81856,81875
IBC775AF6,92528,92541
IBC775AF6,93496,93524
IBC775AF6,98318,98342
IBC775AF6,114036,114108
IBC775AF6,114726,114830
IBC775AF6,117991,118018
IBD1386A4,413,3869
IBD1386A4,5019,5020
IBD1386A4,5447,5842
IBD1386A4,6400,6450
IBD1386A4,7949,8021
IBD1386A4,8593,8718
IBD1386A4,9555,9573
IBD1386A4,14351,14370
IBD1386A4,21534,21962
IBD1386A4,21964,22009
IBD1386A4,26785,26816
IBD1386A4,28759,29127
IBD1386A4,29129,29172
IBD1386A4,63635,63794
IBD1386A4,63796,63833
IBD1386A4,88390,88529
IBD1386A4,88531,88571
IBD1386A4,96426,96583
IBD1386A4,96585,96615
IBD1386A4,98770,98804
IBD1386A4,101591,101773
IBD1386A4,101775,101820
IBD1386A4,106554,106687
IBD1386A4,106689,106712
IBD1386A4,109569,109596
IBD1386A4,160885,160887
IBD1386A4,169850,169852
IBD1386A4,176743,176745
IBD1386A4,184960,184962
IBD1386A4,184966,185001
IBD1386A4,189034,189036
IBD1386A4,189040,189081
IBF8C5BB6,110076,110221
IBF8C5BB6,110223,110231
IBF8C5BB6,110803,110817
IBF8C5BB6,111431,111448
IBF8C5BB6,115149,115168
IBF8C5BB6,115647,115734
IBF8C5BB6,117605,117619
IBF8C5BB6,133336,133350
IBF8C5BB6,148077,148162
IBF8C5BB6,148931,149052
IBF8C5BB6,149283,149309
IBF8C5BB6,152979,153038
IBF8C5BB6,154056,154515
IBF8C5BB6,160044,160086
IBF8C5BB6,160574,160601
IBF8C5BB6,161245,161250
IBF8C5BB6,161548,161564
IBF8C5BB6,161897,161927
IBF8C5BB6,162350,162355
IBF8C5BB6,164017,164226
IBF8C5BB6,165142,165151
IBF8C5BB6,166692,166730
IBF8C5BB6,166913,166930
IBF8C5BB6,167894,167955
IBF8C5BB6,170701,170722
IBF8C5BB6,170969,171005
IBF8C5BB6,171797,171816
IBF8C5BB6,171978,172015
IBF8C5BB6,174415,174509
IBF8C5BB6,174761,174784
IBF8C5BB6,175347,175472
IBF8C5BB6,176988,177069
IBF8C5BB6,180908,180967
IBF8C5BB6,181648,181673
IBF8C5BB6,183259,183283
IBF8C5BB6,184748,184778
IBF8C5BB6,185859,185879
IBF8C5BB6,186844,187047
IBF8C5BB6,187178,187223
IBF8C5BB6,187510,187534
IBF8C5BB6,187630,187647
IBF8C5BB6,187715,187722
IBF8C5BB6,187870,187897
IBFACCCDF,1703,1892
IBFACCCDF,5180,5495
IBFACCCDF,9195,9351
IBFACCCDF,9432,9467
IBFACCCDF,9559,9596
IBFACCCDF,12152,12197
IBFACCCDF,21869,21941
IBFACCCDF,24298,24369
IBFACCCDF,24934,24967
IBFACCCDF,28513,28546
IBFACCCDF,29697,29720
IBFACCCDF,32659,32687
IBFACCCDF,37104,37150
IBFACCCDF,37942,38070
IBFACCCDF,38712,38756
IBFACCCDF,41058,41101
IBFACCCDF,42676,42733
IBFACCCDF,47852,47895
IBFACCCDF,48830,48873
IBFACCCDF,51759,51795
IBFACCCDF,52965,53006
IBFACCCDF,53665,53711
IBFACCCDF,55366,55419
IBFACCCDF,56561,56830
IBFACCCDF,57831,57875
IBFACCCDF,58987,59017
IBFACCCDF,59613,59758
IBFACCCDF,59881,59906
IBFACCCDF,60022,60047
IBFACCCDF,61324,61352
IBFACCCDF,62612,62669
IBFACCCDF,64204,64230
IBFACCCDF,67376,67414
IBFACCCDF,67887,67959
IBFACCCDF,69157,69219
IBFACCCDF,69919,69968
IBFACCCDF,74854,74894
IBFACCCDF,75841,75883
IBFACCCDF,78077,78126
IBFACCCDF,78977,79089
IBFACCCDF,82148,82204
IBFACCCDF,83922,83987
IBFACCCDF,87100,87169
IBFACCCDF,87820,87954
IBFACCCDF,88392,88423
IBFACCCDF,88930,88970
IBFACCCDF,89251,89296
IBFACCCDF,89979,90019
IBFACCCDF,94001,94030
IBFACCCDF,94928,95021
IBFACCCDF,107199,107229
IBFACCCDF,108425,108456
IBFACCCDF,112216,112239
IBFACCCDF,114392,114422
IBFACCCDF,115149,115170
IBFACCCDF,115623,115782
IBFACCCDF,117230,117312
IBFACCCDF,121944,122007
IBFACCCDF,129981,130017
IBFACCCDF,132293,132343
IBFACCCDF,133672,133739
IBFACCCDF,134796,134826
IBFACCCDF,136286,136372
IBFACCCDF,137814,137844
IBFACCCDF,138409,138426
IC05A6BE0,910,1067
IC05A6BE0,1451,1477
IC05A6BE0,1528,1537
IC05A6BE0,2379,2388
IC05A6BE0,3164,3476
IC05A6BE0,118400,118552
IC05A6BE0,121789,121798
IC05A6BE0,123660,123669
IC555D0EB,234,251
IC555D0EB,253,311
IC555D0EB,313,328
IC555D0EB,330,354
IC555D0EB,356,386
IC555D0EB,388,429
IC555D0EB,431,475
IC555D0EB,477,509
IC555D0EB,511,538
IC555D0EB,540,583
IC555D0EB,585,616
IC555D0EB,618,638
IC555D0EB,640,660
IC555D0EB,661,676
IC555D0EB,678,717
IC555D0EB,719,750
IC555D0EB,752,805
IC555D0EB,807,869
IC555D0EB,871,939
IC555D0EB,941,1006
IC555D0EB,1008,1050
IC555D0EB,1052,1067
IC555D0EB,1069,1084
IC555D0EB,1086,1103
IC555D0EB,1105,1131
IC555D0EB,1133,1148
IC555D0EB,1150,1229
IC555D0EB,1230,1267
IC555D0EB,1269,1314
IC555D0EB,1316,1387
IC555D0EB,1388,1472
IC555D0EB,1473,1558
IC555D0EB,1559,1660
IC555D0EB,1661,1736
IC555D0EB,1737,1748
IC555D0EB,1750,1768
IC555D0EB,29749,30216
IC555D0EB,59636,59686
IC555D0EB,66376,66524
IC555D0EB,67767,67816
IC555D0EB,77041,77078
IC555D0EB,97191,97216
IC555D0EB,101019,101112
IC555D0EB,114050,114076
IC555D0EB,119916,119959
IC555D0EB,134096,134408
IC555D0EB,147510,147973
IC555D0EB,150218,150291
IC555D0EB,154292,154412
IC555D0EB,155140,155161
IC555D0EB,160070,160093
IC555D0EB,167544,167575
IC555D0EB,169531,170372
IC555D0EB,181357,181449
IC555D0EB,181807,181834
IC555D0EB,182564,182582
IC555D0EB,192108,192185
IC555D0EB,208443,208522
IC555D0EB,226473,226491
IC555D0EB,227153,227169
IC555D0EB,227626,227641
IC555D0EB,229555,229570
IC555D0EB,230880,230972
IC555D0EB,231408,231449
IC555D0EB,231808,231832
IC555D0EB,232298,232321
IC555D0EB,232574,232597
IC555D0EB,233771,234069
IC555D0EB,234931,234972
IC555D0EB,236217,236307
IC555D0EB,236854,236968
IC555D0EB,237477,237503
IC555D0EB,238087,238112
IC555D0EB,238647,238675
IC555D0EB,239124,239146
IC555D0EB,240600,240626
IC555D0EB,241940,241974
IC555D0EB,242638,242662
IC555D0EB,242766,242793
IC555D0EB,242978,243007
IC555D0EB,247510,247614
IC555D0EB,258225,258243
IC555D0EB,258688,258707
IC555D0EB,259452,259470
IC555D0EB,260488,260516
IC555D0EB,273474,273555
IC555D0EB,280505,280519
IC555D0EB,285063,285251
IC555D0EB,292156,292201
IC555D0EB,294508,294587
IC555D0EB,297535,297556
IC5CE7FE9,312,352
IC5CE7FE9,354,366
IC5CE7FE9,368,385
IC5CE7FE9,386,404
IC5CE7FE9,406,460
IC5CE7FE9,462,477
IC5CE7FE9,479,492
IC5CE7FE9,494,540
IC5CE7FE9,542,588
IC5CE7FE9,590,632
IC5CE7FE9,634,699
IC5CE7FE9,701,746
IC5CE7FE9,748,776
IC5CE7FE9,778,810
IC5CE7FE9,812,854
IC5CE7FE9,856,882
IC5CE7FE9,884,918
IC5CE7FE9,920,934
IC5CE7FE9,936,973
IC5CE7FE9,975,992
IC5CE7FE9,994,1007
IC5CE7FE9,1009,1036
IC5CE7FE9,1038,1058
IC5CE7FE9,1060,1072
IC5CE7FE9,1074,1087
IC5CE7FE9,1089,1101
IC5CE7FE9,1103,1132
IC5CE7FE9,1134,1145
IC5CE7FE9,1147,1158
IC5CE7FE9,1160,1198
IC5CE7FE9,1200,1215
IC5CE7FE9,1216,1234
IC5CE7FE9,1236,1249
IC5CE7FE9,1251,1263
IC5CE7FE9,1265,1290
IC5CE7FE9,1292,1313
IC5CE7FE9,1315,1335
IC5CE7FE9,1337,1364
IC5CE7FE9,1366,1385
IC5CE7FE9,1387,1404
IC5CE7FE9,1406,1420
IC5CE7FE9,1422,1437
IC5CE7FE9,1439,1452
IC5CE7FE9,1454,1473
IC5CE7FE9,1475,1491
IC5CE7FE9,1493,1502
IC5CE7FE9,1504,1517
IC5CE7FE9,1519,1552
IC5CE7FE9,1554,1568
IC5CE7FE9,1570,1621
IC5CE7FE9,1623,1646
IC5CE7FE9,1648,1663
IC5CE7FE9,1665,1678
IC5CE7FE9,1680,1697
IC5CE7FE9,1699,1716
IC5CE7FE9,1718,1737
IC5CE7FE9,1739,1764
IC5CE7FE9,1766,1799
IC5CE7FE9,1801,1829
IC5CE7FE9,1831,1855
IC5CE7FE9,1857,1882
IC5CE7FE9,1884,1911
IC5CE7FE9,1913,1933
IC5CE7FE9,1935,1960
IC5CE7FE9,1962,1988
IC5CE7FE9,1990,2012
IC5CE7FE9,2014,2032
IC5CE7FE9,2034,2055
IC5CE7FE9,2057,2085
IC5CE7FE9,2087,2123
IC5CE7FE9,2125,2139
IC5CE7FE9,2141,2154
IC5CE7FE9,2156,2171
IC5CE7FE9,2173,2192
IC5CE7FE9,2194,2230
IC5CE7FE9,2232,2247
IC5CE7FE9,2249,2264
IC5CE7FE9,2266,2279
IC5CE7FE9,2281,2294
IC5CE7FE9,2296,2333
IC5CE7FE9,2335,2367
IC5CE7FE9,2369,2391
IC5CE7FE9,2392,2425
IC5CE7FE9,2427,2465
IC5CE7FE9,2467,2487
IC5CE7FE9,2489,2519
IC5CE7FE9,2521,2542
IC5CE7FE9,2544,2569
IC5CE7FE9,2571,2586
IC5CE7FE9,2588,2609
IC5CE7FE9,2611,2641
IC5CE7FE9,2643,2672
IC5CE7FE9,2674,2695
IC5CE7FE9,2697,2728
IC5CE7FE9,2730,2751
IC5CE7FE9,2753,2777
IC5CE7FE9,2779,2794
IC5CE7FE9,2796,2828
IC5CE7FE9,2830,2864
IC5CE7FE9,2866,2894
IC5CE7FE9,2896,2923
IC5CE7FE9,2925,2947
IC5CE7FE9,2949,2976
IC5CE7FE9,2978,2999
IC5CE7FE9,3000,3030
IC5CE7FE9,3031,3056
IC5CE7FE9,3058,3087
IC5CE7FE9,3089,3120
IC5CE7FE9,3122,3141
IC5CE7FE9,3143,3159
IC5CE7FE9,3160,3194
IC5CE7FE9,3196,3229
IC5CE7FE9,3231,3265
IC5CE7FE9,3267,3296
IC5CE7FE9,3298,3319
IC5CE7FE9,3321,3349
IC5CE7FE9,3351,3387
IC5CE7FE9,3389,3431
IC5CE7FE9,3433,3458
IC5CE7FE9,3460,3484
IC5CE7FE9,3486,3522
IC5CE7FE9,3524,3553
IC5CE7FE9,3555,3583
IC5CE7FE9,3585,3619
IC5CE7FE9,3621,3642
IC5CE7FE9,3644,3662
IC5CE7FE9,3664,3679
IC5CE7FE9,3681,3697
IC5CE7FE9,3699,3707
IC5CE7FE9,3709,3729
IC5CE7FE9,3731,3756
IC5CE7FE9,3758,3767
IC5CE7FE9,3769,3787
IC5CE7FE9,3789,3798
IC5CE7FE9,3800,3812
IC5CE7FE9,3814,3837
IC5CE7FE9,3839,3864
IC5CE7FE9,3866,3891
IC5CE7FE9,3892,3911
IC5CE7FE9,3913,3933
IC5CE7FE9,3935,3957
IC5CE7FE9,3959,3978
IC5CE7FE9,3979,3997
IC5CE7FE9,3999,4024
IC5CE7FE9,4026,4052
IC5CE7FE9,4054,4067
IC5CE7FE9,4069,4087
IC5CE7FE9,4089,4113
IC5CE7FE9,4115,4157
IC5CE7FE9,4159,4180
IC5CE7FE9,4182,4205
IC5CE7FE9,4207,4231
IC5CE7FE9,4233,4272
IC5CE7FE9,4274,4309
IC5CE7FE9,4311,4336
IC5CE7FE9,4338,4367
IC5CE7FE9,4369,4383
IC5CE7FE9,4385,4399
IC5CE7FE9,4401,4416
IC5CE7FE9,4418,4438
IC5CE7FE9,4440,4459
IC5CE7FE9,4461,4483
IC5CE7FE9,4485,4506
IC5CE7FE9,4508,4535
IC5CE7FE9,4537,4561
IC5CE7FE9,4563,4597
IC5CE7FE9,4599,4625
IC5CE7FE9,4627,4640
IC5CE7FE9,4642,4654
IC5CE7FE9,4656,4668
IC5CE7FE9,4670,4687
IC5CE7FE9,4689,4713
IC5CE7FE9,4715,4734
IC5CE7FE9,4736,4757
IC5CE7FE9,4759,4773
IC5CE7FE9,4775,4807
IC5CE7FE9,4809,4825
IC5CE7FE9,4827,4860
IC5CE7FE9,4862,4897
IC5CE7FE9,4899,4926
IC5CE7FE9,4928,4975
IC5CE7FE9,4977,4997
IC5CE7FE9,4999,5026
IC5CE7FE9,5028,5051
IC5CE7FE9,5053,5074
IC5CE7FE9,5076,5110
IC5CE7FE9,5111,5138
IC5CE7FE9,5139,5168
IC5CE7FE9,5170,5196
IC5CE7FE9,5198,5230
IC5CE7FE9,5232,5264
IC5CE7FE9,5266,5289
IC5CE7FE9,5291,5317
IC5CE7FE9,5319,5346
IC5CE7FE9,5348,5374
IC5CE7FE9,5376,5395
IC5CE7FE9,5397,5429
IC5CE7FE9,5431,5454
IC5CE7FE9,5456,5479
IC5CE7FE9,5481,5511
IC5CE7FE9,5513,5547
IC5CE7FE9,5549,5567
IC5CE7FE9,5569,5596
IC5CE7FE9,5598,5623
IC5CE7FE9,5625,5654
IC5CE7FE9,5656,5684
IC5CE7FE9,5686,5721
IC5CE7FE9,5723,5760
IC5CE7FE9,5762,5781
IC5CE7FE9,5783,5796
IC5CE7FE9,5798,5810
IC5CE7FE9,5812,5841
IC5CE7FE9,5843,5882
IC5CE7FE9,5884,5919
IC5CE7FE9,5921,5939
IC5CE7FE9,5941,5963
IC5CE7FE9,5965,5987
IC5CE7FE9,5989,6007
IC5CE7FE9,6009,6032
IC5CE7FE9,6034,6067
IC5CE7FE9,6069,6087
IC5CE7FE9,6089,6109
IC5CE7FE9,6111,6130
IC5CE7FE9,6132,6152
IC5CE7FE9,6154,6182
IC5CE7FE9,6184,6198
IC5CE7FE9,6200,6222
IC5CE7FE9,6224,6239
IC5CE7FE9,6241,6261
IC5CE7FE9,6263,6290
IC5CE7FE9,6292,6309
IC5CE7FE9,6311,6334
IC5CE7FE9,6336,6370
IC5CE7FE9,6372,6407
IC5CE7FE9,6409,6451
IC5CE7FE9,6453,6472
IC5CE7FE9,6474,6494
IC5CE7FE9,6496,6518
IC5CE7FE9,6520,6573
IC5CE7FE9,6574,6612
IC5CE7FE9,6613,6631
IC5CE7FE9,6633,6647
IC5CE7FE9,6649,6671
IC5CE7FE9,6673,6688
IC5CE7FE9,6690,6710
IC5CE7FE9,6712,6754
IC5CE7FE9,6756,6790
IC5CE7FE9,6792,6844
IC5CE7FE9,6846,6877
IC5CE7FE9,6879,6907
IC5CE7FE9,6909,6928
IC5CE7FE9,6930,6981
IC5CE7FE9,6983,7017
IC5CE7FE9,7019,7045
IC5CE7FE9,7047,7078
IC5CE7FE9,7080,7115
IC5CE7FE9,7117,7142
IC5CE7FE9,7144,7189
IC5CE7FE9,7191,7210
IC5CE7FE9,7212,7242
IC5CE7FE9,7244,7268
IC5CE7FE9,7270,7300
IC5CE7FE9,7302,7315
IC5CE7FE9,7317,7329
IC5CE7FE9,7331,7356
IC5CE7FE9,7358,7391
IC5CE7FE9,7393,7407
IC5CE7FE9,7409,7430
IC5CE7FE9,7432,7458
IC5CE7FE9,7460,7485
IC5CE7FE9,7487,7522
IC5CE7FE9,7524,7550
IC5CE7FE9,7552,7584
IC5CE7FE9,7586,7604
IC5CE7FE9,7606,7618
IC5CE7FE9,7620,7628
IC5CE7FE9,7629,7650
IC5CE7FE9,7652,7671
IC5CE7FE9,7673,7697
IC5CE7FE9,7699,7715
IC5CE7FE9,7717,7738
IC5CE7FE9,16771,17082
IC5CE7FE9,17734,17757
IC5CE7FE9,18249,18266
IC5CE7FE9,20572,20684
IC5CE7FE9,20981,21002
IC5CE7FE9,23356,23426
IC5CE7FE9,23630,24093
IC5CE7FE9,29533,29677
IC5CE7FE9,33428,33490
IC5CE7FE9,35888,36046
IC5CE7FE9,39673,39864
IC5CE7FE9,40530,40555
IC5CE7FE9,42817,42953
IC5CE7FE9,46643,46809
IC5CE7FE9,47187,47207
IC5CE7FE9,47695,47846
IC5CE7FE9,48284,48303
IC5CE7FE9,49230,49249
IC5CE7FE9,49914,49959
IC5CE7FE9,54473,54512
IC5CE7FE9,56390,56482
IC5CE7FE9,56900,57045
IC5CE7FE9,58399,58428
IC5CE7FE9,60565,60593
IC5CE7FE9,62135,62169
IC5CE7FE9,63501,63600
IC5CE7FE9,63742,63771
IC5CE7FE9,65645,65667
IC5CE7FE9,66762,66785
IC5CE7FE9,67700,67720
IC5CE7FE9,68578,68603
IC5CE7FE9,69521,69607
IC5CE7FE9,70763,70784
IC5CE7FE9,72118,72169
IC5CE7FE9,75588,75608
IC5CE7FE9,76016,76370
IC5CE7FE9,76892,76972
IC5CE7FE9,77178,77312
IC5CE7FE9,78997,79200
IC5CE7FE9,80445,80478
IC5CE7FE9,82218,82259
IC5CE7FE9,83193,83229
IC5CE7FE9,84330,84360
IC5CE7FE9,85301,85334
IC5CE7FE9,87190,87223
IC5CE7FE9,88173,88198
IC5CE7FE9,88601,88791
IC5CE7FE9,90588,90618
IC5CE7FE9,91262,91290
IC5CE7FE9,98701,98730
IC5CE7FE9,99597,99659
IC5CE7FE9,114427,114474
IC5CE7FE9,115532,115552
IC5CE7FE9,115703,115731
IC5CE7FE9,116644,116736
IC5CE7FE9,117091,117212
IC5CE7FE9,117504,117531
IC5CE7FE9,119781,119804
IC5CE7FE9,120819,120838
IC5CE7FE9,122051,122186
IC5CE7FE9,124728,124768
IC5CE7FE9,127280,127473
IC5CE7FE9,130121,130167
IC5CE7FE9,132430,132458
IC5CE7FE9,133944,133981
IC5CE7FE9,135874,135894
IC5CE7FE9,136101,136134
IC5CE7FE9,136734,136821
IC5CE7FE9,137008,137040
IC5CE7FE9,137150,137187
IC5CE7FE9,138336,138373
IC5CE7FE9,141344,141373
IC5CE7FE9,141591,141629
IC5CE7FE9,142227,142247
IC5CE7FE9,142372,142403
IC5CE7FE9,143101,143199
IC5CE7FE9,143417,143461
IC5CE7FE9,143557,143598
IC5CE7FE9,147739,147952
IC5CE7FE9,150284,150314
IC5CE7FE9,151080,151115
IC5CE7FE9,151542,151570
IC5CE7FE9,151979,152015
IC5CE7FE9,152523,152687
IC5CE7FE9,154440,154479
IC5CE7FE9,156181,156208
IC5CE7FE9,156945,156968
IC5CE7FE9,158445,158617
IC5CE7FE9,159617,159850
IC5CE7FE9,161026,161055
IC5CE7FE9,162190,162226
IC5CE7FE9,163709,163752
IC5CE7FE9,165216,165264
IC5CE7FE9,167571,167789
IC5CE7FE9,168515,168559
IC5CE7FE9,169087,169124
IC5CE7FE9,169404,169439
IC5CE7FE9,169812,169852
IC5CE7FE9,171359,171379
IC5CE7FE9,171537,171570
IC5CE7FE9,172658,172735
IC5CE7FE9,172985,173142
IC5CE7FE9,173474,173507
IC5CE7FE9,174982,174999
IC5CE7FE9,175342,175367
IC5CE7FE9,175828,175843
IC5CE7FE9,176768,176931
IC5CE7FE9,178255,178432
IC5CE7FE9,179444,179471
IC5CE7FE9,180968,180991
IC5CE7FE9,181668,181697
IC5CE7FE9,183207,183260
IC5CE7FE9,184939,184965
IC5CE7FE9,185292,185437
IC5CE7FE9,186275,186295
IC5CE7FE9,186962,186988
IC5CE7FE9,188448,188479
IC5CE7FE9,189262,189528
IC5CE7FE9,190705,190736
IC5CE7FE9,192139,192171
IC5CE7FE9,193204,193250
IC5CE7FE9,194129,194170
IC5CE7FE9,196293,196326
IC5CE7FE9,196981,197018
IC5CE7FE9,198117,198137
IC5CE7FE9,198296,198325
IC5CE7FE9,199468,199545
IC5CE7FE9,199811,200033
IC5CE7FE9,206276,206306
IC5CE7FE9,207988,208147
IC5CE7FE9,210327,210359
IC5CE7FE9,211396,211464
IC5CE7FE9,218260,218347
IC5CE7FE9,219079,219157
IC5CE7FE9,220182,220207
IC5CE7FE9,222463,222491
IC5CE7FE9,224537,224558
IC5CE7FE9,226868,226895
IC5CE7FE9,228601,228621
IC5CE7FE9,228826,228883
IC5CE7FE9,229895,229997
IC5CE7FE9,230315,230685
IC5CE7FE9,231943,231971
IC5CE7FE9,234522,234557
IC5CE7FE9,235838,236176
IC5CE7FE9,238056,238094
IC5CE7FE9,239114,239271
IC5CE7FE9,242512,242553
IC5CE7FE9,243357,243482
IC5CE7FE9,244239,244268
IC5CE7FE9,245379,245497
IC5CE7FE9,246961,247001
IC5CE7FE9,247829,247844
IC5CE7FE9,248569,248596
IC5CE7FE9,250625,250669
IC5CE7FE9,252909,253131
IC5CE7FE9,254727,254925
IC5CE7FE9,257161,257197
IC5CE7FE9,259391,259434
IC5CE7FE9,261199,261243
IC5CE7FE9,262359,262439
IC5CE7FE9,263275,263437
IC5CE7FE9,265084,265131
IC5CE7FE9,266023,266066
IC5CE7FE9,267558,267709
IC5CE7FE9,268548,268578
IC5CE7FE9,269223,269249
IC5CE7FE9,271083,271113
IC5CE7FE9,271805,271967
IC5CE7FE9,274164,274192
IC5CE7FE9,274985,275012
IC5CE7FE9,276893,276919
IC5CE7FE9,278345,278379
IC5CE7FE9,279381,279401
IC5CE7FE9,279692,279728
IC5CE7FE9,280288,280369
IC5CE7FE9,280593,280708
IC5CE7FE9,281113,281356
IC5CE7FE9,282091,282134
IC5CE7FE9,283441,283560
IC5CE7FE9,284080,284108
IC5CE7FE9,285496,285685
IC5CE7FE9,288704,288750
IC5CE7FE9,291474,291500
IC5CE7FE9,292970,292990
IC5CE7FE9,293218,293254
IC5CE7FE9,294011,294092
IC5CE7FE9,294614,294642
IC5CE7FE9,295169,295218
IC5CE7FE9,298273,298508
IC5CE7FE9,300528,300567
IC5CE7FE9,302841,302877
IC5CE7FE9,304763,304969
IC5CE7FE9,307446,307488
IC5CE7FE9,309571,309604
IC5CE7FE9,310965,311195
IC5CE7FE9,313423,313456
IC5CE7FE9,314041,314094
IC5CE7FE9,315491,315517
IC5CE7FE9,316362,316398
IC5CE7FE9,317515,317544
IC5CE7FE9,319756,319848
IC5CE7FE9,320968,320988
IC5CE7FE9,322481,322512
IC5CE7FE9,323424,323463
IC5CE7FE9,325573,325593
IC5CE7FE9,325818,325858
IC5CE7FE9,326701,326994
IC5CE7FE9,328850,328884
IC5CE7FE9,330302,330342
IC5CE7FE9,331660,331736
IC5CE7FE9,332817,332833
IC5CE7FE9,334595,334717
IC5CE7FE9,335171,335203
IC5CE7FE9,336007,336031
IC5CE7FE9,337561,337590
IC6F06BCD,613,630
IC6F06BCD,632,692
IC6F06BCD,694,717
IC6F06BCD,719,757
IC6F06BCD,759,775
IC6F06BCD,777,790
IC6F06BCD,792,804
IC6F06BCD,806,830
IC6F06BCD,832,858
IC6F06BCD,860,883
IC6F06BCD,885,905
IC6F06BCD,907,934
IC6F06BCD,936,952
IC6F06BCD,954,968
IC6F06BCD,970,989
IC6F06BCD,991,1016
IC6F06BCD,1018,1041
IC6F06BCD,1043,1067
IC6F06BCD,1069,1079
IC6F06BCD,1081,1099
IC6F06BCD,1101,1117
IC6F06BCD,1119,1138
IC6F06BCD,1140,1152
IC6F06BCD,1154,1173
IC6F06BCD,1175,1201
IC6F06BCD,1203,1224
IC6F06BCD,1226,1248
IC6F06BCD,1250,1270
IC6F06BCD,1272,1292
IC6F06BCD,1294,1315
IC6F06BCD,1317,1332
IC6F06BCD,1334,1355
IC6F06BCD,1357,1384
IC6F06BCD,1386,1411
IC6F06BCD,1413,1429
IC6F06BCD,1431,1457
IC6F06BCD,1459,1480
IC6F06BCD,1481,1502
IC6F06BCD,1504,1520
IC6F06BCD,1522,1543
IC6F06BCD,1545,1558
IC6F06BCD,1560,1613
IC6F06BCD,1615,1649
IC6F06BCD,1651,1663
IC6F06BCD,1665,1678
IC6F06BCD,1680,1735
IC6F06BCD,1737,1765
IC6F06BCD,1767,1796
IC6F06BCD,1798,1846
IC6F06BCD,1848,1900
IC6F06BCD,1902,1949
IC6F06BCD,1951,1999
IC6F06BCD,2001,2052
IC6F06BCD,2054,2117
IC6F06BCD,2119,2178
IC6F06BCD,2180,2229
IC6F06BCD,2231,2253
IC6F06BCD,2255,2311
IC6F06BCD,2313,2370
IC6F06BCD,2372,2433
IC6F06BCD,2435,2490
IC6F06BCD,2492,2511
IC6F06BCD,2513,2531
IC6F06BCD,2533,2552
IC6F06BCD,2554,2576
IC6F06BCD,2578,2614
IC6F06BCD,2616,2648
IC6F06BCD,2650,2675
IC6F06BCD,2677,2696
IC6F06BCD,2698,2731
IC6F06BCD,2733,2751
IC6F06BCD,15287,15314
IC6F06BCD,17827,17939
IC6F06BCD,18036,18064
IC6F06BCD,18250,18281
IC6F06BCD,18786,18879
IC6F06BCD,18881,18901
IC6F06BCD,20661,20685
IC6F06BCD,20927,21242
IC6F06BCD,21244,21274
IC6F06BCD,21583,21611
IC6F06BCD,21694,21729
IC6F06BCD,33400,33647
IC6F06BCD,33649,33681
IC6F06BCD,36114,36176
IC6F06BCD,40395,40411
IC6F06BCD,40511,40534
IC6F06BCD,41375,41390
IC6F06BCD,42034,42110
IC6F06BCD,42317,42456
IC6F06BCD,42458,42491
IC6F06BCD,47835,47861
IC6F06BCD,48463,48494
IC6F06BCD,53018,53043
IC6F06BCD,53990,54014
IC6F06BCD,55741,55768
IC6F06BCD,58860,58912
IC6F06BCD,61432,61459
IC6F06BCD,62755,62781
IC6F06BCD,64709,64740
IC6F06BCD,64939,64961
IC6F06BCD,65286,65318
IC6F06BCD,65934,66038
IC6F06BCD,66703,66724
IC6F06BCD,66982,67030
IC6F06BCD,70102,70215
IC6F06BCD,101939,102045
IC6F06BCD,102147,102165
IC6F06BCD,102280,102309
IC6F06BCD,104855,104883
IC6F06BCD,115333,115387
IC6F06BCD,227694,227718
IC6F06BCD,229579,229603
IC6F06BCD,230734,230804
IC6F06BCD,231085,231209
IC6F06BCD,231211,231245
IC6F06BCD,237490,237595
IC6F06BCD,238755,238773
IC6F06BCD,239803,239834
IC6F06BCD,240973,240998
IC6F06BCD,241561,241671
IC6F06BCD,243070,243172
IC7A5FC73,2657,2849
IC7A5FC73,3775,3814
IC7A5FC73,4822,5232
IC7A5FC73,5783,5804
IC7A5FC73,5864,5894
IC7A5FC73,6379,6409
IC7A5FC73,6480,6632
IC7A5FC73,6820,6841
IC7A5FC73,7032,7257
IC7A5FC73,7340,7375
IC7A5FC73,7668,7894
IC7A5FC73,10952,10988
IC7A5FC73,13545,13581
IC7A5FC73,13830,13862
IC7A5FC73,16748,16833
IC7A5FC73,17039,17203
IC7A5FC73,17580,17864
IC7A5FC73,17951,17990
IC7A5FC73,18081,18232
IC7A5FC73,18319,18347
IC7A5FC73,18561,18587
IC7A5FC73,18899,18941
IC7A5FC73,19435,19487
IC7A5FC73,19542,19583
IC7A5FC73,20240,20430
IC7A5FC73,20623,20728
IC7A5FC73,20782,20917
IC7A5FC73,22920,23084
IC7A5FC73,23306,23329
IC7A5FC73,23405,23569
IC7A5FC73,29761,29784
IC7A5FC73,30508,30626
IC7A5FC73,30906,30941
IC7A5FC73,31047,31083
IC7A5FC73,31444,31464
IC7A5FC73,32950,32985
IC7A5FC73,42995,43100
IC7A5FC73,47566,47787
IC7A5FC73,50781,50846
IC7A5FC73,51838,51877
IC7A5FC73,52265,52304
IC7A5FC73,55535,55570
IC7A5FC73,59243,59366
IC7A5FC73,59451,59474
IC7A5FC73,59539,59591
IC7A5FC73,60208,60346
IC7A5FC73,60503,60745
IC7A5FC73,63412,63447
IC7A5FC73,66693,66718
IC7A5FC73,72902,73034
IC7A5FC73,73167,73199
IC7A5FC73,73310,73327
IC7A5FC73,73811,73893
IC7A5FC73,74380,74389
IC7A5FC73,74909,74946
IC7A5FC73,75088,75097
IC7A5FC73,75193,75327
IC7A5FC73,75613,75732
IC7A5FC73,81089,81124
IC7A5FC73,83247,83294
IC7A5FC73,83353,83376
IC7A5FC73,83428,83579
IC7A5FC73,83748,83780
IC7A5FC73,84331,84355
IC7A5FC73,86910,86939
IC7A5FC73,87126,87160
IC7A5FC73,88415,88449
IC7A5FC73,88536,88581
IC7A5FC73,88638,88661
IC7A5FC73,88896,89003
IC7A5FC73,90265,90299
IC7A5FC73,91044,91057
IC7A5FC73,91127,91186
IC7A5FC73,91608,91636
IC7A5FC73,91944,91979
IC7A5FC73,92112,92121
IC7A5FC73,92301,92310
IC7A5FC73,92955,92982
IC7A5FC73,93057,93116
IC7A5FC73,93184,93207
IC7A5FC73,93620,93792
IC7A5FC73,96282,96375
IC7A5FC73,96753,96856
IC7A5FC73,97296,97406
IC7A5FC73,98374,98416
IC7A5FC73,99386,99406
IC7A5FC73,99476,99505
IC7A5FC73,99738,99765
IC7A5FC73,99869,99919
IC7A5FC73,100130,100172
IC7A5FC73,100357,100668
IC7A5FC73,102008,102017
IC7A5FC73,103076,103134
IC7A5FC73,103341,103378
IC7A5FC73,106875,106894
IC7A5FC73,107607,107616
IC7A5FC73,107779,107919
IC7A5FC73,108242,108411
IC7A5FC73,109397,109444
IC7A5FC73,112286,112321
IC7A5FC73,112842,112871
IC7A5FC73,113139,113208
IC7A5FC73,113670,113790
IC7A5FC73,114513,114551
IC7A5FC73,114747,114941
IC7A5FC73,115394,115419
IC7A5FC73,116575,116600
IC7A5FC73,116720,116753
IC7A5FC73,117751,117786
IC7A5FC73,118107,118134
IC7A5FC73,120330,120350
IC7A5FC73,120432,120458
IC7A5FC73,120835,120863
IC7A5FC73,122584,122641
IC7A5FC73,122714,122737
IC7A5FC73,123048,123239
IC7A5FC73,126724,126879
IC7A5FC73,127346,127396
IC7A5FC73,128186,128229
IC7A5FC73,128704,128738
IC7A5FC73,129104,129133
IC7A5FC73,129646,129702
IC7A5FC73,129965,129988
IC7A5FC73,130824,130840
IC7A5FC73,131027,131249
IC7A5FC73,132471,132511
IC7A5FC73,134957,134993
IC7A5FC73,136459,136496
IC7A5FC73,136809,136864
IC7A5FC73,137050,137073
IC7A5FC73,137201,137396
IC7A5FC73,137839,137955
IC7A5FC73,139093,139123
IC7A5FC73,139393,139484
IC7A5FC73,140194,140226
IC7A5FC73,141241,141419
IC7A5FC73,142188,142222
IC7A5FC73,143186,143222
IC7A5FC73,143745,143839
IC7A5FC73,144790,144823
IC7A5FC73,145114,145150
IC7A5FC73,145539,145548
IC7A5FC73,145940,145976
IC7A5FC73,146366,146497
IC7A5FC73,146582,146605
IC7A5FC73,146989,147101
IC7A5FC73,149047,149147
IC7A5FC73,149511,149534
IC7A5FC73,150567,150587
IC7A5FC73,150774,150803
IC7A5FC73,151119,151151
IC7A5FC73,153138,153147
IC7A5FC73,153269,153402
IC7A5FC73,153469,153491
IC7A5FC73,153855,153969
IC7A5FC73,154144,154196
IC7A5FC73,154286,154396
IC7A5FC73,154923,155070
IC7A5FC73,155649,155694
IC7A5FC73,156343,156393
IC7A5FC73,156995,157026
IC7A5FC73,160427,160450
IC7A5FC73,160591,160626
IC7A5FC73,160781,160810
IC7A5FC73,161461,161470
IC7A5FC73,161607,161724
IC7A5FC73,161867,161889
IC7A5FC73,162168,162331
IC7A5FC73,164214,164249
IC7A5FC73,165390,165410
IC7A5FC73,165754,165771
IC7A5FC73,166727,166757
IC7A5FC73,169487,169521
IC7A5FC73,170664,170691
IC7A5FC73,170787,170834
IC7A5FC73,171034,171057
IC7A5FC73,171151,171268
IC7A5FC73,171958,172128
IC7A5FC73,172513,172681
IC7A5FC73,172903,172935
IC7A5FC73,173887,173922
IC7A5FC73,174857,174906
IC7A5FC73,175149,175195
IC7A5FC73,175563,175599
IC7A5FC73,175724,175758
IC7A5FC73,175847,175952
IC7A5FC73,176153,176176
IC7A5FC73,176797,176986
IC7A5FC73,182846,182855
IC7A5FC73,184830,184866
IC7A5FC73,189493,189528
IC7A5FC73,191002,191011
IC7A5FC73,191119,191169
IC7A5FC73,191329,191351
IC7A5FC73,192030,192123
IC7A5FC73,198144,198170
IC7A5FC73,201526,201554
IC7A5FC73,202554,202609
IC7A5FC73,202705,202728
IC7A5FC73,203004,203165
IC7A5FC73,203375,203449
IC7A5FC73,203598,203624
IC7A5FC73,204672,204707
IC7A5FC73,205058,205192
IC7A5FC73,206287,206317
IC7A5FC73,207407,207463
IC7A5FC73,207610,207769
IC7A5FC73,208248,208284
IC7A5FC73,208580,208613
IC7A5FC73,210040,210070
IC7A5FC73,211090,211110
IC7A5FC73,214102,214220
IC7A5FC73,214902,214936
IC7A5FC73,215612,215644
IC7A5FC73,217352,217388
IC7A5FC73,218939,218973
IC7A5FC73,219072,219230
IC7A5FC73,219318,219348
IC7A5FC73,219809,220044
IC7A5FC73,224700,224736
IC7A5FC73,227264,227292
IC7A5FC73,239239,239279
IC7A5FC73,244423,244432
IC7A5FC73,244527,244678
IC7A5FC73,244800,244830
IC7A5FC73,245269,245346
IC7A5FC73,246445,246621
IC7A5FC73,249311,249345
IC7A5FC73,251609,251618
IC7A5FC73,251706,251860
IC7A5FC73,251995,252025
IC7A5FC73,252112,252389
IC7A5FC73,255185,255220
IC7A5FC73,255391,255429
IC7A5FC73,255702,255940
IC7A5FC73,256467,256475
IC7A5FC73,256611,256653
IC7A5FC73,257106,257143
IC7A5FC73,258086,258120
IC7A5FC73,259331,259369
IC7A5FC73,259832,259985
IC7A5FC73,261392,261432
IC7A5FC73,262337,262381
IC7A5FC73,263406,263441
IC7A5FC73,264517,264551
IC7A5FC73,264659,264711
IC7A5FC73,264881,264904
IC7A5FC73,264975,265269
IC7A5FC73,265496,265529
IC7A5FC73,266011,266041
IC7A5FC73,267220,267240
IC7A5FC73,267418,267451
IC7A5FC73,267912,267943
IC7A5FC73,268500,268539
IC7A5FC73,268880,268918
IC7A5FC73,269342,269446
IC7A5FC73,269962,270050
IC7A5FC73,272437,272514
IC7A5FC73,272698,272721
IC7A5FC73,276269,276282
IC7A5FC73,276681,276738
IC7A5FC73,277058,277081
IC7A5FC73,277368,277672
IC7A5FC73,279070,279176
IC7A5FC73,280288,280331
IC7A5FC73,282584,282613
IC7A5FC73,282995,283031
IC7A5FC73,284346,284382
IC7A5FC73,284726,284767
IC7A5FC73,287451,287493
IC7A5FC73,288741,288750
IC7A5FC73,288855,288908
IC7A5FC73,288980,289003
IC7A5FC73,289634,289908
IC7A5FC73,290172,290213
IC7A5FC73,291880,291919
IC7A5FC73,292108,292150
IC7A5FC73,293529,293739
IC7A5FC73,293806,293838
IC7A5FC73,294776,294803
IC7A5FC73,295019,295272
IC7A5FC73,296389,296426
IC7A5FC73,296814,296845
IC7A5FC73,297281,297351
IC7A5FC73,297565,297590
IC7A5FC73,300181,300214
IC7A5FC73,300661,300694
IC7A5FC73,301341,301350
IC7A5FC73,301451,301501
IC7A5FC73,301846,301869
IC7A5FC73,301998,302200
IC7A5FC73,302486,302556
IC7A5FC73,302738,302756
IC7A5FC73,302832,302855
IC7A5FC73,303018,303049
IC7A5FC73,303191,303233
IC7A5FC73,303331,303453
IC7A5FC73,304604,304685
IC7A5FC73,304894,304903
IC7A5FC73,305090,305201
IC7A5FC73,307041,307057
IC7A5FC73,308604,308767
IC7A5FC73,309570,309604
IC7A5FC73,310017,310150
IC7A5FC73,310283,310348
IC7A5FC73,310732,310764
IC7A5FC73,313104,313226
IC7A5FC73,313352,313361
IC7A5FC73,314841,314861
IC7A5FC73,318120,318154
IC7A5FC73,318712,318750
IC7A5FC73,319365,319421
IC7A5FC73,319505,319535
IC7A5FC73,319634,319727
IC7A5FC73,319991,320060
IC7A5FC73,320246,320403
IC7A5FC73,320700,320916
IC7A5FC73,321840,321903
IC7A5FC73,322796,322874
IC7A5FC73,323621,323649
IC7A5FC73,323959,323982
IC7A5FC73,326186,326277
IC7A5FC73,326792,326818
IC7A5FC73,327173,327209
IC7A5FC73,329134,329162
IC7A5FC73,329882,329911
IC7A5FC73,331643,331708
IC7A5FC73,331835,331864
IC7A5FC73,332468,332606
IC7A5FC73,335136,335145
IC7A5FC73,335439,335468
IC7A5FC73,336233,336279
IC7A5FC73,336412,336434
IC7A5FC73,336956,337058
IC7A5FC73,338286,338574
IC7A5FC73,343429,343483
IC7A5FC73,344007,344060
IC7A5FC73,345888,345939
IC7A5FC73,349491,349517
IC7A5FC73,350020,350065
IC7A5FC73,350891,350938
IC7A5FC73,351432,351466
IC87920B7,471,488
IC87920B7,490,507
IC87920B7,509,560
IC87920B7,562,588
IC87920B7,590,613
IC87920B7,615,635
IC87920B7,637,645
IC87920B7,647,699
IC87920B7,701,716
IC87920B7,718,737
IC87920B7,739,754
IC87920B7,756,776
IC87920B7,778,848
IC87920B7,849,877
IC87920B7,879,918
IC87920B7,920,946
IC87920B7,948,1007
IC87920B7,1009,1036
IC87920B7,1038,1054
IC87920B7,1056,1091
IC87920B7,1093,1126
IC87920B7,1128,1167
IC87920B7,1169,1212
IC87920B7,1214,1262
IC87920B7,1264,1301
IC87920B7,1303,1336
IC87920B7,1338,1381
IC87920B7,1383,1404
IC87920B7,1406,1441
IC87920B7,1443,1456
IC87920B7,1458,1490
IC87920B7,1492,1536
IC87920B7,1538,1551
IC87920B7,1553,1565
IC87920B7,1567,1593
IC87920B7,1595,1611
IC87920B7,1613,1644
IC87920B7,1646,1669
IC87920B7,1671,1727
IC87920B7,1729,1745
IC87920B7,1747,1781
IC87920B7,1783,1808
IC87920B7,1810,1835
IC87920B7,1837,1890
IC87920B7,1892,1950
IC87920B7,1952,1992
IC87920B7,1994,2009
IC87920B7,2011,2030
IC87920B7,2032,2057
IC87920B7,2059,2069
IC87920B7,2071,2082
IC87920B7,2084,2104
IC87920B7,2106,2123
IC87920B7,2125,2148
IC87920B7,2150,2159
IC87920B7,2161,2172
IC87920B7,2174,2197
IC87920B7,2199,2216
IC87920B7,2218,2277
IC87920B7,2279,2286
IC87920B7,2288,2327
IC87920B7,2329,2357
IC87920B7,2359,2375
IC87920B7,2377,2397
IC87920B7,2399,2440
IC87920B7,2442,2465
IC87920B7,2467,2503
IC87920B7,2505,2543
IC87920B7,2545,2581
IC87920B7,2583,2591
IC87920B7,2593,2619
IC87920B7,2621,2652
IC87920B7,2654,2691
IC87920B7,2693,2720
IC87920B7,2722,2788
IC87920B7,2790,2827
IC87920B7,2829,2845
IC87920B7,2847,2855
IC87920B7,2857,2890
IC87920B7,2892,2931
IC87920B7,2933,2970
IC87920B7,2972,3005
IC87920B7,3007,3050
IC87920B7,3052,3074
IC87920B7,3076,3101
IC87920B7,3103,3116
IC87920B7,3118,3130
IC87920B7,3132,3176
IC87920B7,3178,3191
IC87920B7,3193,3205
IC87920B7,3207,3254
IC87920B7,3256,3288
IC87920B7,3290,3315
IC87920B7,3317,3342
IC87920B7,3344,3397
IC87920B7,3399,3459
IC87920B7,3461,3501
IC87920B7,3503,3518
IC87920B7,3520,3532
IC87920B7,3534,3557
IC87920B7,3559,3568
IC87920B7,3570,3582
IC87920B7,3584,3592
IC87920B7,3594,3611
IC87920B7,3613,3666
IC87920B7,3668,3690
IC87920B7,3692,3708
IC87920B7,3710,3730
IC87920B7,3732,3773
IC87920B7,3775,3798
IC87920B7,3800,3835
IC87920B7,3837,3872
IC87920B7,3874,3910
IC87920B7,3912,3948
IC87920B7,3950,3958
IC87920B7,3960,3986
IC87920B7,3988,4019
IC87920B7,4021,4058
IC87920B7,4060,4087
IC87920B7,4089,4140
IC87920B7,4142,4160
IC87920B7,26645,26679
IC87920B7,27419,27558
IC87920B7,33402,33711
IC87920B7,33713,33770
IC87920B7,34650,34713
IC87920B7,42463,42506
IC87920B7,47096,47129
IC87920B7,48591,48630
IC87920B7,55967,56085
IC87920B7,56087,56115
IC87920B7,67509,67579
IC87920B7,67581,67603
IC87920B7,68182,68452
IC87920B7,68454,68476
IC87920B7,68914,69040
IC87920B7,69340,69539
IC87920B7,69542,69572
IC87920B7,74074,74104
IC87920B7,75682,75745
IC87920B7,75915,75942
IC87920B7,79048,79114
IC87920B7,80098,80131
IC87920B7,86014,86046
IC87920B7,88387,88446
IC87920B7,90007,90095
IC87920B7,90621,90724
IC87920B7,90726,90748
IC87920B7,91050,91076
IC87920B7,93687,93762
IC87920B7,94449,94467
IC87920B7,101326,101352
IC87920B7,101776,102024
IC87920B7,102026,102043
IC87920B7,107775,107962
IC87920B7,107964,107988
IC87920B7,111330,111353
IC87920B7,114840,114959
IC87920B7,114961,114976
IC87920B7,124183,124231
IC87920B7,130197,130271
IC87920B7,133245,133271
IC87920B7,138161,138282
IC87920B7,138284,138314
IC87920B7,140299,140341
IC87920B7,143326,143372
IC87920B7,145262,145318
IC87920B7,145509,145649
IC87920B7,145651,145684
IC87920B7,148334,148371
IC87920B7,152130,152174
IC87920B7,157051,157095
IC87920B7,162630,162701
IC87920B7,163076,163216
IC87920B7,164968,165084
IC87920B7,165521,165588
IC87920B7,166508,166826
IC87920B7,166828,166882
IC87920B7,167342,167397
IC87920B7,167925,167968
IC87920B7,168253,168292
IC87920B7,168743,168845
IC87920B7,168847,168876
IC87920B7,169489,169574
IC87920B7,169936,170162
IC87920B7,170164,170184
IC87920B7,170628,170731
IC87920B7,170733,170785
IC87920B7,171075,171178
IC87920B7,171180,171213
IC87920B7,171966,172000
IC87920B7,172464,172523
IC87920B7,173549,173635
IC87920B7,174291,174384
IC87920B7,175069,175300
IC87920B7,175302,175319
IC87920B7,176691,176758
IC87920B7,177722,177745
IC87920B7,178622,178648
IC87920B7,179823,179906
IC87920B7,181239,181267
IC87920B7,182305,182419
IC87920B7,182421,182451
IC87920B7,183621,183664
IC87920B7,184198,184233
IC87920B7,184441,184562
IC87920B7,184753,184893
IC87920B7,184895,184928
IC87920B7,186267,186304
IC87920B7,187574,187618
IC87920B7,188880,188926
IC87920B7,190644,190721
IC87920B7,190899,190989
IC87920B7,191356,191417
IC87920B7,191567,191595
IC87920B7,191755,191794
IC87920B7,191952,191991
IC87920B7,192156,192246
IC87920B7,192419,192517
IC87920B7,192675,192865
IC87920B7,193022,193094
IC87920B7,193251,193334
IC87920B7,193484,193516
IC87920B7,193659,193713
IC87920B7,193869,193914
IC87920B7,194071,194155
IC87920B7,194317,194459
IC87920B7,194610,194675
IC87920B7,194825,194848
IC87920B7,195009,195069
IC87920B7,195223,195290
IC87920B7,195454,195480
IC87920B7,195632,195778
IC87920B7,195940,195980
IC87920B7,196138,196168
IC87920B7,196679,196719
IC87920B7,196899,196974
IC87920B7,197133,197150
IC99C24DC,188,468
IC99C24DC,507,527
IC99C24DC,561,667
IC99C24DC,704,869
IC99C24DC,1046,1124
IC99C24DC,1701,1797
IC99C24DC,1961,2073
IC99C24DC,2283,2344
IC99C24DC,2411,2432
ICC9840B6,173,190
ICC9840B6,192,326
ICC9840B6,328,347
ICC9840B6,349,376
ICC9840B6,378,406
ICC9840B6,408,456
ICC9840B6,458,478
ICC9840B6,479,616
ICC9840B6,618,637
ICC9840B6,639,663
ICC9840B6,665,706
ICC9840B6,708,765
ICC9840B6,767,827
ICC9840B6,829,851
ICC9840B6,852,960
ICC9840B6,962,992
ICC9840B6,994,1026
ICC9840B6,1028,1055
ICC9840B6,1057,1115
ICC9840B6,1117,1175
ICC9840B6,1177,1217
ICC9840B6,1219,1267
ICC9840B6,1269,1456
ICC9840B6,1458,1477
ICC9840B6,1479,1510
ICC9840B6,1512,1543
ICC9840B6,1544,1580
ICC9840B6,1582,1641
ICC9840B6,1643,1685
ICC9840B6,1687,1718
ICC9840B6,1720,1738
ICC9840B6,1739,1770
ICC9840B6,523284,523291
ICD7F2351,17502,17608
ICD7F2351,18191,18207
ICD7F2351,19666,19690
ICD7F2351,20061,20082
ICD7F2351,20328,20351
ICD7F2351,20496,20542
ICD7F2351,20628,20652
ICD7F2351,20915,20945
ICDC84458,201,218
ICDC84458,220,287
ICDC84458,289,318
ICDC84458,320,341
ICDC84458,343,371
ICDC84458,373,401
ICDC84458,403,427
ICDC84458,429,443
ICDC84458,445,468
ICDC84458,470,490
ICDC84458,492,518
ICDC84458,520,537
ICDC84458,539,551
ICDC84458,553,565
ICDC84458,567,579
ICDC84458,581,593
ICDC84458,595,613
ICDC84458,615,641
ICDC84458,643,670
ICDC84458,672,694
ICDC84458,696,718
ICDC84458,720,745
ICDC84458,747,788
ICDC84458,790,815
ICDC84458,817,833
ICDC84458,835,863
ICDC84458,865,890
ICDC84458,892,911
ICDC84458,913,936
ICDC84458,938,964
ICDC84458,966,989
ICDC84458,991,1001
ICDC84458,1003,1024
ICDC84458,1026,1044
ICDC84458,1046,1062
ICDC84458,1064,1083
ICDC84458,1085,1112
ICDC84458,1114,1140
ICDC84458,1142,1163
ICDC84458,1165,1187
ICDC84458,1189,1209
ICDC84458,1211,1231
ICDC84458,1233,1254
ICDC84458,1256,1282
ICDC84458,1284,1312
ICDC84458,1314,1334
ICDC84458,1336,1357
ICDC84458,1359,1407
ICDC84458,1409,1422
ICDC84458,1424,1440
ICDC84458,1442,1468
ICDC84458,1470,1492
ICDC84458,1494,1513
ICDC84458,1515,1547
ICDC84458,1549,1574
ICDC84458,1576,1601
ICDC84458,1603,1635
ICDC84458,1637,1670
ICDC84458,1672,1692
ICDC84458,1694,1715
ICDC84458,1716,1737
ICDC84458,1739,1772
ICDC84458,1774,1793
ICDC84458,1795,1815
ICDC84458,1817,1838
ICDC84458,1839,1862
ICDC84458,1864,1890
ICDC84458,1892,1931
ICDC84458,1933,1961
ICDC84458,1963,1982
ICDC84458,1984,2015
ICDC84458,2017,2049
ICDC84458,2051,2078
ICDC84458,2079,2107
ICDC84458,2108,2136
ICDC84458,2137,2164
ICDC84458,2165,2191
ICDC84458,2192,2220
ICDC84458,2221,2249
ICDC84458,2250,2279
ICDC84458,2280,2307
ICDC84458,2308,2336
ICDC84458,2337,2370
ICDC84458,2371,2404
ICDC84458,2405,2438
ICDC84458,2439,2471
ICDC84458,2472,2487
ICDC84458,2489,2519
ICDC84458,2521,2544
ICDC84458,2546,2582
ICDC84458,2584,2611
ICDC84458,2613,2641
ICDC84458,2643,2668
ICDC84458,2670,2707
ICDC84458,2709,2739
ICDC84458,2741,2784
ICDC84458,2786,2802
ICDC84458,2804,2816
ICDC84458,2818,2855
ICDC84458,2857,2882
ICDC84458,2884,2913
ICDC84458,2915,2937
ICDC84458,2939,2965
ICDC84458,2967,2985
ICDC84458,26018,26158
ICDC84458,35229,35521
ICDC84458,75022,75050
ICDC84458,75206,75238
ICDC84458,76345,76378
ICDC84458,105409,105427
ICDC84458,105499,105538
ICDC84458,111913,111937
ICDC84458,112684,112748
ICDC84458,121302,121330
ICDC84458,127627,127655
ICDC84458,128817,128847
ICDC84458,128989,129034
ICDC84458,129239,129270
ICDC84458,136730,137111
ICDC84458,143699,143753
ICDC84458,204901,204917
ICDC84458,211639,211667
ICDC84458,218376,218405
ICDC84458,221834,221883
ICDC84458,222461,222497
ICDC84458,227088,227114
ICDC84458,227924,227952
ICDC84458,240968,240993
ICDC84458,243572,243596
ICDC84458,253589,253616
ICDC84458,257054,257192
ICDC84458,259100,259126
ICDC84458,263338,263365
ICDC84458,265135,265176
ICDC84458,268941,268976
ICDC84458,271010,271032
ICDC84458,288978,289010
ICDC84458,296920,296938
ICDC84458,297544,297811
ICDC84458,300498,300534
ICDC84458,363049,363143
ICDC84458,375553,375591
ICDC84458,392250,392319
ICDC84458,404179,404281
ICDC84458,404802,404814
ICDC84458,404816,405066
ICDC84458,407859,407865
ICDC84458,408815,408860
ICDC84458,409158,409191
ICDC84458,413899,413933
ICDC84458,417218,417254
ICDC84458,421528,421554
ICDC84458,422064,422135
ICDC84458,440039,440255
ICDC84458,465682,465698
ICDC84458,467916,467932
ICDC84458,472903,472918
ICDC84458,476585,476599
ICDC84458,501989,502005
ICDC84458,513906,513922
ICDC84458,528464,528481
ICDC84458,541872,541887
ICDC84458,553345,553360
ICDC84458,563993,564013
ICDC84458,585295,585315
ICDC84458,587143,587163
ICDC84458,595830,595849
ICDC84458,605859,605880
ICDC84458,608413,608451
ICDC84458,609978,610014
ICDC84458,611708,611830
ICDC84458,612148,612173
ICDC84458,613830,613850
ICDC84458,613999,614033
ICDC84458,620153,620164
ICDC84458,625598,625642
ICDC84458,625749,625936
ICDC84458,630919,631012
ICDC84458,648703,648730
ICDC84458,649936,649963
ICDC84458,667157,667189
ID13E3867,1114,1360
ID13E3867,1393,1471
ID13E3867,2036,2091
ID13E3867,2692,2721
ID13E3867,6318,6513
ID13E3867,7013,7076
ID13E3867,8455,8486
ID13E3867,9042,9085
ID13E3867,9662,9729
ID13E3867,9954,10010
ID13E3867,10535,10594
ID13E3867,10765,10841
ID13E3867,11204,11399
ID13E3867,11804,11829
ID13E3867,13143,13162
ID13E3867,14500,14522
ID13E3867,15034,15182
ID13E3867,15948,15987
ID13E3867,16679,16710
ID13E3867,18047,18085
ID13E3867,19604,19681
ID13E3867,19937,19981
ID13E3867,23312,23360
ID13E3867,24121,24194
ID13E3867,24548,24572
ID13E3867,25004,25045
ID13E3867,25080,25184
ID13E3867,25341,25544
ID13E3867,25852,25965
ID13E3867,27148,27167
ID13E3867,29038,29066
ID13E3867,30192,30249
ID13E3867,30653,30686
ID13E3867,31049,31085
ID13E3867,31253,31296
ID13E3867,32457,32491
ID13E3867,32542,32636
ID13E3867,32936,32973
ID13E3867,34301,34407
ID13E3867,34733,34770
ID13E3867,35915,36042
ID13E3867,36649,36681
ID13E3867,38770,38802
ID13E3867,39905,40012
ID13E3867,40174,40202
ID13E3867,41402,41480
ID13E3867,43988,44292
ID13E3867,45793,45825
ID13E3867,46315,46414
ID13E3867,47067,47103
ID13E3867,47105,47134
ID13E3867,48542,48608
ID13E3867,48916,48935
ID13E3867,49429,49614
ID13E3867,50095,50286
ID13E3867,50825,50929
ID13E3867,51921,51981
ID13E3867,52628,52662
ID13E3867,52986,53018
ID13E3867,53270,53339
ID13E3867,53488,53503
ID13E3867,53813,53870
ID13E3867,54953,54988
ID13E3867,56056,56078
ID13E3867,57397,57417
ID13E3867,57858,57880
ID13E3867,58862,58930
ID13E3867,59126,59231
ID13E3867,59266,59366
ID13E3867,59394,59407
ID13E3867,59539,59571
ID13E3867,59617,59630
ID13E3867,59660,59731
ID13E3867,60086,60111
ID13E3867,60433,60493
ID13E3867,61125,61174
ID13E3867,61374,61408
ID13E3867,61832,61918
ID13E3867,62239,62273
ID13E3867,62522,62583
ID13E3867,62871,62896
ID13E3867,63018,63103
ID13E3867,63542,63606
ID13E3867,63762,63836
ID13E3867,63885,63974
ID13E3867,64290,64361
ID13E3867,65363,65555
ID13E3867,66438,66447
ID13E3867,66735,66744
ID13E3867,67055,67063
ID13E3867,67372,67469
ID13E3867,67736,67785
ID13E3867,68139,68179
ID13E3867,68541,68576
ID13E3867,68636,68775
ID13E3867,69891,70025
ID13E3867,70531,70562
ID13E3867,71398,71414
ID13E3867,71688,71768
ID13E3867,72133,72169
ID13E3867,72444,72480
ID13E3867,73111,73174
ID13E3867,73717,73847
ID13E3867,74036,74098
ID13E3867,74254,74279
ID13E3867,74948,75110
ID13E3867,75280,75289
ID13E3867,75978,76033
ID13E3867,76194,76207
ID13E3867,76388,76403
ID13E3867,76529,76557
ID13E3867,76865,76897
ID13E3867,77560,77589
ID13E3867,77725,77804
ID13E3867,77913,77926
ID13E3867,78150,78258
ID13E3867,78725,78775
ID13E3867,79358,79387
ID13E3867,80105,80136
ID13E3867,81484,81511
ID13E3867,84530,84846
ID13E3867,89842,89892
ID13E3867,92021,92043
ID13E3867,93639,93697
ID13E3867,94115,94172
ID13E3867,97222,97281
ID13E3867,99640,99871
ID13E3867,104072,104081
ID13E3867,104255,104370
ID13E3867,105387,105427
ID13E3867,107463,107564
ID13E3867,107676,107698
ID13E3867,108200,108416
ID13E3867,109085,109131
ID13E3867,109477,109524
ID13E3867,110569,110649
ID13E3867,112824,112880
ID13E3867,113996,114063
ID13E3867,115023,115078
ID13E3867,115548,115603
ID13E3867,117127,117166
ID13E3867,119697,119765
ID13E3867,121540,121847
ID13E3867,122490,122527
ID13E3867,123470,123512
ID13E3867,123993,124040
ID13E3867,126236,126271
ID13E3867,128177,128219
ID13E3867,134194,134269
ID13E3867,136119,136192
ID13E3867,137209,137246
ID13E3867,137997,138287
ID13E3867,138803,138835
ID13E3867,139114,139171
ID13E3867,139772,139805
ID13E3867,141175,141195
ID13E3867,141276,141304
ID13E3867,141478,141573
ID13E3867,142093,142151
ID13E3867,146418,146441
ID13E3867,151095,151144
ID13E3867,151742,151785
ID13E3867,152500,152557
ID13E3867,153142,153187
ID13E3867,153574,153711
ID13E3867,153961,154084
ID13E3867,154206,154281
ID13E3867,154446,154483
ID13E3867,154601,154620
ID13E3867,154766,154951
ID13E3867,155397,155441
ID13E3867,155955,155975
ID13E3867,156044,156077
ID13E3867,156219,156261
ID13E3867,156976,157044
ID13E3867,157394,157437
ID13E3867,158116,158176
ID13E3867,158352,158447
ID13E3867,158535,158544
ID13E3867,159280,159348
ID13E3867,160921,161062
ID13E3867,161644,161684
ID13E3867,163184,163282
ID13E3867,163648,163667
ID13E3867,164168,164304
ID13E3867,165615,165647
ID13E3867,168335,168380
ID13E3867,169332,169402
ID13E3867,169854,169874
ID13E3867,170138,170160
ID13E3867,170516,170713
ID13E3867,172614,172635
ID13E3867,173361,173381
ID13E3867,173971,174000
ID13E3867,174583,174707
ID13E3867,175135,175167
ID13E3867,175364,175600
ID13E3867,175865,175882
ID13E3867,176265,176312
ID13E3867,176678,176702
ID13E3867,177615,177672
ID13E3867,178058,178125
ID13E3867,178535,178600
ID13E3867,178942,178978
ID13E3867,179688,179706
ID13E3867,179899,179951
ID13E3867,180385,180405
ID13E3867,180864,181049
ID13E3867,181737,181786
ID13E3867,182724,182760
ID13E3867,183167,183237
ID13E3867,183550,183582
ID13E3867,183813,183844
ID13E3867,184732,184783
ID13E3867,186523,186553
ID13E3867,187090,187131
ID13E3867,187412,187473
ID13E3867,187656,187698
ID13E3867,187859,187913
ID13E3867,188252,188294
ID13E3867,188481,188503
ID13E3867,189110,189533
ID13E3867,189820,189905
ID13E3867,190311,190339
ID13E3867,190669,190886
ID13E3867,199721,199741
ID13E3867,202072,202094
ID13E3867,203089,203151
ID13E3867,203979,203996
ID13E3867,204174,204245
ID13E3867,209270,209289
ID13E3867,212118,212298
ID13E3867,213208,213247
ID13E3867,213505,213545
ID13E3867,213888,213910
ID13E3867,215707,215754
ID13E3867,217042,217062
ID13E3867,218257,218279
ID13E3867,219140,219326
ID13E3867,219758,219780
ID13E3867,220079,220134
ID13E3867,221145,221303
ID13E3867,222076,222159
ID13E3867,222854,223013
ID13E3867,223947,223988
ID13E3867,224504,224545
ID13E3867,225546,225590
ID13E3867,226455,226533
ID13E3867,226771,226806
ID13E3867,228203,228243
ID13E3867,229499,229658
ID13E3867,233744,233767
ID13E3867,234299,234308
ID13E3867,235096,235125
ID13E3867,236304,236371
ID13E3867,237787,237814
ID13E3867,238291,238333
ID13E3867,238810,238828
ID13E3867,239495,239517
ID13E3867,240890,240930
ID13E3867,241223,241261
ID13E3867,242362,242651
ID13E3867,243517,243536
ID13E3867,243778,243787
ID13E3867,244064,244097
ID13E3867,244723,244742
ID13E3867,245645,245665
ID13E3867,246202,246218
ID13E3867,247934,248064
ID13E3867,250758,250808
ID13E3867,251448,251487
ID13E3867,251731,251810
ID13E3867,252467,252512
ID13E3867,253324,253371
ID13E3867,253650,253687
ID13E3867,254162,254180
ID13E3867,256029,256056
ID13E3867,257746,257864
ID13E3867,258358,258378
ID13E3867,258620,258642
ID13E3867,263651,263768
ID13E3867,263935,263952
ID13E3867,266018,266040
ID13E3867,266548,266771
ID13E3867,267163,267182
ID13E3867,269348,269374
ID13E3867,270865,270992
ID13E3867,271452,271472
ID13E3867,271669,271745
ID13E3867,272253,272291
ID13E3867,272623,272649
ID13E3867,274283,274311
ID13E3867,274682,274818
ID13E3867,277690,277720
ID13E3867,278179,278232
ID13E3867,278644,278666
ID13E3867,280278,280295
ID13E3867,281628,281656
ID13E3867,282563,282621
ID13E3867,283296,283328
ID13E3867,284068,284108
ID13E3867,285600,285641
ID13E3867,286146,286188
ID13E3867,287150,287302
ID13E3867,287644,287711
ID13E3867,288416,288595
ID13E3867,290432,290532
ID13E3867,294746,294834
ID13E3867,294950,295089
ID13E3867,295905,296048
ID13E3867,297047,297086
ID13E3867,297585,297639
ID13E3867,298092,298120
ID13E3867,298851,298982
ID13E3867,299248,299293
ID13E3867,299638,299693
ID13E3867,300830,300917
ID13E3867,303451,303503
ID13E3867,304207,304250
ID13E3867,305494,305518
ID13E3867,305747,305773
ID13E3867,306155,306299
ID13E3867,307178,307263
ID13E3867,309768,309830
ID13E3867,311965,311974
ID13E3867,313130,313192
ID13E3867,313254,313284
ID13E3867,313314,313327
ID13E3867,320038,320059
ID13E3867,320398,321090
ID13E3867,322096,322141
ID13E3867,323601,323749
ID13E3867,324631,324700
ID13E3867,324856,324922
ID13E3867,325686,325711
ID13E3867,325848,325904
ID13E3867,326245,326279
ID13E3867,328535,328596
ID13E3867,331984,332150
ID13E3867,334515,334749
ID13E3867,337314,337333
ID13E3867,342359,342405
ID13E3867,342951,342981
ID13E3867,344303,344369
ID13E3867,344651,344855
ID13E3867,345117,345146
ID13E3867,345958,345980
ID13E3867,346784,346830
ID13E3867,347182,347237
ID13E3867,347575,347619
ID13E3867,348182,348230
ID13E3867,350371,350468
ID13E3867,352895,352913
ID13E3867,354386,354426
ID13E3867,354873,355179
ID13E3867,357109,357129
ID13E3867,357335,357357
ID13E3867,358041,358084
ID13E3867,358801,358826
ID13E3867,359613,359635
ID13E3867,360300,360364
ID13E3867,360989,361039
ID13E3867,361261,361293
ID13E3867,361585,361617
ID13E3867,363440,363486
ID13E3867,364416,364438
ID13E3867,365171,365360
ID13E3867,366525,366636
ID13E3867,367076,367085
ID13E3867,368856,368876
ID13E3867,369089,369117
ID13E3867,370594,370658
ID13E3867,371025,371045
ID13E3867,371708,371724
ID13E3867,371931,371968
ID13E3867,372002,372116
ID13E3867,372689,372712
ID13E3867,373424,373472
ID13E3867,374051,374074
ID13E3867,376792,376807
ID13E3867,377528,377570
ID13E3867,377786,378047
ID13E3867,379083,379344
ID13E3867,379852,380020
ID13E3867,380702,381007
ID13E3867,381170,381196
ID13E3867,381365,381408
ID13E3867,382780,382822
ID13E3867,382914,383084
ID13E3867,383606,383727
ID13E3867,383817,383835
ID13E3867,384177,384223
ID13E3867,385496,385604
ID13E3867,386746,386830
ID13E3867,387931,387964
ID13E3867,388053,388371
ID13E3867,388912,388997
ID13E3867,389249,389287
ID13E3867,389715,389743
ID13E3867,390027,390061
ID13E3867,390823,390889
ID13E3867,392426,392446
ID13E3867,393941,393963
ID13E3867,394227,394263
ID13E3867,394713,394827
ID13E3867,395081,395121
ID13E3867,395451,395511
ID13E3867,395739,395762
ID13E3867,395968,396290
ID13E3867,400047,400091
ID13E3867,400294,400316
ID13E3867,400790,400815
ID13E3867,401186,401216
ID13E3867,401650,401707
ID13E3867,402792,402811
ID13E3867,403448,403470
ID13E3867,404149,404274
ID13E3867,404366,404385
ID13E3867,405674,405736
ID13E3867,405991,406166
ID13E3867,406534,406577
ID13E3867,406773,406807
ID13E3867,408054,408076
ID13E3867,408331,408384
ID13E3867,408574,408601
ID13E3867,409024,409076
ID13E3867,409317,409462
ID13E3867,410347,410507
ID13E3867,411028,411037
ID13E3867,411684,411752
ID13E3867,412349,412414
ID13E3867,412917,412949
ID13E3867,413135,413181
ID13E3867,414228,414425
ID13E3867,414574,414634
ID13E3867,414985,415009
ID13E3867,415513,415550
ID13E3867,415929,415956
ID13E3867,416411,416487
ID13E3867,416963,416993
ID13E3867,417225,417306
ID13E3867,417980,418078
ID13E3867,418399,418439
ID13E3867,418773,418857
ID13E3867,419132,419174
ID13E3867,419591,419633
ID13E3867,420015,420159
ID13E3867,420645,420686
ID13E3867,421278,421323
ID13E3867,422509,422559
ID13E3867,422832,422984
ID13E3867,423547,423582
ID13E3867,425047,425141
ID13E3867,425525,425640
ID13E3867,425987,426037
ID13E3867,461780,461955
ID13E3867,462606,462636
ID13E3867,463619,463680
ID13E3867,464370,464400
ID13E3867,465360,465382
ID13E3867,465980,466031
ID13E3867,466645,466737
ID13E3867,467124,467188
ID13E3867,467771,467791
ID13E3867,472680,472785
ID13E3867,472899,473049
ID13E3867,473516,473566
ID13E3867,473741,473813
ID13E3867,475157,475176
ID13E3867,476309,476362
ID13E3867,479328,479392
ID13E3867,479515,479530
ID13E3867,479631,479653
ID13E3867,480278,480334
ID13E3867,481527,481547
ID4AD2D0E,308,521
ID4AD2D0E,523,564
ID4AD2D0E,566,597
ID4AD2D0E,599,624
ID4AD2D0E,626,735
ID4AD2D0E,737,770
ID4AD2D0E,827,856
ID4AD2D0E,929,1054
ID4AD2D0E,1274,1316
ID4AD2D0E,1319,1396
ID4AD2D0E,1399,1463
ID4AD2D0E,1466,1569
ID4AD2D0E,1571,1672
ID4AD2D0E,1675,1797
ID4AD2D0E,1799,1956
ID4AD2D0E,1958,2111
ID4AD2D0E,2114,2250
ID4AD2D0E,2252,2347
ID4AD2D0E,2350,2561
ID4AD2D0E,2564,2748
ID4AD2D0E,2750,2937
ID4AD2D0E,2939,3098
ID4AD2D0E,3100,3324
ID4AD2D0E,3326,3427
ID4AD2D0E,3429,3478
ID4AD2D0E,3480,3560
ID4AD2D0E,3761,3829
ID4AD2D0E,3928,4035
ID4AD2D0E,4185,4289
ID4AD2D0E,4450,4574
ID4AD2D0E,4731,4892
ID4AD2D0E,5048,5205
ID4AD2D0E,5361,5502
ID4AD2D0E,5665,5763
ID4AD2D0E,5913,6126
ID4AD2D0E,6289,6480
ID4AD2D0E,6636,6830
ID4AD2D0E,6983,7149
ID4AD2D0E,7297,7527
ID4AD2D0E,7684,7790
ID4AD2D0E,7943,7999
ID4AD2D0E,8115,8155
ID4AD2D0E,8158,8180
ID4AD2D0E,8182,8216
ID4AD2D0E,8218,8243
ID4AD2D0E,8358,8396
ID5714205,785,963
ID5714205,1620,1840
ID5714205,2061,2141
ID5714205,2828,3121
ID5714205,3687,3780
ID5714205,4407,4666
ID5714205,4930,5020
ID5714205,5277,5327
ID5714205,6547,6757
ID5714205,8509,8609
ID5714205,9406,9611
ID5714205,10354,10497
ID5714205,10756,11067
ID5714205,15067,15214
ID5714205,15785,15925
ID5714205,17890,17934
ID5714205,19071,19467
ID5714205,19702,19769
ID5714205,20712,20916
ID5714205,21410,21959
ID5714205,22530,22934
ID5714205,25206,25279
ID5714205,28556,28840
ID5714205,29068,29157
ID5714205,30935,31052
ID5714205,31785,32119
ID5714205,33206,33284
ID5714205,33425,33536
ID5714205,35253,35621
ID5714205,38897,39193
ID5714205,39944,39997
ID5714205,40078,40203
ID5714205,41283,41403
ID5714205,41682,41864
ID5714205,45824,46179
ID5714205,48358,48401
ID5714205,48723,48937
ID5714205,52182,52369
ID5714205,53090,53244
ID5714205,54658,54817
ID5714205,54929,55205
ID5714205,55358,55447
ID5714205,56123,56214
ID5714205,57227,57368
ID5714205,57983,58068
ID5714205,59099,59221
ID5714205,59363,59457
ID5714205,61894,62021
ID5714205,62192,62508
ID5714205,63515,63731
ID5714205,66271,66309
ID5714205,66792,66986
ID5714205,67918,67963
ID5714205,68193,68305
ID5714205,68861,68907
ID5714205,69192,69386
ID5714205,70427,70625
ID5714205,70851,70928
ID5714205,71746,71798
ID5714205,71978,72230
ID5714205,73230,73320
ID5714205,73754,73933
ID5714205,74886,75062
ID5714205,77218,77530
ID5714205,77834,77926
ID5714205,78020,78137
ID5714205,78898,78958
ID5714205,79085,79176
ID5714205,79387,79504
ID5714205,80552,80757
ID5714205,80949,81137
ID5714205,81296,81352
ID5714205,81484,81539
ID5714205,81652,81719
ID5714205,82028,82136
ID5714205,83097,83183
ID5714205,85464,85771
ID5714205,85982,86037
ID5714205,86181,86323
ID5714205,87429,87566
ID5714205,87692,87852
ID5714205,87954,88068
ID5714205,90718,90905
ID5714205,91456,91598
ID5714205,93437,93662
ID5714205,93789,93946
ID5714205,95430,95582
ID5714205,97377,97529
ID5714205,98088,98141
ID5714205,98457,98578
ID5714205,99569,99761
ID5714205,99924,100035
ID5714205,100861,101004
ID5714205,102917,102994
ID5714205,103207,103352
ID5714205,104714,104855
ID5714205,105922,106063
ID5714205,107059,107270
ID5714205,107643,107872
ID5714205,109035,109143
ID5714205,110367,110473
ID5714205,110646,110763
ID5714205,111757,111881
ID5714205,113277,113449
ID5714205,113658,114083
ID5714205,116964,117078
ID5714205,117328,117469
ID5714205,118232,118285
ID5714205,118501,118593
ID5714205,118823,118983
ID5714205,119132,119225
ID5714205,121093,121182
ID5714205,122043,122221
ID5714205,123073,123157
ID5714205,124373,124503
ID5714205,124766,125041
ID5714205,125694,125959
ID5714205,126267,126421
ID5714205,126593,126648
ID5714205,127081,127301
ID5714205,127691,127808
ID5714205,129427,129587
ID5714205,129990,130091
ID5714205,130360,130514
ID5714205,130698,131069
ID5714205,132234,132353
ID5714205,133029,133157
ID5714205,133617,133738
ID5714205,134278,134420
ID5714205,135178,135232
ID5714205,135384,135627
ID5714205,136041,136097
ID5714205,138173,138331
ID5714205,139605,139746
ID5714205,140943,141144
ID5714205,141406,141475
ID5714205,141816,141905
ID5714205,143729,143934
ID5714205,145085,145179
ID5714205,145796,145904
ID5714205,147773,147891
ID5714205,148132,148223
ID5714205,148356,148451
ID5714205,149501,149603
ID5714205,150743,150772
ID5714205,151370,151445
ID5714205,151557,151692
ID5714205,153311,153471
ID5714205,153609,153776
ID5714205,155796,155979
ID5714205,156280,156406
ID5714205,157911,158093
ID5714205,158190,158276
ID5714205,158683,158727
ID5714205,158853,158947
ID5714205,159555,159591
ID5714205,159816,159856
ID5714205,159996,160292
ID5714205,160421,160779
ID5714205,161137,161359
ID5714205,161474,161592
ID5714205,161673,161889
ID5714205,162654,162732
ID5714205,163689,163784
ID5714205,163937,164028
ID5714205,164921,164954
ID5714205,165377,165493
ID5714205,165642,165729
ID5714205,167268,167414
ID5714205,167911,168107
ID5714205,168218,168303
ID5714205,170868,170972
ID5714205,171699,171951
ID5714205,172732,172848
ID5714205,173508,173562
ID5714205,175023,175210
ID5714205,175902,176110
ID5714205,176386,176472
ID5714205,177327,177413
ID5714205,178455,178569
ID5714205,179195,179469
ID5714205,179602,179749
ID5714205,179998,180207
ID5714205,181174,181323
ID5714205,183177,183491
ID5714205,183747,183866
ID5714205,184059,184297
ID5714205,185298,185535
ID5714205,185683,185731
ID5714205,185883,186267
ID5714205,186546,186640
ID5714205,188020,188082
ID5714205,188797,188852
ID5714205,189475,189529
ID5714205,190788,190831
ID5714205,191469,191596
ID5714205,193280,193316
ID5714205,193462,193730
ID5714205,194659,194810
ID5714205,195325,195412
ID5714205,196872,196952
ID5714205,198071,198193
ID5714205,198677,198850
ID5714205,200723,200761
ID5714205,201195,201230
ID5714205,201768,201881
ID5714205,202569,202802
ID5714205,203006,203312
ID5714205,203515,203679
ID5714205,204363,204671
ID5714205,204966,205084
ID5714205,207507,208055
ID5714205,208221,208461
ID5714205,208852,208971
ID5714205,211505,211558
ID5714205,213357,213549
ID5714205,214426,214578
ID5714205,215686,215775
ID5714205,216962,217055
ID5714205,217579,217743
ID5714205,218524,218623
ID5714205,219017,219104
ID5714205,219777,219836
ID5714205,220842,220927
ID5714205,221054,221100
ID5714205,221596,221643
ID5714205,221892,222042
ID5714205,222351,222419
ID5714205,223316,223472
ID5714205,224648,224866
ID5714205,225019,225188
ID5714205,225362,225480
ID5714205,228105,228229
ID5714205,229049,229407
ID5714205,229650,229792
ID5714205,230345,230454
ID5714205,231963,232152
ID5714205,232411,232530
ID5714205,234099,234332
ID5714205,236344,236494
ID5714205,238002,238159
ID5714205,238748,238923
ID5714205,241132,241261
ID5714205,241521,241621
ID5714205,243167,243371
ID5714205,244980,245878
ID5714205,246605,246684
ID5714205,248029,248090
ID5714205,248333,248377
ID5714205,248530,248616
ID5714205,248782,248840
ID5714205,249036,249213
ID5714205,250915,251024
ID5714205,251351,251399
ID5714205,252295,252504
ID5714205,252976,253103
ID5714205,253596,253724
ID5714205,255173,255332
ID5714205,255480,255611
ID5714205,257694,257811
ID5714205,258353,258518
ID5714205,259001,259120
ID5714205,260960,260997
ID5714205,261140,261184
ID5714205,261430,261593
ID5714205,261877,261990
ID5714205,262242,262359
ID5714205,264844,264958
ID5714205,266903,267140
ID5714205,267982,268073
ID5714205,268145,268210
ID5714205,268584,268698
ID5714205,268992,269038
ID5714205,269217,269410
ID5714205,270086,270159
ID5714205,270299,270410
ID5714205,270625,270796
ID5714205,271683,271756
ID5714205,273191,273284
ID5714205,273475,273818
ID5714205,274574,274661
ID5714205,275421,275513
ID5714205,275875,275989
ID5714205,276503,276669
ID5714205,278480,278571
ID5714205,279480,279568
ID5714205,280140,280277
ID5714205,280342,280447
ID5714205,280754,280851
ID5714205,282137,282197
ID5714205,282258,282380
ID5714205,282747,282836
ID5714205,284152,284289
ID5714205,285420,285624
ID5714205,285794,285937
ID5714205,286239,286367
ID5714205,287427,287720
ID5714205,290662,290702
ID5714205,291233,291322
ID5714205,291506,291623
ID5714205,291774,291890
ID5714205,293367,293487
ID5714205,293705,293807
ID5714205,294108,294168
ID5714205,295416,295529
ID5714205,295738,295884
ID5714205,297492,297543
ID5714205,297715,297813
ID5714205,298058,298128
ID5714205,298464,298585
ID5714205,299002,299129
ID5714205,299547,299600
ID5714205,299810,299982
ID5714205,300959,301041
ID5714205,301984,302539
ID5714205,303000,303166
ID5714205,303589,303680
ID5714205,305068,305121
ID5714205,305439,305593
ID5714205,308171,308758
ID5714205,308941,309056
ID5714205,311957,312151
ID5714205,313531,313636
ID5714205,314220,314486
ID5714205,315953,316130
ID5714205,318031,318332
ID5714205,319332,319396
ID5714205,320757,320890
ID5714205,322062,322657
ID5714205,322721,322837
ID5714205,323369,323470
ID5714205,323845,324003
ID5714205,326218,326387
ID5714205,326872,327033
ID5714205,328975,329224
ID5714205,330375,330480
ID5714205,332216,332362
ID5714205,333201,333388
ID5714205,334796,334907
ID5714205,335083,335305
ID5714205,338187,338316
ID5714205,338537,338624
ID5714205,340148,340261
ID5714205,341287,341466
ID5714205,341626,341863
ID5714205,341995,342132
ID5714205,342584,342640
ID5714205,342756,342965
ID5714205,344983,345074
ID5714205,345200,345357
ID5714205,345757,345813
ID5714205,346065,346173
ID5714205,347294,347404
ID5714205,347578,347720
ID5714205,347974,348034
ID5714205,348120,348270
ID5714205,348375,348476
ID5714205,349404,349460
ID5714205,350345,350401
ID5714205,351311,351425
ID5714205,351604,351805
ID5714205,352037,352164
ID5714205,353866,353958
ID5714205,354958,355082
ID5714205,356150,356243
ID5714205,357865,357994
ID5714205,358105,358158
ID5714205,358303,358550
ID5714205,360134,360217
ID5714205,360482,360675
ID5714205,360882,360953
ID5714205,361156,361328
ID5714205,362360,362499
ID5714205,364135,364266
ID5714205,365425,365550
ID5714205,365988,366044
ID5714205,366430,366592
ID5714205,367334,367561
ID5714205,370479,370549
ID5714205,372596,372642
ID5714205,373022,373112
ID5714205,374228,374686
ID5714205,375180,375409
ID5714205,376457,376584
ID5714205,379219,379379
ID5714205,379883,380182
ID5714205,381361,381456
ID5714205,383015,383058
ID5714205,384838,385078
ID5714205,385369,385541
ID5714205,385902,386192
ID5714205,388007,388149
ID5714205,390440,390699
ID5714205,390959,391121
ID5714205,391417,391494
ID5714205,393123,393379
ID5714205,395132,395345
ID5714205,397918,398034
ID5714205,399418,399518
ID5714205,399659,399792
ID5714205,400541,400597
ID5714205,401526,401570
ID5714205,401797,401967
ID5714205,402347,402478
ID5714205,403005,403157
ID5714205,404308,404425
ID5714205,406130,406175
ID5714205,406731,406864
ID5714205,407233,407338
ID5714205,407414,407544
ID5714205,407759,407995
ID5714205,408469,408778
ID5714205,410403,410544
ID5714205,412697,412830
ID5714205,414047,414254
ID5714205,416564,416684
ID5714205,417234,417337
ID5714205,418014,418134
ID5714205,418920,419062
ID5714205,420383,420431
ID5714205,420804,420928
ID5714205,421439,421511
ID5714205,422279,422560
ID5714205,423315,423435
ID5714205,424636,424689
ID5714205,426403,426548
ID5714205,426738,426859
ID5714205,427016,427241
ID5714205,428137,428195
ID5714205,430235,430446
ID5714205,430863,430964
ID5714205,433282,433432
ID5714205,433996,434094
ID5714205,434765,434902
ID5714205,435781,435925
ID5714205,437527,437705
ID5714205,438717,438859
ID5714205,439603,439768
ID5714205,441650,441901
ID5714205,443879,443999
ID5714205,444993,445210
ID5714205,445461,445518
ID5714205,445693,445802
ID5714205,446560,446614
ID5714205,446802,447082
ID5714205,448033,448152
ID5714205,448807,448950
ID5714205,449708,449752
ID5714205,450669,450811
ID5714205,451377,451466
ID5714205,451813,452019
ID5714205,452358,452507
ID5714205,454813,454850
ID5714205,455083,455415
ID5714205,456290,456514
ID5714205,457669,457828
ID5714205,458118,458243
ID5714205,459800,459916
ID5714205,460784,460877
ID5714205,461478,461613
ID5714205,463397,463527
ID5714205,463823,463949
ID5714205,463997,464059
ID8FE83E3,3170,3306
ID8FE83E3,3380,3423
ID8FE83E3,4486,4828
ID8FE83E3,5037,5053
ID8FE83E3,11054,11103
ID8FE83E3,11211,11254
ID8FE83E3,11286,11565
ID8FE83E3,11740,11750
ID8FE83E3,12272,12317
ID8FE83E3,15575,15765
ID8FE83E3,16100,16137
ID8FE83E3,16603,16647
ID8FE83E3,16876,17128
ID8FE83E3,18844,18943
ID8FE83E3,19887,19906
ID8FE83E3,19981,20098
ID8FE83E3,20931,20959
ID8FE83E3,21248,21278
ID8FE83E3,21581,21696
ID8FE83E3,21880,21995
ID8FE83E3,35244,35270
ID8FE83E3,35694,35726
ID8FE83E3,35964,35992
ID8FE83E3,36946,37088
ID8FE83E3,38453,38479
ID8FE83E3,38764,38793
ID8FE83E3,44260,44307
ID8FE83E3,44848,44879
ID8FE83E3,44986,45001
ID8FE83E3,45980,46060
ID8FE83E3,46582,46756
ID8FE83E3,47082,47175
ID8FE83E3,47303,47330
ID8FE83E3,47693,47758
ID8FE83E3,47887,47951
ID8FE83E3,49450,49549
ID8FE83E3,51247,51275
ID8FE83E3,53175,53209
ID8FE83E3,53452,53497
ID8FE83E3,53669,53687
ID8FE83E3,54075,54105
ID8FE83E3,54485,54519
ID8FE83E3,54610,54635
ID8FE83E3,55581,55602
ID8FE83E3,55793,55854
ID8FE83E3,56440,56486
ID8FE83E3,60139,60337
ID8FE83E3,60896,60905
ID8FE83E3,61003,61118
ID8FE83E3,62898,62996
ID8FE83E3,64414,64422
ID8FE83E3,65213,65233
ID8FE83E3,67238,67258
ID8FE83E3,67475,67490
ID8FE83E3,67901,67920
ID8FE83E3,68242,68260
ID8FE83E3,68569,68585
ID8FE83E3,70511,70533
ID8FE83E3,70967,71180
ID8FE83E3,71217,71306
ID8FE83E3,71360,71387
ID8FE83E3,71420,71453
ID8FE83E3,72158,72174
ID8FE83E3,72589,72620
ID8FE83E3,72796,72820
ID8FE83E3,72869,73040
ID8FE83E3,73081,73185
ID8FE83E3,73301,73415
ID8FE83E3,73494,73580
ID8FE83E3,73658,73772
ID8FE83E3,74298,74411
ID8FE83E3,74489,74526
ID8FE83E3,74615,74639
ID8FE83E3,75164,75182
ID8FE83E3,75210,75234
ID8FE83E3,75306,75492
ID8FE83E3,75727,75754
ID8FE83E3,75929,75970
ID8FE83E3,76130,76183
ID8FE83E3,76224,76241
ID8FE83E3,76306,76342
ID8FE83E3,76877,76893
ID8FE83E3,77324,77342
ID8FE83E3,77366,77390
ID8FE83E3,77465,77625
ID8FE83E3,77893,77927
ID8FE83E3,78056,78090
ID8FE83E3,79713,79758
ID8FE83E3,79837,79855
ID8FE83E3,80057,80065
ID8FE83E3,80099,80111
ID8FE83E3,80315,80323
ID8FE83E3,80348,80369
ID8FE83E3,82391,82420
ID8FE83E3,82912,82920
ID8FE83E3,83319,83541
ID8FE83E3,83904,84098
ID8FE83E3,84683,84865
ID8FE83E3,84918,84989
ID8FE83E3,85104,85124
ID8FE83E3,85352,85441
ID8FE83E3,86154,86180
ID8FE83E3,89073,89102
ID8FE83E3,90050,90121
ID8FE83E3,90456,90481
ID8FE83E3,91530,91546
ID8FE83E3,94326,94490
ID8FE83E3,94595,94628
ID8FE83E3,94720,94761
ID8FE83E3,94830,95035
ID8FE83E3,95201,95247
ID8FE83E3,95309,95360
ID8FE83E3,95488,95846
ID8FE83E3,95911,95954
ID8FE83E3,96050,96095
ID8FE83E3,96230,96246
ID8FE83E3,96461,96618
ID8FE83E3,96783,96828
ID8FE83E3,96988,97009
ID8FE83E3,97197,97299
ID8FE83E3,97692,97742
ID8FE83E3,98218,98267
ID8FE83E3,98513,98613
ID8FE83E3,99028,99067
ID8FE83E3,99593,99621
ID8FE83E3,103886,103901
ID8FE83E3,107217,107266
ID8FE83E3,108596,108618
ID8FE83E3,108793,109010
ID8FE83E3,109570,109598
ID8FE83E3,110447,110500
ID8FE83E3,111316,111332
ID8FE83E3,111641,111773
ID8FE83E3,120740,120758
ID8FE83E3,120971,120987
ID8FE83E3,121231,121248
ID8FE83E3,121965,121985
ID8FE83E3,123812,123821
ID8FE83E3,124184,124193
ID8FE83E3,124520,124744
ID8FE83E3,124747,124756
ID8FE83E3,125508,125524
ID8FE83E3,126155,126176
ID8FE83E3,126650,126684
ID8FE83E3,127084,127199
ID8FE83E3,128546,128590
ID8FE83E3,129532,129562
ID8FE83E3,129731,129764
ID8FE83E3,130515,130524
ID8FE83E3,130861,130869
ID8FE83E3,132738,132781
ID8FE83E3,139713,139775
ID8FE83E3,140925,140934
ID8FE83E3,142456,142474
ID8FE83E3,143813,144022
ID8FE83E3,144468,144484
ID8FE83E3,144541,144559
ID8FE83E3,145179,145194
ID8FE83E3,146353,146569
ID8FE83E3,148236,148348
ID8FE83E3,149117,149128
ID8FE83E3,153720,153754
ID8FE83E3,154649,154679
ID8FE83E3,160123,160151
ID8FE83E3,162702,162802
ID8FE83E3,163299,163324
ID8FE83E3,172991,173142
ID8FE83E3,173679,173701
ID8FE83E3,174160,174228
ID8FE83E3,174337,174355
ID8FE83E3,174377,174399
ID8FE83E3,175437,175464
ID8FE83E3,176984,177001
ID8FE83E3,177175,177234
ID8FE83E3,182175,182374
ID8FE83E3,182703,182789
ID8FE83E3,185363,185395
ID8FE83E3,187576,187609
ID8FE83E3,189549,189582
ID8FE83E3,193878,194020
ID8FE83E3,195439,195603
ID8FE83E3,197085,197119
ID8FE83E3,197884,197914
ID8FE83E3,198192,198214
ID8FE83E3,198520,198579
ID8FE83E3,199303,199370
ID8FE83E3,200915,200932
ID8FE83E3,201100,201114
ID8FE83E3,202311,202377
ID8FE83E3,202511,202635
ID8FE83E3,203204,203227
ID8FE83E3,203314,203429
ID8FE83E3,204523,204550
ID8FE83E3,205139,205243
ID8FE83E3,205279,205344
ID8FE83E3,205472,205546
ID8FE83E3,207939,208089
ID8FE83E3,209759,209842
ID8FE83E3,210333,210358
ID8FE83E3,211310,211352
ID8FE83E3,216311,216372
ID8FE83E3,216851,216885
ID8FE83E3,217524,217539
ID8FE83E3,217868,217979
ID8FE83E3,218248,218255
ID8FE83E3,218578,218634
ID8FE83E3,224991,225000
ID8FE83E3,225170,225179
ID8FE83E3,225599,225651
ID8FE83E3,226699,226787
ID8FE83E3,229757,229899
ID8FE83E3,232714,232803
ID8FE83E3,233263,233272
ID8FE83E3,234540,234549
ID8FE83E3,234756,234764
ID8FE83E3,234821,234859
ID8FE83E3,234983,235002
ID8FE83E3,244794,244894
ID8FE83E3,245182,245191
ID8FE83E3,245612,245635
ID8FE83E3,245916,245932
ID8FE83E3,248347,248353
ID8FE83E3,250470,250539
ID8FE83E3,251318,251486
ID8FE83E3,252278,252404
ID8FE83E3,252476,252512
ID8FE83E3,252874,252915
ID8FE83E3,253519,253555
ID8FE83E3,253681,253717
ID8FE83E3,253763,253944
ID8FE83E3,254027,254045
ID8FE83E3,255751,255854
ID8FE83E3,256504,256528
ID8FE83E3,257113,257146
ID8FE83E3,259571,259872
ID8FE83E3,260496,260513
ID8FE83E3,260703,260720
ID8FE83E3,260908,260924
ID8FE83E3,261093,261147
ID8FE83E3,261540,261575
ID8FE83E3,265595,265672
ID8FE83E3,266085,266101
ID8FE83E3,266386,266402
ID8FE83E3,268019,268127
ID8FE83E3,269043,269071
ID8FE83E3,270573,270597
ID8FE83E3,272905,272919
ID8FE83E3,274758,274796
ID8FE83E3,275544,275593
ID8FE83E3,275754,275835
ID8FE83E3,275893,275902
ID8FE83E3,276151,276219
ID8FE83E3,276523,276643
ID8FE83E3,276810,276819
ID8FE83E3,276945,276954
ID8FE83E3,277148,277166
ID8FE83E3,277300,277339
ID8FE83E3,277527,277548
ID8FE83E3,277582,277648
ID8FE83E3,281001,281124
ID8FE83E3,281765,281829
ID8FE83E3,283596,283776
ID8FE83E3,284852,284936
ID8FE83E3,316448,316526
ID8FE83E3,316926,317002
ID8FE83E3,318053,318083
ID8FE83E3,318815,318860
ID8FE83E3,319002,319184
ID8FE83E3,319423,319447
ID8FE83E3,319806,319902
ID8FE83E3,320043,320133
ID8FE83E3,320538,320700
ID8FE83E3,321031,321127
ID8FE83E3,322772,322803
ID8FE83E3,323910,323935
ID8FE83E3,326833,326938
ID8FE83E3,333040,333076
ID8FE83E3,337527,337555
ID8FE83E3,337901,338053
ID8FE83E3,340142,340159
ID8FE83E3,340751,340767
ID8FE83E3,341418,341445
ID8FE83E3,341573,341730
ID8FE83E3,341885,341989
ID8FE83E3,342395,342485
ID8FE83E3,342900,342927
ID8FE83E3,344704,344727
ID8FE83E3,347046,347170
ID8FE83E3,348249,348290
ID8FE83E3,348789,348869
ID8FE83E3,349253,349315
ID8FE83E3,350230,350257
ID8FE83E3,350919,350961
ID8FE83E3,351239,351255
ID8FE83E3,352473,352625
ID8FE83E3,353912,353921
ID8FE83E3,354405,354428
ID8FE83E3,355518,355562
ID8FE83E3,356599,356608
ID8FE83E3,357869,357878
ID8FE83E3,358481,358490
ID8FE83E3,358782,358804
ID8FE83E3,359339,359348
ID8FE83E3,359784,359793
ID8FE83E3,359878,359924
ID8FE83E3,360079,360095
ID8FE83E3,360884,360960
ID8FE83E3,361064,361147
ID8FE83E3,361971,362103
ID8FE83E3,362607,362616
ID8FE83E3,363117,363304
ID8FE83E3,363994,364065
ID8FE83E3,371457,371596
ID8FE83E3,371770,371778
ID8FE83E3,371903,371965
ID8FE83E3,372052,372061
ID8FE83E3,372789,372961
ID8FE83E3,373249,373357
ID8FE83E3,373411,373437
ID8FE83E3,373474,373497
ID8FE83E3,373525,373555
ID8FE83E3,373580,373659
ID8FE83E3,374578,374600
ID8FE83E3,375238,375267
ID8FE83E3,375569,375704
ID8FE83E3,375780,375800
ID8FE83E3,375891,375920
ID8FE83E3,376031,376128
ID8FE83E3,376535,376544
ID8FE83E3,377149,377233
ID8FE83E3,377550,377570
ID8FE83E3,378043,378052
ID8FE83E3,378116,378125
ID8FE83E3,378267,378329
ID8FE83E3,378468,378611
ID8FE83E3,378797,378928
ID8FE83E3,379014,379132
ID8FE83E3,379249,379315
ID8FE83E3,379350,379383
ID8FE83E3,379414,379439
ID8FE83E3,379811,379844
ID8FE83E3,379935,379952
ID8FE83E3,380046,380062
ID8FE83E3,380336,380398
ID8FE83E3,380482,380590
ID8FE83E3,381061,381088
ID8FE83E3,381207,381235
ID8FE83E3,381341,381354
ID8FE83E3,381446,381484
ID8FE83E3,381690,381766
ID8FE83E3,382274,382304
ID8FE83E3,382846,382869
ID8FE83E3,383691,383740
ID8FE83E3,383872,383923
ID8FE83E3,384171,384180
ID8FE83E3,384473,384482
ID8FE83E3,384916,385036
ID8FE83E3,385153,385189
ID8FE83E3,385278,385313
ID8FE83E3,385438,385487
ID8FE83E3,385653,385690
ID8FE83E3,385792,385828
ID8FE83E3,385918,385945
ID8FE83E3,386114,386122
ID8FE83E3,387268,387307
ID8FE83E3,387840,387934
ID8FE83E3,388562,388669
ID8FE83E3,388758,388810
ID8FE83E3,388979,388997
ID8FE83E3,389106,389123
ID8FE83E3,389242,389307
ID8FE83E3,389490,389499
ID8FE83E3,389577,389699
ID8FE83E3,389978,390033
ID8FE83E3,390124,390161
ID8FE83E3,390207,390280
ID8FE83E3,390339,390367
ID8FE83E3,390421,390440
ID8FE83E3,390673,390859
ID8FE83E3,390947,390979
ID8FE83E3,391707,391731
ID8FE83E3,392430,392476
ID8FE83E3,392570,392579
ID8FE83E3,393332,393479
ID8FE83E3,394291,394355
ID8FE83E3,395172,395222
ID8FE83E3,397273,397310
ID8FE83E3,397443,397579
ID8FE83E3,397822,398097
ID8FE83E3,398264,398312
ID8FE83E3,398959,398978
ID8FE83E3,402426,402464
ID8FE83E3,404309,404329
ID8FE83E3,404521,404559
ID8FE83E3,406110,406312
ID8FE83E3,406709,406719
ID8FE83E3,407471,407502
ID8FE83E3,407913,407922
ID8FE83E3,408345,408524
ID8FE83E3,408563,408579
ID8FE83E3,409263,409292
ID8FE83E3,409677,409759
ID8FE83E3,409984,410020
ID8FE83E3,410308,410342
ID8FE83E3,410444,410454
ID8FE83E3,410726,410740
ID8FE83E3,410784,410963
ID8FE83E3,412458,412493
ID8FE83E3,412920,412967
ID8FE83E3,415703,415796
ID8FE83E3,415963,415990
ID8FE83E3,416570,416607
ID8FE83E3,418597,418606
ID8FE83E3,418759,418790
ID8FE83E3,418971,418980
ID8FE83E3,419285,419375
ID8FE83E3,419498,419518
ID8FE83E3,419949,419966
ID8FE83E3,420338,420378
ID8FE83E3,420589,420800
ID8FE83E3,421805,421839
ID8FE83E3,422430,422454
ID8FE83E3,422972,422990
ID8FE83E3,423924,423960
ID8FE83E3,424166,424211
ID8FE83E3,424966,424999
ID8FE83E3,426272,426309
ID8FE83E3,426443,426746
ID8FE83E3,427295,427644
ID8FE83E3,429815,429976
ID8FE83E3,430041,430087
ID8FE83E3,431005,431041
ID8FE83E3,431867,432003
ID8FE83E3,432622,432744
ID8FE83E3,433094,433238
ID8FE83E3,434294,434487
ID8FE83E3,436188,436197
ID8FE83E3,437336,437445
ID8FE83E3,438173,438192
ID8FE83E3,440080,440089
ID8FE83E3,440140,440176
ID8FE83E3,440202,440322
ID8FE83E3,442998,443007
ID8FE83E3,443167,443225
ID8FE83E3,444028,444037
ID8FE83E3,444192,444268
ID8FE83E3,444807,444827
ID8FE83E3,444928,445155
ID8FE83E3,446306,446345
ID8FE83E3,446663,446707
ID8FE83E3,447457,447493
ID8FE83E3,447909,447945
ID8FE83E3,447988,448059
ID8FE83E3,448147,448156
ID8FE83E3,449382,449829
ID8FE83E3,449944,449973
ID8FE83E3,451146,451157
ID8FE83E3,451651,451702
ID8FE83E3,451905,451914
ID8FE83E3,452901,452924
ID8FE83E3,453089,453125
ID8FE83E3,453961,453984
ID8FE83E3,455524,455546
ID8FE83E3,456694,456715
ID8FE83E3,456862,456899
ID8FE83E3,457223,457246
ID8FE83E3,457354,457390
ID8FE83E3,459740,459763
ID8FE83E3,459923,459946
ID8FE83E3,461128,461148
ID8FE83E3,461316,461452
ID8FE83E3,462484,462504
ID8FE83E3,463118,463147
ID8FE83E3,463242,463278
ID8FE83E3,463598,463607
ID8FE83E3,464892,464909
ID8FE83E3,466627,466663
ID8FE83E3,466761,466816
ID8FE83E3,467020,467029
ID8FE83E3,467192,467205
ID8FE83E3,467231,467321
ID8FE83E3,467766,467866
ID8FE83E3,469036,469183
ID8FE83E3,469629,469648
ID8FE83E3,471724,471739
ID8FE83E3,471852,471874
ID8FE83E3,471971,472002
ID8FE83E3,475402,475427
ID8FE83E3,475615,475716
ID8FE83E3,476321,476493
ID8FE83E3,477766,477891
ID8FE83E3,477978,477987
ID8FE83E3,478040,478049
ID8FE83E3,478158,478166
ID8FE83E3,478602,478654
ID8FE83E3,478814,478838
ID8FE83E3,478983,479031
ID8FE83E3,479242,479262
ID8FE83E3,479540,479565
ID8FE83E3,479823,479847
ID8FE83E3,480032,480045
ID8FE83E3,480153,480218
ID8FE83E3,480537,480556
ID8FE83E3,480710,480735
ID8FE83E3,481095,481190
ID8FE83E3,482495,482504
ID8FE83E3,482578,482627
ID8FE83E3,482832,482846
ID8FE83E3,483120,483136
ID8FE83E3,484140,484181
ID8FE83E3,484242,484255
ID8FE83E3,485316,485332
ID8FE83E3,488480,488588
ID8FE83E3,488781,489017
ID8FE83E3,489790,489817
ID8FE83E3,489905,489941
ID8FE83E3,490403,490420
ID8FE83E3,490527,490536
ID8FE83E3,490663,490701
ID8FE83E3,490932,491026
ID8FE83E3,492508,492580
ID8FE83E3,494577,494586
ID8FE83E3,494642,494672
ID8FE83E3,494930,494981
ID8FE83E3,502697,502819
ID8FE83E3,503002,503154
ID8FE83E3,503352,503372
ID8FE83E3,503506,503633
ID8FE83E3,503747,503830
ID8FE83E3,509307,509350
ID8FE83E3,510627,510672
ID8FE83E3,512754,512803
ID8FE83E3,514356,514422
ID8FE83E3,514456,514465
ID8FE83E3,514575,514638
ID8FE83E3,516438,516447
ID8FE83E3,516839,516879
ID8FE83E3,516937,517042
ID8FE83E3,518557,518566
ID8FE83E3,521706,521715
ID8FE83E3,522101,522110
ID8FE83E3,522210,522278
ID8FE83E3,522669,522697
ID8FE83E3,523884,523907
ID8FE83E3,524567,524576
ID8FE83E3,526827,526987
ID8FE83E3,527146,527198
ID8FE83E3,528597,528613
ID8FE83E3,529268,529276
ID8FE83E3,530093,530100
ID8FE83E3,530489,530498
ID8FE83E3,530591,530744
ID8FE83E3,531469,531478
ID8FE83E3,535401,535464
ID8FE83E3,536000,536009
ID8FE83E3,536354,536489
ID8FE83E3,537259,537347
ID8FE83E3,537785,537844
ID8FE83E3,538967,538976
ID8FE83E3,539762,539770
ID8FE83E3,540963,541021
ID8FE83E3,541268,541372
ID8FE83E3,542490,542579
ID8FE83E3,542961,542984
ID8FE83E3,546852,546918
ID8FE83E3,547065,547074
ID8FE83E3,547649,547738
ID8FE83E3,548024,548061
ID8FE83E3,548089,548212
ID8FE83E3,549406,549539
ID8FE83E3,552767,552800
ID8FE83E3,553437,553473
ID8FE83E3,556433,556442
ID8FE83E3,558048,558092
ID8FE83E3,563336,563400
ID8FE83E3,564506,564554
ID8FE83E3,566561,566587
ID8FE83E3,567181,567248
ID8FE83E3,570071,570125
ID8FE83E3,570308,570463
ID8FE83E3,571691,571700
ID8FE83E3,571898,571918
ID8FE83E3,571965,572127
ID8FE83E3,572353,572402
ID8FE83E3,573092,573100
ID8FE83E3,574014,574031
ID8FE83E3,577273,577309
ID8FE83E3,579024,579216
ID8FE83E3,581090,581210
ID8FE83E3,582734,582743
ID8FE83E3,582862,582921
ID8FE83E3,583752,583775
ID8FE83E3,584000,584072
ID8FE83E3,588373,588403
ID8FE83E3,588534,588674
ID8FE83E3,588870,589079
ID8FE83E3,591061,591094
ID8FE83E3,593411,593428
ID8FE83E3,594861,594888
ID8FE83E3,597470,597490
ID8FE83E3,597715,597790
ID8FE83E3,597882,598045
ID8FE83E3,599712,599740
ID8FE83E3,601595,601678
ID8FE83E3,603492,603508
ID8FE83E3,604863,605008
ID8FE83E3,606668,606677
ID8FE83E3,606874,606883
ID8FE83E3,609169,609178
ID8FE83E3,609236,609245
ID8FE83E3,609332,609400
ID8FE83E3,610937,610946
ID8FE83E3,610992,611129
ID8FE83E3,613053,613062
ID8FE83E3,613155,613164
ID8FE83E3,613194,613218
ID8FE83E3,614899,614908
ID8FE83E3,615060,615069
ID8FE83E3,615096,615105
ID8FE83E3,615135,615161
ID8FE83E3,615495,615640
ID8FE83E3,616554,616563
ID8FE83E3,616774,616783
ID8FE83E3,617285,617436
ID8FE83E3,620268,620291
ID8FE83E3,620416,620569
ID8FE83E3,622339,622466
ID8FE83E3,622596,622631
ID8FE83E3,622790,622820
ID8FE83E3,622947,622992
ID8FE83E3,623632,623667
ID8FE83E3,623811,623841
ID8FE83E3,624027,624054
ID8FE83E3,624157,624192
ID8FE83E3,624303,624333
ID8FE83E3,624490,624515
ID8FE83E3,624977,625012
ID8FE83E3,625413,625443
ID8FE83E3,628663,628712
ID8FE83E3,629279,629316
ID8FE83E3,629556,629580
ID8FE83E3,629684,629766
ID8FE83E3,630057,630066
ID8FE83E3,630364,630373
ID8FE83E3,630810,630911
ID8FE83E3,631031,631091
ID8FE83E3,631169,631214
ID8FE83E3,631706,631734
ID8FE83E3,632443,632467
ID8FE83E3,634576,634761
ID8FE83E3,646214,646245
ID8FE83E3,646460,646572
ID8FE83E3,646788,646909
ID8FE83E3,647106,647130
ID8FE83E3,648343,648433
ID8FE83E3,651006,651116
ID8FE83E3,652934,653031
ID8FE83E3,653056,653145
ID8FE83E3,653391,653406
ID8FE83E3,655110,655150
ID8FE83E3,656885,656918
ID8FE83E3,660392,660418
ID8FE83E3,660591,660628
ID8FE83E3,662711,662744
ID8FE83E3,663489,663542
ID8FE83E3,663966,663990
ID8FE83E3,666899,666908
ID8FE83E3,668251,668288
ID8FE83E3,668420,668571
ID8FE83E3,669094,669241
ID8FE83E3,669928,669936
ID8FE83E3,671012,671021
ID8FE83E3,671119,671128
ID8FE83E3,671568,671605
ID8FE83E3,671737,671868
ID8FE83E3,672157,672430
ID8FE83E3,673038,673047
ID8FE83E3,673387,673410
ID8FE83E3,673725,673740
ID8FE83E3,673941,674012
ID8FE83E3,675203,675227
ID8FE83E3,675729,675752
ID8FE83E3,676468,676491
ID8FE83E3,676944,676966
ID8FE83E3,677556,677593
ID8FE83E3,677721,677840
ID8FE83E3,678017,678152
ID8FE83E3,678449,678458
ID8FE83E3,678734,678882
ID8FE83E3,679247,679295
ID8FE83E3,679430,679457
ID8FE83E3,679635,679651
ID8FE83E3,679813,679832
ID8FE83E3,682362,682455
ID8FE83E3,682811,682921
ID8FE83E3,684329,684397
ID8FE83E3,684619,684666
ID8FE83E3,684810,684819
ID8FE83E3,685352,685361
ID8FE83E3,685639,685648
ID8FE83E3,686442,686669
ID8FE83E3,688060,688068
ID8FE83E3,688251,688358
ID8FE83E3,688469,688478
ID8FE83E3,688535,688638
ID8FE83E3,688849,688858
ID8FE83E3,689204,689271
ID8FE83E3,689477,689528
ID8FE83E3,690007,690016
ID8FE83E3,690162,690223
ID8FE83E3,690947,690962
ID8FE83E3,692371,692407
ID8FE83E3,698756,698809
ID8FE83E3,702132,702163
ID8FE83E3,703634,703736
ID8FE83E3,704339,704377
ID8FE83E3,705063,705177
ID8FE83E3,705366,705433
ID8FE83E3,706140,706163
ID8FE83E3,706609,706632
ID8FE83E3,707255,707347
ID8FE83E3,708213,708339
ID8FE83E3,711179,711217
ID8FE83E3,711507,711536
ID8FE83E3,713609,713645
ID8FE83E3,714190,714251
ID8FE83E3,715250,715411
ID8FE83E3,715651,715774
ID8FE83E3,720173,720199
ID8FE83E3,720878,720915
ID8FE83E3,721046,721126
ID8FE83E3,721161,721170
ID8FE83E3,721378,721394
ID8FE83E3,726698,726739
IDA8C4CE5,598,638
IDA8C4CE5,640,648
IDA8C4CE5,1400,1418
IDA8C4CE5,4588,4611
IDA8C4CE5,10788,10811
IDA8C4CE5,18795,18819
IDA8C4CE5,26701,26734
IDA8C4CE5,29677,29720
IDA8C4CE5,31933,31949
IDA8C4CE5,46289,46320
IDA8C4CE5,46843,46861
IDA8C4CE5,48442,48458
IDA8C4CE5,50427,50446
IDA8C4CE5,51032,51056
IDA8C4CE5,51395,51435
IDA8C4CE5,51856,51899
IDA8C4CE5,54013,54044
IDA8C4CE5,54378,54394
IDA8C4CE5,54941,54957
IDA8C4CE5,55728,55750
IDA8C4CE5,56177,56201
IDA8C4CE5,56581,56616
IDA8C4CE5,56848,56864
IDAB254F1,1136,1315
IDAB254F1,3326,3638
IDAB254F1,4260,4382
IDAB254F1,4664,4695
IDAB254F1,6333,6363
IDAB254F1,6409,6477
IDAB254F1,7055,7075
IDAB254F1,7718,8153
IDAB254F1,9675,9696
IDAB254F1,9910,9935
IDAB254F1,12571,12715
IDAB254F1,13118,13128
IDAB254F1,13458,13478
IDAB254F1,13913,13938
IDAB254F1,15152,15280
IDAB254F1,16344,16365
IDAB254F1,16893,16918
IDAB254F1,18513,18622
IDAB254F1,18777,18789
IDAB254F1,20420,20437
IDAB254F1,23453,23496
IDAB254F1,23721,23750
IDAB254F1,24460,24659
IDAB254F1,25837,25985
IDAB254F1,28139,28190
IDAB254F1,29364,29730
IDAB254F1,30341,30384
IDAB254F1,30513,30558
IDAB254F1,33725,33844
IDAB254F1,34043,34309
IDAB254F1,34839,34885
IDAB254F1,35314,35413
IDAB254F1,35912,35931
IDAB254F1,36394,36424
IDAB254F1,36886,36956
IDAB254F1,37735,37881
IDAB254F1,40108,40132
IDAB254F1,41655,41832
IDAB254F1,42965,43019
IDAB254F1,45366,45454
IDAB254F1,45675,45693
IDAB254F1,45924,45947
IDAB254F1,46543,46580
IDAB254F1,47163,47201
IDAB254F1,47566,47574
IDAB254F1,48034,48075
IDAB254F1,48605,48613
IDAB254F1,49438,49535
IDAB254F1,49883,49906
IDAB254F1,50960,51054
IDAB254F1,52793,53155
IDAB254F1,53352,53392
IDAB254F1,53878,53982
IDAB254F1,54117,54227
IDAB254F1,54741,54766
IDAB254F1,55082,55108
IDAB254F1,56072,56166
IDAB254F1,56358,56391
IDAB254F1,56635,56680
IDAB254F1,56981,57093
IDAB254F1,57519,57721
IDAB254F1,57960,58009
IDAB254F1,58287,58678
IDAB254F1,58885,58931
IDAB254F1,59115,59161
IDAB254F1,59618,59668
IDAB254F1,60012,60252
IDAB254F1,60490,60526
IDAB254F1,60801,60844
IDAB254F1,61026,61064
IDAB254F1,61322,61361
IDAB254F1,61646,61834
IDAB254F1,62414,62453
IDAB254F1,62775,62839
IDAB254F1,63634,63657
IDAB254F1,64107,64221
IDAB254F1,64824,65065
IDAB254F1,65231,65267
IDAB254F1,65692,65919
IDAB254F1,66214,66253
IDAB254F1,66999,67037
IDAB254F1,68384,68505
IDAB254F1,68759,68809
IDAB254F1,68886,68906
IDAB254F1,69085,69105
IDAB254F1,69201,69386
IDAB254F1,69516,69727
IDAB254F1,70249,70369
IDAB254F1,70498,70529
IDAB254F1,70687,70932
IDAB254F1,71166,71179
IDAB254F1,71468,71492
IDAB254F1,71850,71914
IDAB254F1,72089,72109
IDAB254F1,72268,72292
IDAB254F1,72695,72751
IDAB254F1,72928,72948
IDAB254F1,73154,73178
IDAB254F1,73579,73632
IDAB254F1,74099,74119
IDAB254F1,74342,74366
IDAB254F1,74732,74775
IDAB254F1,74929,74942
IDAB254F1,75260,75284
IDAB254F1,75713,75759
IDAB254F1,75991,76004
IDAB254F1,76268,76292
IDAB254F1,77071,77084
IDAB254F1,77343,77367
IDAB254F1,77771,77818
IDAB254F1,78032,78045
IDAB254F1,78317,78341
IDAB254F1,79139,79152
IDAB254F1,80379,80672
IDAB254F1,81585,81613
IDAB254F1,82051,82155
IDAB254F1,84311,84331
IDAB254F1,84566,84662
IDAB254F1,85017,85040
IDAB254F1,86216,86325
IDAB254F1,86485,86537
IDAB254F1,88040,88247
IDAB254F1,88767,88802
IDAB254F1,89299,89337
IDAB254F1,92780,92915
IDAB254F1,93017,93032
IDAB254F1,93320,93352
IDAB254F1,93780,93800
IDAB254F1,94531,94606
IDAB254F1,95022,95132
IDAB254F1,96584,96619
IDAB254F1,97241,97337
IDAB254F1,97884,98028
IDAB254F1,98766,98810
IDAB254F1,99209,99231
IDAB254F1,99719,99982
IDAB254F1,100418,100459
IDAB254F1,100714,100757
IDAB254F1,101128,101264
IDAB254F1,101947,101983
IDAB254F1,103405,103547
IDAB254F1,103736,103753
IDAB254F1,104688,104802
IDAB254F1,105454,105573
IDAB254F1,106442,106532
IDAB254F1,107537,107617
IDAB254F1,107940,108074
IDAB254F1,108273,108470
IDAB254F1,109052,109188
IDAB254F1,109352,109390
IDAB254F1,110044,110068
IDAB254F1,110308,110332
IDAB254F1,111120,111254
IDAB254F1,112025,112045
IDAB254F1,112520,112543
IDAB254F1,112850,112980
IDAB254F1,113390,113511
IDAB254F1,113634,113669
IDAB254F1,114687,114826
IDAB254F1,115431,115462
IDAB254F1,115689,115716
IDAB254F1,116544,116655
IDAB254F1,117745,117774
IDAB254F1,119134,119267
IDAB254F1,119523,119564
IDAB254F1,119695,119783
IDAB254F1,120424,120644
IDAB254F1,122247,122420
IDAB254F1,122586,122622
IDAB254F1,122777,122814
IDAB254F1,122920,122940
IDAB254F1,123319,123398
IDAB254F1,123671,123803
IDAB254F1,124502,124535
IDAB254F1,124755,124775
IDAB254F1,125265,125435
IDAB254F1,125722,125746
IDAB254F1,126084,126223
IDAB254F1,126549,126866
IDAB254F1,127534,127567
IDAB254F1,128322,128491
IDAB254F1,129047,129072
IDAB254F1,129628,129660
IDAB254F1,130016,130150
IDAB254F1,130370,130395
IDAB254F1,130692,130717
IDAB254F1,130811,130835
IDAB254F1,131099,131120
IDAB254F1,131962,131993
IDAB254F1,132449,132564
IDAB254F1,135573,135604
IDAB254F1,135852,135875
IDAB254F1,136112,136211
IDAB254F1,136480,136806
IDAB254F1,137552,137641
IDAB254F1,137863,137883
IDAB254F1,138264,138294
IDAB254F1,138831,138860
IDAB254F1,139085,139245
IDAB254F1,139451,139483
IDAB254F1,140044,140242
IDAB254F1,140509,140533
IDAB254F1,141132,141319
IDAB254F1,141441,141466
IDAB254F1,141797,141919
IDAB254F1,142363,142381
IDAB254F1,143048,143146
IDAB254F1,143260,143294
IDAB254F1,144123,144142
IDAB254F1,144489,144576
IDAB254F1,144998,145682
IDAB254F1,146043,146071
IDAB254F1,146415,146442
IDAB254F1,146597,146629
IDAB254F1,146817,146981
IDAB254F1,147422,147449
IDAB254F1,147702,147732
IDAB254F1,147916,147941
IDAB254F1,148264,148440
IDAB254F1,148991,149015
IDAB254F1,149329,149486
IDAB254F1,149749,149787
IDAB254F1,149957,150002
IDAB254F1,150408,150744
IDAB254F1,151389,151410
IDAB254F1,151602,151627
IDAB254F1,151852,151878
IDAB254F1,152418,152525
IDAB254F1,153153,153329
IDAB254F1,153977,154011
IDAB254F1,154259,154301
IDAB254F1,154966,154995
IDAB254F1,155597,155852
IDAB254F1,156112,156128
IDAB254F1,156785,156834
IDAB254F1,157259,157426
IDAB254F1,158246,158255
IDAB254F1,158413,158442
IDAB254F1,158898,159042
IDAB254F1,159598,159633
IDAB254F1,160089,160126
IDAB254F1,160492,160748
IDAB254F1,161094,161131
IDAB254F1,161639,161675
IDAB254F1,161924,161958
IDAB254F1,162411,162574
IDAB254F1,163270,163307
IDAB254F1,163456,163504
IDAB254F1,163834,163850
IDAB254F1,164392,164421
IDAB254F1,165452,165595
IDAB254F1,165946,165979
IDAB254F1,166211,166242
IDAB254F1,166578,166619
IDAB254F1,167092,167130
IDAB254F1,167558,167600
IDAB254F1,168019,168145
IDAB254F1,168456,168493
IDAB254F1,168872,168966
IDAB254F1,169138,169248
IDAB254F1,169514,169622
IDAB254F1,169802,169822
IDAB254F1,170254,170274
IDAB254F1,170519,170727
IDAB254F1,171035,171077
IDAB254F1,172045,172070
IDAB254F1,172254,172414
IDAB254F1,172903,172953
IDAB254F1,173212,173319
IDAB254F1,173388,173409
IDAB254F1,173635,173655
IDAB254F1,175639,175809
IDAB254F1,176123,176225
IDAB254F1,176504,176722
IDAB254F1,177107,177162
IDAB254F1,177528,177582
IDAB254F1,178027,178049
IDAB254F1,178520,178706
IDAB254F1,179103,179279
IDAB254F1,179827,180001
IDAB254F1,180406,180450
IDAB254F1,180917,181049
IDAB254F1,181340,181382
IDAB254F1,181726,182196
IDAB254F1,182872,182899
IDAB254F1,183575,183602
IDAB254F1,183947,183984
IDAB254F1,184260,184534
IDAB254F1,184988,185024
IDAB254F1,185431,185464
IDAB254F1,186054,186160
IDAB254F1,186555,186579
IDAB254F1,186968,187009
IDAB254F1,187543,187575
IDAB254F1,188375,188411
IDACD7FC0,296,593
IDACD7FC0,660,680
IDACD7FC0,871,891
IDACD7FC0,924,987
IDACD7FC0,1184,1215
IDACD7FC0,1217,1294
IDACD7FC0,1517,1582
IDACD7FC0,1703,1754
IDACD7FC0,1842,1932
IDACD7FC0,2049,2145
IDACD7FC0,2272,2347
IDACD7FC0,2430,2541
IDACD7FC0,2634,2785
IDACD7FC0,3016,3100
IDACD7FC0,3197,3275
IDACD7FC0,3412,3503
IDACD7FC0,3658,3721
IDACD7FC0,3791,3879
IDACD7FC0,4013,4076
IDACD7FC0,4152,4228
IDACD7FC0,4334,4434
IDACD7FC0,5137,5216
IDACD7FC0,5681,5825
IDACD7FC0,6111,6234
IDACD7FC0,6421,6522
IDACD7FC0,6903,7030
IDACD7FC0,7257,7364
IDACD7FC0,7525,7596
IDACD7FC0,7700,7827
IDACD7FC0,10037,10100
IDACD7FC0,10500,10600
IDACD7FC0,11696,11759
IDACD7FC0,11787,11806
IDAD44BA2,453,636
IDAD44BA2,929,956
IDAD44BA2,1131,1161
IDAD44BA2,1423,1787
IDAD44BA2,2243,2276
IDAD44BA2,2804,2843
IDAD44BA2,3324,3517
IDAD44BA2,3921,3960
IDAD44BA2,4625,4672
IDAD44BA2,5334,5372
IDAD44BA2,5742,5829
IDAD44BA2,6461,6477
IDAD44BA2,6761,6846
IDAD44BA2,7011,7245
IDAD44BA2,7303,7337
IDAD44BA2,7648,7680
IDAD44BA2,7842,7879
IDAD44BA2,8325,8629
IDAD44BA2,9065,9090
IDAD44BA2,9656,9698
IDAD44BA2,10093,10205
IDAD44BA2,10420,10466
IDAD44BA2,11865,11927
IDAD44BA2,12174,12208
IDAD44BA2,12705,12768
IDAD44BA2,12938,12972
IDAD44BA2,13258,13321
IDAD44BA2,13573,13607
IDB6093E9,13083,13319
IDB6093E9,14975,15023
IDB6093E9,16023,16044
IDB6093E9,16997,17017
IDB6093E9,19075,19141
IDB6093E9,21443,21733
IDB6093E9,22460,22503
IDB6093E9,24389,24462
IDB6093E9,24676,24694
IDB6093E9,25426,25442
IDB6093E9,26565,26581
IDB6093E9,26916,27190
IDB6093E9,28605,28643
IDB6093E9,29729,29763
IDB6093E9,30693,30729
IDB6093E9,31502,31537
IDB6093E9,32273,32309
IDB6093E9,32910,32963
IDB6093E9,33510,33554
IDB6093E9,33814,33865
IDB6093E9,35183,35213
IDB6093E9,35995,36167
IDB6093E9,37340,37387
IDB6093E9,38278,38333
IDB6093E9,39309,39349
IDB6093E9,40189,40220
IDB6093E9,41921,42028
IDB6093E9,43681,43702
IDB6093E9,44385,44406
IDB6093E9,46614,46792
IDB6093E9,47250,47290
IDB6093E9,48070,48114
IDB6093E9,52645,52699
IDB6093E9,57228,57258
IDB6093E9,57355,57383
IDB6093E9,57568,57599
IDB6093E9,58104,58218
IDB6093E9,59977,60001
IDB6093E9,60239,60586
IDB6093E9,60895,60923
IDB6093E9,61006,61041
IDB6093E9,72710,72982
IDB6093E9,75416,75477
IDB6093E9,79691,79707
IDB6093E9,79766,79830
IDB6093E9,81754,81787
IDB6093E9,87131,87157
IDB6093E9,87759,87790
IDB6093E9,92312,92337
IDB6093E9,93284,93308
IDB6093E9,95034,95061
IDB6093E9,98151,98203
IDB6093E9,100720,100747
IDB6093E9,102043,102069
IDB6093E9,103995,104026
IDB6093E9,104225,104247
IDB6093E9,104572,104604
IDB6093E9,105220,105324
IDB6093E9,106268,106316
IDB6093E9,180709,180742
IDB6093E9,181976,182178
IDB6093E9,182683,182700
IDB6093E9,182838,182875
IDB6093E9,184250,184296
IDB6093E9,184821,184842
IDB6093E9,185426,185452
IDB6093E9,186397,186415
IDB6093E9,188756,188787
IDB6093E9,190580,190631
IDB6093E9,192847,192912
IDB6093E9,195648,195678
IDB6093E9,200148,200170
IDB6093E9,207068,207099
IDB6093E9,247154,247576
IDB6093E9,250271,250377
IDB6093E9,251256,251281
IDB6093E9,252447,252484
IDB6093E9,257701,257770
IDB6093E9,259750,259841
IDB6093E9,260109,260137
IDB6093E9,261093,261134
IDB6093E9,262415,262710
IDB6093E9,265543,265565
IDB6093E9,265767,265887
IDB6093E9,269123,269148
IDB6093E9,269490,269523
IDB6093E9,270831,270929
IDB6093E9,271669,271772
IDB6093E9,271901,271922
IDB6093E9,272169,272209
IDB6093E9,273924,274086
IDB6093E9,277807,277839
IDB6093E9,278423,278450
IDB6093E9,280352,280375
IDB6093E9,287113,287196
IDB6093E9,289095,289529
IDB6093E9,290201,290257
IDB6093E9,292157,292204
IDB6093E9,292498,292529
IDB6093E9,294709,294742
IDB6093E9,295761,295809
IDB6093E9,300197,300376
IDB6093E9,300922,300971
IDB6093E9,301103,301317
IDB6093E9,302899,302947
IDB6093E9,304436,304485
IDB6093E9,305463,305667
IDB6093E9,307114,307150
IDB6093E9,307889,307945
IDB6093E9,309876,309894
IDB6093E9,310443,310592
IDB6093E9,310647,310814
IDB6093E9,311785,311802
IDB6093E9,312193,312211
IDB6093E9,312575,312749
IDB6093E9,313218,313255
IDB6093E9,314866,314972
IDB6093E9,316213,316241
IDB6093E9,317264,317348
IDB6093E9,317976,318008
IDB6093E9,318453,318478
IDB6093E9,318909,318933
IDB6093E9,324450,324590
IDB6093E9,325368,325393
IDB6093E9,326484,326528
IDB6093E9,330555,330958
IDB6093E9,331876,331914
IDB6093E9,335117,335165
IDB6093E9,338256,338375
IDB6093E9,342713,342988
IDB6093E9,344138,344176
IDB6093E9,344561,344614
IDB6093E9,345558,345607
IDB6093E9,347377,347401
IDB6093E9,349448,349513
IDB6093E9,349911,349929
IDB6093E9,350420,350442
IDB6093E9,350643,350709
IDB6093E9,351005,351086
IDB6093E9,351558,351586
IDB6093E9,352546,352638
IDB6093E9,353367,353459
IDB6093E9,354144,354189
IDB6093E9,354889,354943
IDB6093E9,355344,355377
IDB6093E9,356097,356136
IDB6093E9,356875,357127
IDB6093E9,357961,358013
IDB6093E9,358366,358430
IDB6093E9,359847,359870
IDB6093E9,361844,361880
IDB6093E9,362058,362094
IDB6093E9,362278,362314
IDB6093E9,362591,362616
IDBFF9DE3,278,295
IDBFF9DE3,297,357
IDBFF9DE3,359,415
IDBFF9DE3,417,443
IDBFF9DE3,444,467
IDBFF9DE3,469,498
IDBFF9DE3,500,524
IDBFF9DE3,526,567
IDBFF9DE3,569,593
IDBFF9DE3,595,626
IDBFF9DE3,628,663
IDBFF9DE3,665,706
IDBFF9DE3,708,747
IDBFF9DE3,749,772
IDBFF9DE3,774,795
IDBFF9DE3,797,817
IDBFF9DE3,819,839
IDBFF9DE3,841,862
IDBFF9DE3,864,899
IDBFF9DE3,901,921
IDBFF9DE3,923,945
IDBFF9DE3,947,978
IDBFF9DE3,980,1014
IDBFF9DE3,1016,1045
IDBFF9DE3,1047,1079
IDBFF9DE3,1081,1101
IDBFF9DE3,1103,1147
IDBFF9DE3,1149,1178
IDBFF9DE3,1180,1210
IDBFF9DE3,1212,1226
IDBFF9DE3,1228,1255
IDBFF9DE3,1257,1279
IDBFF9DE3,1281,1306
IDBFF9DE3,1308,1328
IDBFF9DE3,1330,1344
IDBFF9DE3,1346,1371
IDBFF9DE3,1373,1399
IDBFF9DE3,1401,1430
IDBFF9DE3,1432,1469
IDBFF9DE3,1471,1493
IDBFF9DE3,1495,1529
IDBFF9DE3,1531,1583
IDBFF9DE3,1584,1619
IDBFF9DE3,1621,1658
IDBFF9DE3,1660,1687
IDBFF9DE3,1689,1711
IDBFF9DE3,1713,1743
IDBFF9DE3,1745,1780
IDBFF9DE3,1782,1854
IDBFF9DE3,1856,1890
IDBFF9DE3,1892,1927
IDBFF9DE3,1929,1953
IDBFF9DE3,1955,1972
IDBFF9DE3,1974,1996
IDBFF9DE3,1998,2019
IDBFF9DE3,2021,2070
IDBFF9DE3,2071,2101
IDBFF9DE3,2103,2122
IDBFF9DE3,2124,2157
IDBFF9DE3,2159,2177
IDBFF9DE3,2179,2199
IDBFF9DE3,2201,2215
IDBFF9DE3,2217,2237
IDBFF9DE3,2238,2253
IDBFF9DE3,2254,2272
IDBFF9DE3,2273,2295
IDBFF9DE3,2296,2314
IDBFF9DE3,2315,2340
IDBFF9DE3,2341,2361
IDBFF9DE3,2362,2377
IDBFF9DE3,2379,2423
IDBFF9DE3,2425,2461
IDBFF9DE3,2463,2477
IDBFF9DE3,2479,2506
IDBFF9DE3,2508,2535
IDBFF9DE3,2537,2562
IDBFF9DE3,2564,2615
IDBFF9DE3,2617,2645
IDBFF9DE3,2647,2699
IDBFF9DE3,2701,2737
IDBFF9DE3,2739,2776
IDBFF9DE3,2778,2835
IDBFF9DE3,2837,2865
IDBFF9DE3,2867,2876
IDBFF9DE3,2878,2889
IDBFF9DE3,2891,2902
IDBFF9DE3,2904,2962
IDBFF9DE3,2964,2982
IDBFF9DE3,2984,3010
IDBFF9DE3,3012,3033
IDBFF9DE3,3035,3052
IDBFF9DE3,3054,3088
IDBFF9DE3,3090,3121
IDBFF9DE3,3123,3150
IDBFF9DE3,3152,3180
IDBFF9DE3,3182,3238
IDBFF9DE3,3240,3256
IDBFF9DE3,3258,3272
IDBFF9DE3,3274,3290
IDBFF9DE3,3292,3307
IDBFF9DE3,3309,3324
IDBFF9DE3,3326,3341
IDBFF9DE3,3343,3375
IDBFF9DE3,3376,3414
IDBFF9DE3,3416,3444
IDBFF9DE3,3446,3466
IDBFF9DE3,3468,3484
IDBFF9DE3,3486,3508
IDBFF9DE3,3510,3536
IDBFF9DE3,3538,3568
IDBFF9DE3,3570,3618
IDBFF9DE3,3620,3653
IDBFF9DE3,3655,3684
IDBFF9DE3,3686,3720
IDBFF9DE3,3722,3753
IDBFF9DE3,3755,3800
IDBFF9DE3,3802,3846
IDBFF9DE3,3848,3875
IDBFF9DE3,3877,3907
IDBFF9DE3,3909,3949
IDBFF9DE3,3951,3984
IDBFF9DE3,3986,4013
IDBFF9DE3,4015,4027
IDBFF9DE3,4029,4049
IDBFF9DE3,4051,4073
IDBFF9DE3,4075,4091
IDBFF9DE3,4093,4121
IDBFF9DE3,4123,4139
IDBFF9DE3,4141,4159
IDBFF9DE3,4161,4178
IDBFF9DE3,4180,4192
IDBFF9DE3,4194,4206
IDBFF9DE3,4208,4227
IDBFF9DE3,4229,4248
IDBFF9DE3,4250,4268
IDBFF9DE3,4270,4288
IDBFF9DE3,4290,4330
IDBFF9DE3,4332,4345
IDBFF9DE3,4347,4366
IDBFF9DE3,4368,4405
IDBFF9DE3,4407,4439
IDBFF9DE3,4441,4468
IDBFF9DE3,4470,4509
IDBFF9DE3,4511,4526
IDBFF9DE3,4528,4539
IDBFF9DE3,4541,4558
IDBFF9DE3,4560,4590
IDBFF9DE3,4592,4622
IDBFF9DE3,4624,4655
IDBFF9DE3,4657,4704
IDBFF9DE3,4706,4739
IDBFF9DE3,4741,4778
IDBFF9DE3,4780,4827
IDBFF9DE3,4829,4861
IDBFF9DE3,4863,4900
IDBFF9DE3,4902,4940
IDBFF9DE3,4942,4970
IDBFF9DE3,4972,5010
IDBFF9DE3,5012,5037
IDBFF9DE3,5039,5073
IDBFF9DE3,5075,5087
IDBFF9DE3,5089,5101
IDBFF9DE3,5103,5129
IDBFF9DE3,5131,5155
IDBFF9DE3,5157,5206
IDBFF9DE3,5208,5258
IDBFF9DE3,5260,5284
IDBFF9DE3,5286,5307
IDBFF9DE3,5309,5334
IDBFF9DE3,5336,5357
IDBFF9DE3,5359,5379
IDBFF9DE3,5381,5419
IDBFF9DE3,5421,5460
IDBFF9DE3,5462,5481
IDBFF9DE3,5483,5502
IDBFF9DE3,5504,5523
IDBFF9DE3,5525,5553
IDBFF9DE3,5555,5580
IDBFF9DE3,5582,5607
IDBFF9DE3,5609,5626
IDBFF9DE3,5627,5645
IDBFF9DE3,23781,24127
IDBFF9DE3,25536,25567
IDBFF9DE3,26215,26252
IDBFF9DE3,26711,26739
IDBFF9DE3,29195,29421
IDBFF9DE3,29423,29454
IDBFF9DE3,30349,30578
IDBFF9DE3,30580,30628
IDBFF9DE3,31839,32120
IDBFF9DE3,32122,32150
IDBFF9DE3,32930,32956
IDBFF9DE3,33873,33899
IDBFF9DE3,34561,34586
IDBFF9DE3,35853,35892
IDBFF9DE3,37296,37322
IDBFF9DE3,38295,38541
IDBFF9DE3,38543,38581
IDBFF9DE3,43882,43913
IDBFF9DE3,47505,47540
IDBFF9DE3,53432,53469
IDBFF9DE3,53713,53737
IDBFF9DE3,53974,54000
IDBFF9DE3,55591,55664
IDBFF9DE3,56120,56194
IDBFF9DE3,58929,58975
IDBFF9DE3,60377,60400
IDBFF9DE3,63115,63152
IDBFF9DE3,65783,65982
IDBFF9DE3,65984,66012
IDBFF9DE3,66902,66921
IDBFF9DE3,69587,69613
IDBFF9DE3,70009,70142
IDBFF9DE3,70144,70176
IDBFF9DE3,71281,71295
IDBFF9DE3,72054,72069
IDBFF9DE3,75038,75075
IDBFF9DE3,75684,75735
IDBFF9DE3,76038,76067
IDBFF9DE3,77269,77543
IDBFF9DE3,77545,77553
IDBFF9DE3,78345,78545
IDBFF9DE3,78547,78555
IDBFF9DE3,80654,80681
IDBFF9DE3,82384,82519
IDBFF9DE3,82521,82529
IDBFF9DE3,83090,83124
IDBFF9DE3,84568,84585
IDBFF9DE3,87435,87454
IDBFF9DE3,90563,90582
IDBFF9DE3,92729,92758
IDBFF9DE3,96700,96807
IDBFF9DE3,96809,96817
IDBFF9DE3,100558,100591
IDBFF9DE3,110073,110316
IDBFF9DE3,110318,110326
IDBFF9DE3,117626,117737
IDBFF9DE3,117739,117747
IDBFF9DE3,118547,118598
IDBFF9DE3,119330,119548
IDBFF9DE3,119550,119558
IDBFF9DE3,120341,120387
IDBFF9DE3,122418,122459
IDBFF9DE3,123618,123654
IDBFF9DE3,126655,126752
IDBFF9DE3,135667,135711
IDBFF9DE3,136563,136806
IDBFF9DE3,136808,136816
IDBFF9DE3,137143,137183
IDBFF9DE3,142978,143125
IDBFF9DE3,143127,143135
IDBFF9DE3,143567,143588
IDBFF9DE3,144272,144324
IDBFF9DE3,145146,145201
IDBFF9DE3,146805,146829
IDBFF9DE3,155028,155082
IDBFF9DE3,157529,157556
IDBFF9DE3,159969,160250
IDBFF9DE3,160834,160868
IDBFF9DE3,165426,165515
IDBFF9DE3,166649,166675
IDBFF9DE3,167261,167411
IDBFF9DE3,167413,167421
IDBFF9DE3,173874,173895
IDBFF9DE3,175513,175542
IDBFF9DE3,177072,177104
IDBFF9DE3,182218,182240
IDBFF9DE3,183709,183740
IDBFF9DE3,184274,184299
IDBFF9DE3,187651,187752
IDBFF9DE3,187754,187762
IDBFF9DE3,190465,190507
IDBFF9DE3,193400,193456
IDBFF9DE3,193874,193896
IDBFF9DE3,194044,194071
IDBFF9DE3,194264,194292
IDBFF9DE3,194671,194698
IDBFF9DE3,201358,201415
IDBFF9DE3,207835,207876
IDBFF9DE3,208067,208172
IDBFF9DE3,208174,208182
IDBFF9DE3,208700,208745
IDBFF9DE3,209304,209343
IDBFF9DE3,211105,211171
IDBFF9DE3,213328,213388
IDBFF9DE3,214976,215002
IDBFF9DE3,216009,216155
IDBFF9DE3,218571,218598
IDBFF9DE3,219679,219744
IDBFF9DE3,220475,220509
IDBFF9DE3,222538,222791
IDBFF9DE3,222793,222801
IDBFF9DE3,225126,225160
IDBFF9DE3,225912,226069
IDBFF9DE3,226071,226079
IDBFF9DE3,226786,226806
IDBFF9DE3,227683,227698
IDBFF9DE3,228243,228262
IDBFF9DE3,228494,228515
IDBFF9DE3,229511,229557
IDBFF9DE3,232650,232693
IDBFF9DE3,233304,233515
IDBFF9DE3,233517,233525
IDBFF9DE3,233832,233862
IDBFF9DE3,235243,235269
IDBFF9DE3,235645,235693
IDBFF9DE3,236176,236203
IDBFF9DE3,236383,236425
IDBFF9DE3,236774,236797
IDBFF9DE3,237236,237253
IDBFF9DE3,237377,237409
IDBFF9DE3,237926,237952
IDBFF9DE3,240655,240832
IDBFF9DE3,240834,240842
IDBFF9DE3,243239,243271
IDBFF9DE3,244937,244965
IDBFF9DE3,245347,245370
IDBFF9DE3,246233,246260
IDBFF9DE3,248395,248425
IDBFF9DE3,248935,248968
IDBFF9DE3,251508,251552
IDBFF9DE3,251964,251998
IDBFF9DE3,253482,253527
IDBFF9DE3,255330,255370
IDBFF9DE3,256224,256260
IDBFF9DE3,256887,257001
IDBFF9DE3,257254,257270
IDBFF9DE3,257537,257554
IDBFF9DE3,258274,258290
IDBFF9DE3,259811,259827
IDBFF9DE3,260699,260713
IDBFF9DE3,261991,262189
IDBFF9DE3,262191,262199
IDBFF9DE3,262628,262665
IDBFF9DE3,264043,264074
IDBFF9DE3,265271,265316
IDBFF9DE3,266101,266134
IDBFF9DE3,266232,266338
IDBFF9DE3,266340,266348
IDBFF9DE3,267093,267119
IDBFF9DE3,267281,267531
IDBFF9DE3,267533,267541
IDBFF9DE3,267819,267841
IDBFF9DE3,268436,268468
IDBFF9DE3,269765,269782
IDBFF9DE3,271423,271442
IDBFF9DE3,272599,272618
IDBFF9DE3,272757,272774
IDBFF9DE3,274963,274996
IDBFF9DE3,275314,275336
IDBFF9DE3,275443,275551
IDBFF9DE3,275553,275561
IDBFF9DE3,277207,277339
IDBFF9DE3,277341,277349
IDBFF9DE3,278046,278066
IDBFF9DE3,279384,279406
IDBFF9DE3,281754,281769
IDBFF9DE3,283179,283197
IDBFF9DE3,284355,284373
IDBFF9DE3,285361,285385
IDBFF9DE3,287964,287987
IDBFF9DE3,289869,289893
IDBFF9DE3,290475,290498
IDBFF9DE3,292837,292884
IDBFF9DE3,293132,293256
IDBFF9DE3,293258,293266
IDBFF9DE3,293601,293628
IDBFF9DE3,294121,294140
IDBFF9DE3,294939,294961
IDBFF9DE3,295784,295826
IDBFF9DE3,295989,296009
IDBFF9DE3,296024,296050
IDBFF9DE3,296235,296263
IDBFF9DE3,296794,296836
IDBFF9DE3,297579,297612
IDBFF9DE3,299567,299611
IDBFF9DE3,302132,302260
IDBFF9DE3,302262,302270
IDBFF9DE3,313458,313492
IDBFF9DE3,314523,314546
IDBFF9DE3,315827,315927
IDBFF9DE3,315929,315937
IDBFF9DE3,316265,316557
IDBFF9DE3,316559,316567
IDBFF9DE3,318004,318012
IDBFF9DE3,318334,318372
IDBFF9DE3,323175,323221
IDBFF9DE3,323491,323535
IDBFF9DE3,323645,323686
IDBFF9DE3,323823,323860
IDBFF9DE3,323915,324110
IDBFF9DE3,324112,324120
IDBFF9DE3,324196,324213
IDBFF9DE3,324290,324306
IDBFF9DE3,324532,324553
IDBFF9DE3,325804,325837
IDBFF9DE3,330176,330217
IDBFF9DE3,332006,332028
IDBFF9DE3,332632,332687
IDBFF9DE3,332988,333160
IDBFF9DE3,334418,334464
IDBFF9DE3,335257,335291
IDBFF9DE3,346326,346365
IDBFF9DE3,359218,359386
IDBFF9DE3,359388,359396
IDBFF9DE3,360195,360288
IDBFF9DE3,360290,360298
IDBFF9DE3,361728,361745
IDBFF9DE3,368774,368798
IDBFF9DE3,373823,373856
IDBFF9DE3,374318,374393
IDBFF9DE3,375711,375734
IDBFF9DE3,375908,375983
IDBFF9DE3,379998,380163
IDBFF9DE3,383162,383279
IDBFF9DE3,383281,383289
IDBFF9DE3,384735,384860
IDBFF9DE3,384862,384870
IDBFF9DE3,385535,385552
IDBFF9DE3,386626,386651
IDBFF9DE3,389912,389957
IDDA7F69E,507578,507639
IDDA7F69E,510597,510652
IDDA7F69E,513606,513650
IDDA7F69E,530188,530374
IDDA7F69E,530990,531016
IDDB46142,308,621
IDDB46142,701,786
IDDB46142,957,1045
IDDB46142,1132,1222
IDDB46142,1297,1424
IDDB46142,1585,1686
IDDB46142,1964,2056
IDDB46142,2393,2450
IDDB46142,2719,2781
IDDB46142,2871,2972
IDDB46142,3050,3166
IDDB46142,3325,3350
IDDB46142,3548,3606
IDDB46142,3679,3725
IDDB46142,3782,3807
IE0AB7438,12665,12873
IE0AB7438,14986,15007
IE0AB7438,16195,16370
IE0AB7438,20161,20193
IE0AB7438,21807,21842
IE0AB7438,23561,23578
IE0AB7438,23843,23976
IE0AB7438,27994,28121
IE0AB7438,35010,35040
IE0AB7438,35966,35989
IE0AB7438,36690,36713
IE0AB7438,37818,37917
IE0AB7438,40612,40634
IE0AB7438,43085,43404
IE0AB7438,48008,48042
IE0AB7438,49127,49294
IE0AB7438,50270,50306
IE0AB7438,51046,51096
IE0AB7438,51304,51443
IE0AB7438,54950,54981
IE0AB7438,57375,57410
IE0AB7438,58749,58778
IE0AB7438,59412,59647
IE0AB7438,59649,62352
IE0AB7438,63446,63482
IE0AB7438,69062,69086
IE0AB7438,73639,73661
IE0AB7438,76976,77008
IE0AB7438,79411,79443
IE0AB7438,83537,83565
IE0AB7438,90184,90422
IE0AB7438,91101,91143
IE0AB7438,91666,91697
IE0AB7438,92383,92418
IE0AB7438,93381,93495
IE0AB7438,98060,98084
IE0AB7438,100321,100424
IE0AB7438,104781,104797
IE0AB7438,105493,105687
IE0AB7438,106667,106701
IE0AB7438,107364,107400
IE0AB7438,108187,108221
IE0AB7438,109039,109078
IE0AB7438,114293,114564
IE0AB7438,114792,114826
IE0AB7438,116568,116600
IE0AB7438,117561,117598
IE0AB7438,117850,117877
IE0AB7438,121694,121944
IE0AB7438,122628,122665
IE0AB7438,124160,124197
IE0AB7438,124736,124762
IE0AB7438,127378,127609
IE0AB7438,131497,131531
IE0AB7438,131794,131828
IE0AB7438,134829,134932
IE0AB7438,141310,141339
IE0AB7438,145098,145132
IE0AB7438,147736,147775
IE0AB7438,150210,150240
IE0AB7438,151794,151825
IE0AB7438,153200,153231
IE0AB7438,155405,155449
IE0AB7438,167463,167692
IE0AB7438,172027,172042
IE0AB7438,172985,173000
IE0AB7438,174593,174601
IE0AB7438,174998,175013
IE0AB7438,175762,175833
IE0AB7438,191954,192038
IE0AB7438,192355,192390
IE0AB7438,206337,206434
IE0AB7438,206854,206927
IE0AB7438,209031,209221
IE0AB7438,217656,217698
IE0AB7438,222647,222669
IE0AB7438,231115,231145
IE0AB7438,233037,233067
IE0AB7438,235994,236024
IE166DA22,326,377
IE166DA22,536,565
IE166DA22,725,754
IE166DA22,905,933
IE166DA22,1085,1120
IE166DA22,1283,1306
IE166DA22,1469,1490
IE166DA22,1652,1669
IE166DA22,1830,1852
IE166DA22,2005,2021
IE166DA22,2183,2212
IE166DA22,2363,2388
IE166DA22,2552,2579
IE166DA22,2744,2762
IE166DA22,2929,2949
IE166DA22,3108,3165
IE166DA22,3318,3340
IE166DA22,3491,3512
IE166DA22,3652,3669
IE166DA22,3815,3831
IE166DA22,3981,3999
IE166DA22,4155,4192
IE166DA22,4353,4372
IE166DA22,4525,4535
IE166DA22,4693,4713
IE166DA22,4865,4897
IE166DA22,5069,5101
IE166DA22,5260,5292
IE166DA22,5439,5476
IE166DA22,5639,5664
IE166DA22,5819,5845
IE166DA22,5993,6025
IE166DA22,6187,6209
IE166DA22,6370,6398
IE166DA22,6559,6587
IE166DA22,6751,6763
IE166DA22,6917,6939
IE166DA22,7100,7115
IE166DA22,7281,7344
IE166DA22,7502,7524
IE166DA22,7696,7729
IE166DA22,7886,7904
IE166DA22,8073,8101
IE166DA22,8286,8310
IE166DA22,8459,8514
IE166DA22,8701,8737
IE166DA22,8906,8942
IE166DA22,9138,9177
IE166DA22,9340,9377
IE166DA22,9533,9572
IE166DA22,9737,9778
IE166DA22,9933,9956
IE166DA22,10112,10135
IE166DA22,10302,10328
IE166DA22,10539,10565
IE166DA22,10746,10773
IE166DA22,10971,10989
IE166DA22,11198,11213
IE166DA22,11617,11631
IE166DA22,11852,11869
IE166DA22,12022,12054
IE166DA22,12249,12262
IE166DA22,12394,12407
IE166DA22,12511,12540
IE166DA22,12687,12700
IE166DA22,12849,12862
IE166DA22,13023,13036
IE166DA22,13178,13207
IE166DA22,13337,13350
IE166DA22,13472,13485
IE166DA22,13598,13611
IE166DA22,13715,13751
IE166DA22,14017,14033
IE166DA22,14356,14376
IE166DA22,14539,14553
IE166DA22,14788,14805
IE166DA22,15048,15064
IE166DA22,15312,15327
IE166DA22,15611,15626
IE166DA22,15877,15899
IE166DA22,16106,16122
IE166DA22,16318,16339
IE166DA22,16535,16550
IE166DA22,16840,16858
IE166DA22,17100,17121
IE166DA22,17346,17369
IE166DA22,17647,17668
IE166DA22,18078,18106
IE166DA22,18261,18274
IE166DA22,18425,18434
IE166DA22,18583,18597
IE166DA22,18751,18760
IE166DA22,18931,18946
IE166DA22,19096,19105
IE166DA22,19258,19277
IE166DA22,19429,19438
IE166DA22,19596,19609
IE166DA22,19758,19767
IE166DA22,19920,19943
IE166DA22,20098,20107
IE166DA22,20258,20290
IE166DA22,20417,20437
IE166DA22,20584,20593
IE166DA22,20746,20759
IE166DA22,20911,20924
IE166DA22,21084,21105
IE166DA22,21256,21278
IE166DA22,21430,21458
IE1B4BBB9,544,557
IE1B4BBB9,771,799
IE1B4BBB9,1130,1161
IE1B4BBB9,1245,1310
IE1B4BBB9,2127,2198
IE1B4BBB9,2467,2474
IE1B4BBB9,3159,3166
IE1B4BBB9,3930,3939
IE1B4BBB9,4541,4600
IE1B4BBB9,4788,4806
IE1B4BBB9,4988,5014
IE1B4BBB9,5227,5282
IE1B4BBB9,5451,5471
IE1B4BBB9,5640,5658
IE1B4BBB9,5820,5836
IE1B4BBB9,5991,6014
IE1B4BBB9,6169,6192
IE1B4BBB9,6341,6362
IE1B4BBB9,6516,6542
IE1B4BBB9,6697,6719
IE1B4BBB9,6875,6896
IE1B4BBB9,7050,7070
IE1B4BBB9,7228,7244
IE1B4BBB9,7400,7417
IE1B4BBB9,7577,7612
IE1B4BBB9,7774,7795
IE1B4BBB9,7960,7975
IE1B4BBB9,8119,8133
IE1B4BBB9,8285,8321
IE1B4BBB9,8540,8601
IE1B4BBB9,8678,8684
IE1B4BBB9,9695,9786
IE1B4BBB9,10167,10173
IE1B4BBB9,10690,10704
IE1B4BBB9,12780,12801
IE1B4BBB9,13262,13281
IE1B4BBB9,13712,13730
IE1B4BBB9,14189,14216
IE1B4BBB9,14679,14694
IE1B4BBB9,15657,15686
IE1B4BBB9,16482,16527
IE1B4BBB9,16649,16696
IE1B4BBB9,17159,17208
IE1B4BBB9,17373,17400
IE1B4BBB9,17585,17600
IE1B4BBB9,17763,17780
IE1B4BBB9,17936,17950
IE1B4BBB9,18122,18151
IE1B4BBB9,18274,18314
IE1B4BBB9,18488,18531
IE1B4BBB9,18693,18720
IE1B4BBB9,18880,18900
IE1B4BBB9,19073,19089
IE1B4BBB9,19247,19269
IE1B4BBB9,19423,19443
IE1B4BBB9,19604,19638
IE1B4BBB9,19784,19806
IE1B4BBB9,19967,19988
IE1B4BBB9,20142,20166
IE1B4BBB9,20328,20353
IE1B4BBB9,20510,20543
IE1B4BBB9,20710,20732
IE1B4BBB9,20882,20902
IE1B4BBB9,21062,21084
IE1B4BBB9,21243,21267
IE1B4BBB9,21421,21451
IE1B4BBB9,21612,21633
IE1B4BBB9,21791,21810
IE1B4BBB9,21955,21982
IE1B4BBB9,22145,22176
IE1B4BBB9,22326,22358
IE1B4BBB9,22512,22539
IE1B4BBB9,22696,22721
IE1B4BBB9,22876,22897
IE1B4BBB9,23056,23084
IE1B4BBB9,23243,23268
IE1B4BBB9,23426,23486
IE1B4BBB9,23646,23665
IE1B4BBB9,23824,23852
IE1B4BBB9,24014,24043
IE1B4BBB9,24203,24223
IE1B4BBB9,24389,24449
IE1B4BBB9,24623,24659
IE1B4BBB9,24827,24872
IE1B4BBB9,25044,25078
IE1B4BBB9,26326,26378
IE1B4BBB9,27285,27327
IE1B4BBB9,29047,29085
IE1B4BBB9,29369,29396
IE1B4BBB9,29551,29588
IE1B4BBB9,29760,29781
IE1B4BBB9,29944,29965
IE1B4BBB9,30130,30160
IE1B4BBB9,30318,30344
IE1B4BBB9,30641,30661
IE1B4BBB9,30826,30851
IE1B4BBB9,31008,31036
IE1B4BBB9,31196,31225
IE1B4BBB9,31387,31407
IE1B4BBB9,31574,31597
IE1B4BBB9,31756,31783
IE1B4BBB9,31941,31964
IE1B4BBB9,32118,32147
IE1B4BBB9,32302,32330
IE1B4BBB9,32486,32515
IE1B4BBB9,32673,32704
IE1B4BBB9,32862,32888
IE1B4BBB9,33050,33087
IE1B4BBB9,33218,33259
IE1B4BBB9,33429,33451
IE1B4BBB9,33608,33632
IE1B4BBB9,33790,33807
IE1B4BBB9,33975,34001
IE1B4BBB9,34167,34195
IE1B4BBB9,34347,34366
IE1B4BBB9,34534,34554
IE1B4BBB9,34886,34908
IE1B4BBB9,35080,35112
IE1B4BBB9,35278,35306
IE1B4BBB9,35482,35612
IE1B4BBB9,35766,35785
IE1B4BBB9,35949,35973
IE1B4BBB9,36145,36179
IE1B4BBB9,36234,36281
IE1B4BBB9,36435,36458
IE1B4BBB9,36620,36648
IE1B4BBB9,36803,36822
IE1B4BBB9,36970,36991
IE1B4BBB9,37144,37165
IE1B4BBB9,37323,37347
IE1B4BBB9,37500,37529
IE1B4BBB9,37697,37720
IE1B4BBB9,37881,37905
IE1B4BBB9,38059,38093
IE1B4BBB9,38253,38282
IE1B4BBB9,38438,38469
IE1B4BBB9,38631,38657
IE1B4BBB9,38821,38851
IE1B4BBB9,39009,39038
IE1B4BBB9,39202,39229
IE1B4BBB9,39388,39428
IE1B4BBB9,39580,39608
IE1B4BBB9,39764,39792
IE1B4BBB9,39938,39967
IE1B4BBB9,40131,40159
IE1B4BBB9,40306,40332
IE1B4BBB9,40501,40543
IE1B4BBB9,40656,40708
IE1B4BBB9,40867,40904
IE1B4BBB9,41073,41106
IE1B4BBB9,41285,41316
IE1B4BBB9,41470,41503
IE1B4BBB9,41662,41694
IE1B4BBB9,41858,41901
IE1B4BBB9,42057,42101
IE1B4BBB9,42269,42310
IE1B4BBB9,42403,42437
IE1B4BBB9,42586,42605
IE1B4BBB9,42767,42792
IE1B4BBB9,42943,42970
IE1B4BBB9,43132,43162
IE1B4BBB9,43321,43365
IE1B4BBB9,43525,43559
IE1B4BBB9,43719,43771
IE1B4BBB9,43925,43958
IE1B4BBB9,44115,44153
IE1B4BBB9,44333,44371
IE1B4BBB9,44482,44519
IE1B4BBB9,44684,44708
IE1B4BBB9,44861,44886
IE1B4BBB9,45058,45098
IE1B4BBB9,45192,45234
IE1B4BBB9,45390,45445
IE1B4BBB9,45612,45658
IE1B4BBB9,45815,45844
IE1B4BBB9,46019,46060
IE1B4BBB9,46153,46204
IE1B4BBB9,46358,46383
IE1B4BBB9,46541,46567
IE1B4BBB9,46722,46756
IE1B4BBB9,46924,46966
IE1B4BBB9,47033,47085
IE1B4BBB9,47245,47286
IE1B4BBB9,47438,47459
IE1B4BBB9,47619,47639
IE1B4BBB9,47802,47820
IE1B4BBB9,48159,48195
IE1B4BBB9,48274,48322
IE1B4BBB9,48480,48507
IE1B4BBB9,48673,48701
IE1B4BBB9,48865,48892
IE1B4BBB9,49052,49087
IE1B4BBB9,49243,49273
IE1B4BBB9,49440,49472
IE1B4BBB9,49629,49659
IE1B4BBB9,49814,49847
IE1B4BBB9,50001,50035
IE1B4BBB9,50195,50236
IE1B4BBB9,50396,50427
IE1B4BBB9,50588,50618
IE1B4BBB9,50781,50814
IE1B4BBB9,50967,50996
IE1B4BBB9,51159,51186
IE1B4BBB9,51354,51393
IE1B4BBB9,51496,51534
IE1B4BBB9,51687,51710
IE1B4BBB9,51885,51916
IE1B4BBB9,51986,52042
IE1B4BBB9,52204,52231
IE1B4BBB9,52387,52429
IE1B4BBB9,52595,52634
IE1B4BBB9,52810,52852
IE1B4BBB9,53107,53144
IE1B4BBB9,53221,53264
IE1B4BBB9,53412,53442
IE1B4BBB9,53618,53660
IE1B4BBB9,53722,53760
IE1B4BBB9,53912,53937
IE1B4BBB9,54101,54122
IE1B4BBB9,54280,54303
IE1B4BBB9,54444,54467
IE1B4BBB9,54620,54644
IE1B4BBB9,54804,54829
IE1B4BBB9,54987,55014
IE1B4BBB9,55179,55224
IE1B4BBB9,55485,55530
IE1B4BBB9,55804,55847
IE1B4BBB9,56114,56154
IE1B4BBB9,56233,56272
IE1B4BBB9,56447,56473
IE1B4BBB9,56651,56694
IE1B4BBB9,56782,56820
IE1B4BBB9,56976,56999
IE1B4BBB9,57155,57182
IE1B4BBB9,57352,57389
IE1B4BBB9,57452,57505
IE1B4BBB9,57662,57703
IE1B4BBB9,57913,57943
IE1B4BBB9,58265,58296
IE1B4BBB9,58459,58486
IE1B4BBB9,58642,58671
IE1B4BBB9,58798,58829
IE1B4BBB9,59004,59033
IE1B4BBB9,59202,59230
IE1B4BBB9,59440,59484
IE1B4BBB9,59620,59673
IE1B4BBB9,59816,59854
IE1B4BBB9,59999,60037
IE1B4BBB9,60193,60229
IE1B4BBB9,60390,60426
IE1B4BBB9,60600,60645
IE1B4BBB9,60768,60814
IE1B4BBB9,60972,61001
IE1B4BBB9,61191,61224
IE1B4BBB9,61316,61368
IE1B4BBB9,61521,61543
IE1B4BBB9,61694,61713
IE1B4BBB9,61868,61899
IE1B4BBB9,62053,62083
IE1B4BBB9,62238,62262
IE1B4BBB9,62434,62483
IE1B4BBB9,62736,62778
IE1B4BBB9,62881,62932
IE1B4BBB9,63080,63118
IE1B4BBB9,63246,63293
IE1B4BBB9,63467,63507
IE1B4BBB9,63605,63646
IE1B4BBB9,63798,63825
IE1B4BBB9,63994,64040
IE1B4BBB9,64113,64160
IE1B4BBB9,64275,64303
IE1B4BBB9,64450,64479
IE1B4BBB9,64659,64702
IE1B4BBB9,64955,64997
IE1B4BBB9,65210,65249
IE1B4BBB9,65330,65431
IE1B4BBB9,65584,65613
IE1B4BBB9,65788,65829
IE1B4BBB9,66484,66589
IE1B4BBB9,66688,66694
IE1B4BBB9,66801,66966
IE1B4BBB9,67122,67135
IE1B4BBB9,67285,67298
IE1B4BBB9,67474,67486
IE1B4BBB9,67679,67719
IE1B4BBB9,67892,67908
IE1B4BBB9,68062,68077
IE1B4BBB9,68235,68252
IE1B4BBB9,68420,68436
IE1B4BBB9,68590,68606
IE1B4BBB9,68776,68818
IE1B4BBB9,68962,68982
IE1B4BBB9,69140,69161
IE1B4BBB9,69287,69299
IE1B4BBB9,69441,69476
IE1B4BBB9,69653,69737
IE1B4BBB9,69898,69914
IE1B4BBB9,70075,70090
IE1B4BBB9,70219,70236
IE1B4BBB9,70396,70412
IE1B4BBB9,70540,70552
IE1B4BBB9,70714,70762
IE1B4BBB9,70926,70953
IE1B4BBB9,71123,71147
IE1B4BBB9,71304,71330
IE1B4BBB9,71469,71504
IE1B4BBB9,71654,71684
IE1B4BBB9,71821,71850
IE1B4BBB9,72002,72037
IE1B4BBB9,72234,72265
IE1B4BBB9,72425,72445
IE1B4BBB9,72642,72750
IE1B4BBB9,72914,72929
IE1B4BBB9,73106,73150
IE1B4BBB9,73319,73344
IE1B4BBB9,73530,73580
IE1B4BBB9,73754,73776
IE1B4BBB9,73948,73995
IE1B4BBB9,74146,74210
IE1B4BBB9,74503,74569
IE1B4BBB9,74725,74764
IE1B4BBB9,74941,75005
IE1B4BBB9,75167,75205
IE1B4BBB9,75484,75516
IE1B4BBB9,75676,75698
IE1B4BBB9,75759,75851
IE1B4BBB9,76187,76216
IE1B4BBB9,76378,76406
IE1B4BBB9,77181,77201
IE1B4BBB9,77327,77350
IE1B4BBB9,77517,77583
IE1B4BBB9,78067,78108
IE1B4BBB9,78304,78328
IE1B4BBB9,78707,78731
IE1B4BBB9,78990,79015
IE1B4BBB9,79177,79234
IE1B4BBB9,79393,79419
IE1B4BBB9,79542,79572
IE1B4BBB9,79824,79933
IE1B4BBB9,80718,80748
IE1B4BBB9,80916,80933
IE1B4BBB9,81104,81121
IE1B4BBB9,81247,81264
IE1B4BBB9,81422,81458
IE1B4BBB9,81604,81617
IE1B4BBB9,81734,81747
IE1B4BBB9,81878,81891
IE1B4BBB9,81994,82089
IE1B4BBB9,82339,82354
IE1B4BBB9,82585,82603
IE1B4BBB9,82830,82843
IE1B4BBB9,83050,83131
IE1B4BBB9,83302,83316
IE1B4BBB9,83522,83544
IE1B4BBB9,83769,83785
IE1B4BBB9,84057,84073
IE1B4BBB9,84282,84295
IE1B4BBB9,84501,84520
IE1B4BBB9,84701,84728
IE1B4BBB9,84962,84983
IE1B4BBB9,85345,85365
IE1B4BBB9,85554,85577
IE1B4BBB9,85741,85769
IE1B4BBB9,86151,86184
IE1B4BBB9,86336,86350
IE1B4BBB9,86681,86697
IE1B4BBB9,87015,87030
IE1B4BBB9,87304,87338
IE1B4BBB9,87713,87727
IE1B4BBB9,88068,88101
IE1B4BBB9,88403,88430
IE1B4BBB9,88828,88850
IE1B4BBB9,89142,89174
IE1B4BBB9,89291,89306
IE1B4BBB9,89456,89477
IE1B4BBB9,89633,89655
IE1B4BBB9,89813,89865
IE1B4BBB9,90159,90187
IE1B4BBB9,90801,90826
IE1B4BBB9,90989,91019
IE1B4BBB9,91177,91208
IE1B4BBB9,91364,91391
IE1B4BBB9,91545,91570
IE2421BEA,3023,3200
IE2421BEA,3894,3920
IE2421BEA,3998,4250
IE2421BEA,4338,4428
IE2421BEA,4984,5004
IE2421BEA,5551,5625
IE2421BEA,6070,6096
IE2421BEA,6397,6472
IE2421BEA,7096,7116
IE2421BEA,7451,7536
IE2421BEA,8202,8233
IE2421BEA,8615,8716
IE2421BEA,9385,9519
IE2421BEA,11794,11825
IE2421BEA,12066,12098
IE2421BEA,13652,13760
IE2421BEA,15258,15286
IE2421BEA,15835,15872
IE2421BEA,16674,16705
IE2421BEA,21471,21498
IE2421BEA,23155,23180
IE2421BEA,24654,24770
IE2421BEA,24796,24822
IE2421BEA,26698,26714
IE2421BEA,26947,27036
IE2421BEA,27073,27188
IE2421BEA,35692,35882
IE2421BEA,42444,42460
IE2421BEA,43077,43262
IE2421BEA,49689,49719
IE2421BEA,51336,51360
IE2421BEA,51980,52003
IE2421BEA,52939,52966
IE2421BEA,56300,56336
IE2421BEA,61550,61568
IE2421BEA,61624,61750
IE2421BEA,62997,63024
IE2421BEA,63657,63844
IE2421BEA,64061,64130
IE2421BEA,67202,67216
IE2421BEA,67675,67688
IE2421BEA,75477,75494
IE2421BEA,79840,79856
IE2421BEA,83127,83147
IE2421BEA,83493,83510
IE2421BEA,83555,83630
IE2421BEA,85475,85497
IE2421BEA,85763,85789
IE2421BEA,86160,86176
IE2421BEA,86413,86627
IE2421BEA,86676,86904
IE2421BEA,86933,87161
IE2421BEA,88319,88343
IE2421BEA,88601,88621
IE2421BEA,88766,88793
IE2421BEA,89460,89517
IE2421BEA,90220,90249
IE2421BEA,92799,92820
IE2421BEA,93957,93995
IE2421BEA,99123,99190
IE2421BEA,99268,99378
IE2421BEA,103083,103319
IE2421BEA,103359,103374
IE2421BEA,108774,108790
IE2421BEA,109290,109552
IE2421BEA,109735,110011
IE2421BEA,113120,113143
IE2421BEA,117393,117419
IE2421BEA,119485,119528
IE2421BEA,127318,127544
IE2421BEA,132041,132187
IE2421BEA,133177,133373
IE2421BEA,133617,133680
IE2421BEA,134162,134477
IE2421BEA,135773,135805
IE2421BEA,136207,136261
IE2421BEA,136443,136493
IE2421BEA,137241,137412
IE2421BEA,140736,140788
IE2421BEA,141034,141097
IE2421BEA,141621,141655
IE2421BEA,141731,141820
IE2421BEA,141861,141876
IE2421BEA,165277,165341
IE2421BEA,165475,165490
IE2421BEA,169393,169428
IE2421BEA,171747,171800
IE2421BEA,173220,173451
IE2421BEA,174108,174668
IE2421BEA,174777,175009
IE2421BEA,175167,175213
IE2421BEA,178449,178540
IE2421BEA,178809,178900
IE2421BEA,178955,179141
IE2421BEA,179205,179228
IE2421BEA,179283,179311
IE2421BEA,179380,179389
IE2421BEA,179435,179463
IE2421BEA,179505,179514
IE2421BEA,180051,180103
IE2421BEA,181266,181325
IE2421BEA,183545,183655
IE2421BEA,183840,183876
IE2421BEA,186389,186649
IE2421BEA,189567,189661
IE2421BEA,189746,189761
IE2421BEA,191773,191820
IE2421BEA,192096,192248
IE2421BEA,195708,195773
IE2421BEA,196388,196404
IE2421BEA,196718,197048
IE2421BEA,197592,197612
IE2421BEA,200619,200760
IE2421BEA,202221,202257
IE2421BEA,203714,203752
IE2421BEA,206162,206221
IE2421BEA,206922,207042
IE2421BEA,213873,213913
IE2421BEA,221844,221873
IE2421BEA,224327,224343
IE2421BEA,227114,227279
IE2421BEA,228328,228410
IE2421BEA,228607,228623
IE2421BEA,228715,228865
IE2421BEA,229741,229767
IE2421BEA,230021,230044
IE2421BEA,230718,230749
IE2421BEA,230797,230851
IE2421BEA,231919,232019
IE2421BEA,232757,232791
IE2421BEA,233377,233394
IE2421BEA,233485,233501
IE2421BEA,233543,233557
IE2421BEA,234215,234373
IE2421BEA,235352,235445
IE2421BEA,235604,235620
IE2421BEA,236061,236111
IE2421BEA,238348,238383
IE2421BEA,238748,238802
IE2421BEA,240491,240525
IE2421BEA,241943,241959
IE2421BEA,243167,243198
IE2421BEA,243447,243613
IE2421BEA,244212,244263
IE2421BEA,248760,248867
IE2421BEA,254312,254343
IE2421BEA,255551,255579
IE2421BEA,257310,257572
IE2421BEA,263050,263137
IE2421BEA,263423,263549
IE2421BEA,264551,264597
IE2421BEA,264675,264731
IE2421BEA,265777,265829
IE2421BEA,265866,265881
IE2421BEA,270516,270644
IE2421BEA,272344,272370
IE2421BEA,272876,272902
IE2421BEA,273787,274048
IE2421BEA,276986,277293
IE2421BEA,278177,278206
IE2421BEA,280710,280754
IE2421BEA,283858,283910
IE2421BEA,294931,294974
IE2421BEA,303376,303522
IE2421BEA,303633,303935
IE2421BEA,306787,306831
IE2421BEA,308680,308707
IE2421BEA,309104,309136
IE2421BEA,309726,309769
IE2421BEA,310107,310189
IE2421BEA,310502,310665
IE2421BEA,312832,313063
IE2421BEA,313642,313673
IE2421BEA,317259,317289
IE2421BEA,317472,317491
IE2421BEA,317842,317892
IE2421BEA,319208,319364
IE2421BEA,319683,319699
IE2421BEA,319919,319951
IE2421BEA,323889,323979
IE2421BEA,324599,324757
IE2421BEA,328152,328221
IE2421BEA,328723,328963
IE2421BEA,329822,329865
IE2421BEA,330718,330756
IE2421BEA,331533,331565
IE2421BEA,332890,332917
IE2421BEA,334327,334351
IE2421BEA,334751,334821
IE2421BEA,336845,336875
IE2421BEA,338175,338204
IE2421BEA,339641,339664
IE2421BEA,339987,340019
IE2421BEA,340714,340770
IE2421BEA,341454,341546
IE2421BEA,341771,342075
IE2421BEA,353252,353319
IE2421BEA,353466,353481
IE2421BEA,354487,354508
IE2421BEA,358053,358191
IE2421BEA,358596,358926
IE2421BEA,359631,359649
IE2421BEA,360224,360255
IE2421BEA,361110,361275
IE2421BEA,364493,364518
IE2421BEA,365124,365175
IE2421BEA,367675,367845
IE2421BEA,368615,368665
IE2421BEA,371508,371533
IE2421BEA,371927,371979
IE2421BEA,375559,375877
IE2421BEA,380175,380562
IE2421BEA,383393,383513
IE2421BEA,384044,384092
IE2421BEA,384611,384697
IE2421BEA,385335,385352
IE2421BEA,387663,387692
IE2421BEA,388442,388462
IE2421BEA,389099,389189
IE2421BEA,389394,389424
IE2421BEA,390782,390871
IE2421BEA,392593,392641
IE2421BEA,395042,395221
IE2421BEA,395347,395389
IE2421BEA,395760,395892
IE2421BEA,395968,396013
IE2421BEA,396110,396339
IE2421BEA,397069,397258
IE2421BEA,399067,399123
IE2421BEA,404387,404439
IE2421BEA,419519,419992
IE2421BEA,420254,420449
IE2421BEA,422703,422782
IE2421BEA,422809,423020
IE2421BEA,423325,423378
IE2421BEA,424735,424783
IE2421BEA,425963,426014
IE2421BEA,426798,426977
IE2421BEA,429786,429831
IE2421BEA,432624,432883
IE2421BEA,433264,433318
IE2421BEA,434413,434482
IE2421BEA,434527,434664
IE2421BEA,434733,434751
IE2421BEA,434806,434823
IE2421BEA,435108,435129
IE2421BEA,435444,435464
IE2421BEA,435660,435679
IE2421BEA,436588,436617
IE2421BEA,438281,438386
IE2421BEA,438456,438651
IE2421BEA,447422,447535
IE2421BEA,447776,448267
IE2421BEA,448510,448527
IE2421BEA,449380,449414
IE2421BEA,450629,450777
IE2421BEA,450810,450871
IE2421BEA,450923,450940
IE2421BEA,451384,451403
IE2421BEA,451697,451845
IE2421BEA,451886,451943
IE2421BEA,452072,452089
IE2421BEA,452363,452382
IE2421BEA,452614,452633
IE2421BEA,452660,452718
IE2421BEA,453009,453023
IE2421BEA,453268,453295
IE2421BEA,456725,456862
IE2421BEA,457853,457891
IE2421BEA,460508,460534
IE2421BEA,460852,460951
IE2421BEA,461208,461222
IE2421BEA,461608,461638
IE2421BEA,462004,462280
IE2421BEA,462657,462846
IE2421BEA,463178,463281
IE2421BEA,464846,464861
IE2421BEA,465070,465104
IE2421BEA,465569,465661
IE2421BEA,465906,465926
IE2421BEA,466581,466644
IE2421BEA,466671,466895
IE2421BEA,466928,466950
IE2421BEA,466976,467014
IE2421BEA,467045,467073
IE2421BEA,467759,467857
IE2421BEA,468028,468043
IE2421BEA,468154,468173
IE2421BEA,468286,468305
IE2421BEA,468462,468480
IE2421BEA,468644,468720
IE2421BEA,469402,469747
IE2421BEA,469838,469855
IE2421BEA,470092,470121
IE2421BEA,470297,470390
IE2421BEA,470514,470532
IE2421BEA,470664,470691
IE2421BEA,471198,471363
IE2421BEA,471681,471699
IE2421BEA,472039,472118
IE2421BEA,472272,472287
IE2421BEA,472427,472447
IE2421BEA,472619,472761
IE2421BEA,473028,473093
IE2421BEA,473205,473220
IE2421BEA,473364,473384
IE2421BEA,473514,473653
IE2421BEA,473946,473961
IE2421BEA,474087,474108
IE2421BEA,474224,474295
IE2421BEA,474460,474475
IE2421BEA,474630,474650
IE2421BEA,474796,474932
IE2421BEA,474963,474978
IE2421BEA,475088,475109
IE2421BEA,475213,475285
IE2421BEA,475406,475421
IE2421BEA,475556,475576
IE2421BEA,475738,475876
IE2421BEA,478805,478865
IE2421BEA,479430,479528
IE2421BEA,479556,479654
IE2421BEA,482667,483007
IE2421BEA,483047,483101
IE2421BEA,483133,483183
IE2421BEA,483208,483429
IE2421BEA,483852,484020
IE2421BEA,484071,484088
IE2421BEA,484134,484153
IE2421BEA,484191,484209
IE2421BEA,484251,484268
IE2421BEA,484300,484318
IE2421BEA,484350,484368
IE2421BEA,484400,484418
IE2421BEA,484447,484478
IE2421BEA,484889,484914
IE2421BEA,485142,485175
IE2421BEA,485833,486005
IE2421BEA,486235,486250
IE2421BEA,486892,486925
IE2421BEA,488612,488693
IE2421BEA,488723,488943
IE2421BEA,489293,489311
IE2421BEA,489402,489429
IE2421BEA,489884,489965
IE2421BEA,490245,490261
IE2421BEA,490418,490515
IE2421BEA,490571,490965
IE2421BEA,491109,491134
IE2421BEA,491183,491256
IE2421BEA,491289,491305
IE2421BEA,491346,491386
IE2421BEA,491432,491469
IE2421BEA,491619,491875
IE2421BEA,492669,492706
IE2421BEA,492734,492797
IE2421BEA,492941,492968
IE2421BEA,493087,493114
IE2421BEA,493250,493289
IE2421BEA,493536,493566
IE2421BEA,493922,494075
IE2421BEA,494313,494360
IE2421BEA,494596,494675
IE2421BEA,494702,494739
IE2421BEA,495078,495187
IE2421BEA,495230,495571
IE2421BEA,496328,496360
IE2421BEA,496511,496729
IE2421BEA,497007,497043
IE2421BEA,497145,497172
IE2421BEA,497200,497217
IE2421BEA,497236,497251
IE2421BEA,497280,497317
IE2421BEA,497345,497494
IE2421BEA,498469,498491
IE2421BEA,498642,498671
IE2421BEA,499803,499819
IE2421BEA,499844,500123
IE2421BEA,500164,500182
IE2421BEA,500226,500251
IE2421BEA,500341,500357
IE2421BEA,500392,500422
IE2421BEA,500461,500622
IE2421BEA,501028,501059
IE2421BEA,501094,501122
IE2421BEA,501249,501272
IE2421BEA,501302,501390
IE2421BEA,501431,501543
IE2421BEA,501573,501600
IE2421BEA,501873,501896
IE2421BEA,501936,502090
IE2421BEA,502115,502134
IE2421BEA,502161,502300
IE2421BEA,502331,502437
IE2421BEA,502572,502683
IE2421BEA,502919,502937
IE2421BEA,503155,503192
IE2421BEA,503218,503242
IE2421BEA,503630,503645
IE2421BEA,506778,506898
IE2421BEA,508286,508328
IE2421BEA,512250,512459
IE2421BEA,512504,512523
IE2421BEA,513386,513404
IE2421BEA,513980,514014
IE2421BEA,514306,514329
IE2421BEA,514382,514506
IE2421BEA,514535,514564
IE2421BEA,516022,516047
IE2421BEA,516086,516122
IE2421BEA,516254,516276
IE2421BEA,516360,516388
IE2421BEA,516753,516788
IE2421BEA,517061,517086
IE2421BEA,517117,517233
IE2421BEA,517352,517489
IE2421BEA,518204,518273
IE2421BEA,518316,518331
IE2421BEA,518374,518562
IE2421BEA,518736,518753
IE2421BEA,519018,519034
IE2421BEA,519196,519213
IE2421BEA,519234,519250
IE2421BEA,519470,519487
IE2421BEA,519902,519921
IE2421BEA,520207,520228
IE2421BEA,520753,520968
IE2421BEA,521943,522012
IE2421BEA,522161,522329
IE2421BEA,523162,523192
IE2421BEA,523932,523969
IE2421BEA,524638,524751
IE2421BEA,524823,524849
IE2421BEA,524947,524963
IE2421BEA,525507,525662
IE2421BEA,525991,526009
IE2421BEA,526076,526127
IE2421BEA,526232,526308
IE2421BEA,526334,526422
IE2421BEA,526879,526902
IE2421BEA,529855,529940
IE2421BEA,529973,529992
IE2421BEA,530080,530135
IE2421BEA,530162,530448
IE2421BEA,530764,530796
IE2421BEA,530982,531016
IE2421BEA,531172,531398
IE2421BEA,531470,531498
IE2421BEA,531527,531560
IE2421BEA,533321,533635
IE2421BEA,533667,533694
IE2421BEA,533720,533757
IE2421BEA,534158,534195
IE2421BEA,534299,534353
IE2421BEA,534378,534601
IE2421BEA,535020,535053
IE2421BEA,535186,535226
IE2421BEA,535271,535294
IE2421BEA,535559,535697
IE2421BEA,535727,535773
IE2421BEA,535799,535845
IE2421BEA,536770,536811
IE2421BEA,536841,537081
IE2421BEA,537374,537406
IE2421BEA,537637,537803
IE2421BEA,537984,538025
IE2421BEA,538477,538512
IE2421BEA,538540,538562
IE2421BEA,539128,539170
IE2421BEA,539283,539328
IE2421BEA,539360,539724
IE2421BEA,539972,540035
IE2421BEA,540732,540799
IE2421BEA,540824,540969
IE2421BEA,541015,541035
IE2421BEA,541084,541129
IE2421BEA,541183,541225
IE2421BEA,541519,541558
IE2421BEA,541583,541724
IE2421BEA,541769,541813
IE2421BEA,541859,541901
IE2421BEA,542328,542371
IE2421BEA,542388,542493
IE2421BEA,542575,542609
IE2421BEA,542756,542821
IE2421BEA,542843,542965
IE2421BEA,543306,543347
IE2421BEA,543863,543914
IE2421BEA,543936,544034
IE2421BEA,544376,544419
IE2421BEA,544536,544586
IE2421BEA,544603,544770
IE2421BEA,544925,544947
IE2421BEA,544980,545008
IE2421BEA,545175,545223
IE2421BEA,545246,545635
IE2421BEA,545715,545755
IE2421BEA,546066,546093
IE2421BEA,546162,546183
IE2421BEA,546250,546267
IE2421BEA,546378,546400
IE2421BEA,546446,546484
IE2421BEA,546530,546710
IE2421BEA,546758,546788
IE2421BEA,546865,546891
IE2421BEA,546932,546977
IE2421BEA,547051,547079
IE2421BEA,547102,547215
IE2421BEA,547295,547328
IE2421BEA,547734,547768
IE2421BEA,547883,547958
IE2421BEA,547984,548284
IE2421BEA,548455,548497
IE2421BEA,548757,548818
IE2421BEA,549632,549724
IE2421BEA,550199,550236
IE2421BEA,550461,550479
IE2421BEA,550525,550579
IE2421BEA,550930,550960
IE2421BEA,551753,551805
IE2421BEA,551832,552132
IE2421BEA,552632,552659
IE2421BEA,553591,553621
IE2421BEA,553908,553941
IE2421BEA,554444,554767
IE2421BEA,554921,554957
IE2421BEA,555227,555355
IE2421BEA,555644,555675
IE2421BEA,555792,555822
IE2421BEA,556558,556697
IE2421BEA,557671,557702
IE2421BEA,557923,558263
IE2421BEA,558289,558316
IE2421BEA,558347,558383
IE2421BEA,558410,558445
IE2421BEA,558725,558818
IE2421BEA,558859,559030
IE2421BEA,559155,559185
IE2421BEA,559215,559245
IE2421BEA,559278,559355
IE2421BEA,559382,559397
IE2421BEA,560609,560625
IE2421BEA,560925,561076
IE2421BEA,561200,561244
IE2421BEA,561556,561801
IE2421BEA,561855,561883
IE2421BEA,561939,561971
IE2421BEA,562025,562061
IE2421BEA,562221,562248
IE2421BEA,562348,562570
IE2421BEA,562622,562643
IE2421BEA,562697,562732
IE2421BEA,562916,562941
IE2421BEA,564272,564328
IE2421BEA,564356,564532
IE2421BEA,565064,565092
IE2421BEA,566355,566391
IE2421BEA,566750,566768
IE2421BEA,566913,566948
IE2421BEA,567094,567133
IE2421BEA,568167,568249
IE2421BEA,568317,568455
IE2421BEA,568748,568892
IE2421BEA,569461,569502
IE2421BEA,570137,570164
IE2421BEA,570479,570495
IE2421BEA,573170,573295
IE2421BEA,573798,573822
IE2421BEA,575690,575713
IE2421BEA,576091,576122
IE5895799,201,218
IE5895799,220,264
IE5895799,266,322
IE5895799,324,347
IE5895799,349,409
IE5895799,411,469
IE5895799,471,495
IE5895799,497,524
IE5895799,526,548
IE5895799,550,577
IE5895799,579,601
IE5895799,603,634
IE5895799,636,650
IE5895799,652,665
IE5895799,667,696
IE5895799,698,748
IE5895799,750,818
IE5895799,820,831
IE5895799,833,857
IE5895799,859,883
IE5895799,885,910
IE5895799,912,936
IE5895799,938,961
IE5895799,963,988
IE5895799,990,1014
IE5895799,1016,1044
IE5895799,1046,1071
IE5895799,1073,1090
IE5895799,1092,1117
IE5895799,1119,1143
IE5895799,1145,1168
IE5895799,1170,1185
IE5895799,1187,1212
IE5895799,1214,1225
IE5895799,1227,1240
IE5895799,1241,1277
IE5895799,1279,1289
IE5895799,1291,1322
IE5895799,1324,1363
IE5895799,1365,1375
IE5895799,1377,1401
IE5895799,1403,1421
IE5895799,1423,1451
IE5895799,1453,1486
IE5895799,1488,1528
IE5895799,1530,1553
IE5895799,1555,1591
IE5895799,1593,1623
IE5895799,1625,1665
IE5895799,1667,1703
IE5895799,1705,1741
IE5895799,1743,1782
IE5895799,1784,1828
IE5895799,1830,1867
IE5895799,1869,1892
IE5895799,1894,1921
IE5895799,1923,1943
IE5895799,1945,1963
IE5895799,1965,1975
IE5895799,1977,1993
IE5895799,1995,2016
IE5895799,2018,2038
IE5895799,2040,2048
IE5895799,2050,2064
IE5895799,2066,2081
IE5895799,2083,2099
IE5895799,2101,2125
IE5895799,2127,2187
IE5895799,2189,2206
IE5895799,2208,2229
IE5895799,2231,2259
IE5895799,2260,2286
IE5895799,2288,2300
IE5895799,2302,2328
IE5895799,2330,2358
IE5895799,2360,2385
IE5895799,2387,2405
IE5895799,2407,2434
IE5895799,2436,2455
IE5895799,2457,2473
IE5895799,2475,2495
IE5895799,2497,2516
IE5895799,2518,2544
IE5895799,2546,2587
IE5895799,2589,2612
IE5895799,2614,2639
IE5895799,2641,2664
IE5895799,2666,2685
IE5895799,2687,2710
IE5895799,2712,2721
IE5895799,2723,2781
IE5895799,2783,2833
IE5895799,2835,2889
IE5895799,2891,2947
IE5895799,2949,2995
IE5895799,2997,3017
IE5895799,3019,3027
IE5895799,3029,3071
IE5895799,3073,3092
IE5895799,3094,3115
IE5895799,3117,3135
IE5895799,3137,3159
IE5895799,3161,3191
IE5895799,3193,3239
IE5895799,3241,3293
IE5895799,3295,3351
IE5895799,3353,3383
IE5895799,3385,3444
IE5895799,3446,3507
IE5895799,3509,3522
IE5895799,3524,3565
IE5895799,3567,3611
IE5895799,3613,3652
IE5895799,3654,3692
IE5895799,3694,3727
IE5895799,3729,3762
IE5895799,3764,3777
IE5895799,3779,3834
IE5895799,3836,3889
IE5895799,3891,3945
IE5895799,3947,3974
IE5895799,3976,4026
IE5895799,4028,4048
IE5895799,4050,4074
IE5895799,4076,4098
IE5895799,4100,4123
IE5895799,4125,4144
IE5895799,4146,4165
IE5895799,4167,4201
IE5895799,4203,4221
IE5895799,31050,31070
IE5895799,32286,32328
IE5895799,37691,37897
IE5895799,43015,43085
IE5895799,44888,45029
IE5895799,50170,50352
IE5895799,51458,51483
IE5895799,51861,51883
IE5895799,52487,52508
IE5895799,53496,53682
IE5895799,56126,56145
IE5895799,56454,56675
IE5895799,57085,57131
IE5895799,58458,58572
IE5895799,59271,59297
IE5895799,60052,60216
IE5895799,60499,60544
IE5895799,62178,62218
IE5895799,62632,62790
IE5895799,63686,63732
IE5895799,66226,66245
IE5895799,67381,67400
IE5895799,67860,68061
IE5895799,70033,70080
IE5895799,70930,70982
IE5895799,72482,72733
IE5895799,72735,72752
IE5895799,74315,74333
IE5895799,75194,75221
IE5895799,75426,75453
IE5895799,75520,75631
IE5895799,76534,76554
IE5895799,77224,77246
IE5895799,78180,78208
IE5895799,80970,81106
IE5895799,82280,82381
IE5895799,82522,82662
IE5895799,83274,83429
IE5895799,83431,83465
IE5895799,85230,85314
IE5895799,87214,87307
IE5895799,87947,87961
IE5895799,88717,88730
IE5895799,90395,90417
IE5895799,93644,93794
IE5895799,93796,93845
IE5895799,94233,94273
IE5895799,94399,94432
IE5895799,95401,95443
IE5895799,96544,96568
IE5895799,97569,97669
IE5895799,98048,98153
IE5895799,100302,100323
IE5895799,100821,100843
IE5895799,101222,101256
IE5895799,106133,106189
IE5895799,113171,113250
IE5895799,116352,116479
IE5895799,117179,117235
IE5895799,117738,117754
IE5895799,118586,118607
IE5895799,119314,119362
IE5895799,121565,121573
IE5895799,121941,121965
IE5895799,122741,122765
IE5895799,124241,124310
IE5895799,124467,124475
IE5895799,148827,148835
IE5895799,155646,155713
IE5895799,172131,172146
IE5895799,172512,172760
IE5895799,172762,172786
IE5895799,173133,173158
IE5895799,173434,173456
IE5895799,173572,173597
IE5895799,173774,173823
IE5895799,176956,177008
IE5895799,225096,225116
IE5895799,225623,225669
IE5895799,226765,226815
IE5895799,227184,227229
IE5895799,227881,227924
IE5895799,228866,228903
IE5895799,229318,229357
IE5895799,229887,229906
IE5895799,232805,233027
IE5895799,233029,233089
IE5895799,233269,233309
IE5895799,237384,237446
IE5895799,239152,239289
IE5895799,239291,239309
IE5895799,239656,239688
IE5895799,241512,241542
IE5895799,241850,241880
IE5895799,242303,242328
IE5895799,242673,242700
IE5895799,243039,243090
IE79CC998,208,506
IE79CC998,559,596
IE79CC998,620,745
IE79CC998,882,965
IE79CC998,1064,1162
IE79CC998,1222,1290
IE79CC998,1385,1513
IE79CC998,1706,1783
IE79CC998,2158,2217
IE79CC998,2330,2404
IE79CC998,2766,2876
IE79CC998,5792,5895
IE79CC998,7064,7242
IE79CC998,7637,7758
IE79CC998,8071,8141
IE79CC998,8325,8386
IE79CC998,8568,8690
IE79CC998,8792,8823
IE79CC998,9884,9928
IE79CC998,10973,11020
IE79CC998,12260,12294
IE79CC998,13320,13347
IE79CC998,14301,14344
IE79CC998,16421,16465
IE79CC998,17132,17167
IE8EB4CB4,4590,4659
IE8EB4CB4,4661,4691
IE8EB4CB4,5223,5255
IE8EB4CB4,10149,10346
IE8EB4CB4,10349,10405
IE8EB4CB4,11220,11270
IE8EB4CB4,15121,15162
IE8EB4CB4,15588,15660
IE8EB4CB4,20049,20086
IE8EB4CB4,21788,21826
IE8EB4CB4,25605,25644
IE8EB4CB4,26257,26337
IE8EB4CB4,32468,32640
IE8EB4CB4,36063,36100
IE8EB4CB4,39785,39804
IE9C4806D,201,401
IE9C4806D,403,442
IE9C4806D,444,474
IE9C4806D,476,497
IE9C4806D,499,530
IE9C4806D,532,558
IE9C4806D,560,587
IE9C4806D,590,623
IE9C4806D,665,690
IE9C4806D,789,825
IE9C4806D,891,920
IE9C4806D,979,1008
IE9C4806D,1305,1449
IE9C4806D,1451,1586
IE9C4806D,1588,1743
IE9C4806D,1745,1866
IE9C4806D,1868,2002
IE9C4806D,2004,2152
IE9C4806D,2154,2395
IE9C4806D,2397,2490
IE9C4806D,2492,2548
IE9C4806D,2550,2671
IE9C4806D,2673,2703
IE9C4806D,2705,2877
IE9C4806D,2879,3119
IE9C4806D,3121,3266
IE9C4806D,3268,3339
IE9C4806D,3341,3423
IE9C4806D,3425,3531
IE9C4806D,3533,3634
IE9C4806D,4629,4768
IE9C4806D,5125,5284
IE9C4806D,5495,5619
IE9C4806D,5806,5942
IE9C4806D,6137,6289
IE9C4806D,6715,6960
IE9C4806D,7466,7564
IE9C4806D,7835,7894
IE9C4806D,8157,8280
IE9C4806D,8516,8553
IE9C4806D,8767,8946
IE9C4806D,13153,13400
IE9C4806D,14137,14288
IE9C4806D,14420,14496
IE9C4806D,14576,14665
IE9C4806D,14893,15006
IE9C4806D,15167,15313
IE9C4806D,15315,15340
IE9C4806D,15390,15440
IE9C4806D,15769,15807
IEA9B747E,177,194
IEA9B747E,196,249
IEA9B747E,251,325
IEA9B747E,327,351
IEA9B747E,353,390
IEA9B747E,392,433
IEA9B747E,435,473
IEA9B747E,475,504
IEA9B747E,506,554
IEA9B747E,556,587
IEA9B747E,589,628
IEA9B747E,630,688
IEA9B747E,690,746
IEA9B747E,748,771
IEA9B747E,773,797
IEA9B747E,799,824
IEA9B747E,826,843
IEA9B747E,845,882
IEA9B747E,884,922
IEA9B747E,924,951
IEA9B747E,953,986
IEA9B747E,987,1021
IEA9B747E,1023,1048
IEA9B747E,1050,1070
IEA9B747E,1072,1097
IEA9B747E,1099,1115
IEA9B747E,1117,1140
IEA9B747E,1142,1167
IEA9B747E,1169,1192
IEA9B747E,1194,1215
IEA9B747E,1217,1239
IEA9B747E,1240,1262
IEA9B747E,1264,1292
IEA9B747E,1294,1323
IEA9B747E,1325,1347
IEA9B747E,1349,1371
IEA9B747E,1373,1398
IEA9B747E,1400,1425
IEA9B747E,1427,1452
IEA9B747E,1454,1475
IEA9B747E,1477,1499
IEA9B747E,1500,1522
IEA9B747E,1524,1552
IEA9B747E,1554,1583
IEA9B747E,1585,1602
IEA9B747E,1604,1630
IEA9B747E,1632,1655
IEA9B747E,1657,1684
IEA9B747E,1686,1711
IEA9B747E,1713,1733
IEA9B747E,1735,1756
IEA9B747E,1758,1780
IEA9B747E,1781,1803
IEA9B747E,1805,1833
IEA9B747E,1835,1864
IEA9B747E,1866,1887
IEA9B747E,1889,1901
IEA9B747E,1903,1928
IEA9B747E,1930,1947
IEA9B747E,1949,1974
IEA9B747E,1976,2031
IEA9B747E,2033,2079
IEA9B747E,2081,2122
IEA9B747E,2124,2156
IEA9B747E,2158,2196
IEA9B747E,2198,2232
IEA9B747E,2234,2267
IEA9B747E,2269,2287
IEA9B747E,2288,2313
IEA9B747E,2315,2339
IEA9B747E,2341,2362
IEA9B747E,2364,2386
IEA9B747E,2387,2409
IEA9B747E,2411,2439
IEA9B747E,2441,2470
IEA9B747E,2472,2487
IEA9B747E,2489,2514
IEA9B747E,2516,2541
IEA9B747E,2543,2570
IEA9B747E,2572,2593
IEA9B747E,2595,2617
IEA9B747E,2618,2640
IEA9B747E,2642,2670
IEA9B747E,2672,2701
IEA9B747E,2703,2754
IEA9B747E,2756,2772
IEA9B747E,2773,2800
IEA9B747E,2802,2828
IEA9B747E,2830,2856
IEA9B747E,2857,2881
IEA9B747E,2883,2916
IEA9B747E,2918,2943
IEA9B747E,2945,2984
IEA9B747E,2985,3014
IEA9B747E,3016,3058
IEA9B747E,3060,3097
IEA9B747E,3098,3121
IEA9B747E,3122,3148
IEA9B747E,3149,3176
IEA9B747E,3177,3247
IEA9B747E,3249,3294
IEA9B747E,3296,3328
IEA9B747E,3330,3367
IEA9B747E,3369,3399
IEA9B747E,3401,3437
IEA9B747E,3439,3496
IEA9B747E,3498,3543
IEA9B747E,3545,3570
IEA9B747E,3572,3607
IEA9B747E,3609,3634
IEA9B747E,3636,3660
IEA9B747E,3662,3690
IEA9B747E,3692,3717
IEA9B747E,3719,3759
IEA9B747E,3761,3788
IEA9B747E,3790,3828
IEA9B747E,3830,3858
IEA9B747E,3860,3889
IEA9B747E,3891,3938
IEA9B747E,3940,3968
IEA9B747E,3970,4006
IEA9B747E,4008,4034
IEA9B747E,4036,4057
IEA9B747E,4059,4095
IEA9B747E,4097,4128
IEA9B747E,4130,4153
IEA9B747E,4155,4179
IEA9B747E,4181,4247
IEA9B747E,4249,4295
IEA9B747E,4297,4330
IEA9B747E,4332,4372
IEA9B747E,4374,4415
IEA9B747E,4417,4449
IEA9B747E,4451,4482
IEA9B747E,4484,4521
IEA9B747E,4523,4560
IEA9B747E,4562,4606
IEA9B747E,4608,4652
IEA9B747E,4654,4691
IEA9B747E,4693,4735
IEA9B747E,4737,4765
IEA9B747E,4767,4791
IEA9B747E,4793,4816
IEA9B747E,4818,4852
IEA9B747E,4854,4886
IEA9B747E,4888,4915
IEA9B747E,4917,4948
IEA9B747E,4950,4982
IEA9B747E,4984,5010
IEA9B747E,5012,5037
IEA9B747E,5039,5065
IEA9B747E,5067,5085
IEA9B747E,22737,23680
IEA9B747E,26845,26894
IEA9B747E,28079,28125
IEA9B747E,30864,30900
IEA9B747E,34022,34076
IEA9B747E,37548,37737
IEA9B747E,40185,40251
IEA9B747E,47370,47433
IEA9B747E,48817,49026
IEA9B747E,49287,49618
IEA9B747E,53579,53625
IEA9B747E,55351,55490
IEA9B747E,57239,57281
IEA9B747E,58339,58370
IEA9B747E,58630,58833
IEA9B747E,59389,59418
IEA9B747E,59905,59935
IEA9B747E,61406,61435
IEA9B747E,63409,63443
IEA9B747E,63949,63986
IEA9B747E,65028,65240
IEA9B747E,66490,66586
IEA9B747E,66856,66953
IEA9B747E,69279,69318
IEA9B747E,69689,69895
IEA9B747E,70391,70420
IEA9B747E,70507,70537
IEA9B747E,71940,71969
IEA9B747E,72900,72933
IEA9B747E,73282,73319
IEA9B747E,75343,75759
IEA9B747E,79314,79372
IEA9B747E,80444,80509
IEA9B747E,82250,82266
IEA9B747E,82496,82511
IEA9B747E,82685,82700
IEA9B747E,85844,85976
IEA9B747E,90132,90342
IEA9B747E,90584,90641
IEA9B747E,90843,90918
IEA9B747E,94162,94191
IEA9B747E,94465,94499
IEA9B747E,94750,94811
IEA9B747E,95525,95733
IEA9B747E,98022,98079
IEA9B747E,101035,101235
IEA9B747E,101368,101397
IEA9B747E,101550,101622
IEA9B747E,101686,101713
IEA9B747E,101871,101907
IEA9B747E,101992,102019
IEA9B747E,102373,102406
IEA9B747E,103359,103388
IEA9B747E,103641,103675
IEA9B747E,104079,104140
IEA9B747E,105087,105274
IEA9B747E,105491,105570
IEA9B747E,105720,106067
IEA9B747E,108818,108872
IEA9B747E,110739,110788
IEA9B747E,111533,111815
IEA9B747E,114757,114799
IEA9B747E,115119,115162
IEA9B747E,116372,116398
IEA9B747E,121306,121514
IEA9B747E,121857,121886
IEA9B747E,122382,122460
IEA9B747E,125049,125077
IEA9B747E,125549,125583
IEA9B747E,126664,126700
IEA9B747E,127370,127519
IEA9B747E,128111,128325
IEA9B747E,128482,128511
IEA9B747E,128592,128733
IEA9B747E,130537,130566
IEA9B747E,130867,130898
IEA9B747E,131309,131370
IEA9B747E,132305,132685
IEA9B747E,134137,134287
IEA9B747E,135989,136052
IEA9B747E,136270,136303
IEA9B747E,138304,138335
IEA9B747E,139681,139720
IEA9B747E,143100,143141
IEA9B747E,146484,146882
IEA9B747E,147249,147492
IEA9B747E,148259,148315
IEA9B747E,148759,148814
IEA9B747E,149020,149064
IEA9B747E,149220,149254
IEA9B747E,149528,149560
IEA9B747E,208604,208814
IEA9B747E,209444,209482
IEA9B747E,210853,210891
IEA9B747E,218000,218048
IEA9B747E,219562,219599
IEA9B747E,221246,221281
IEA9B747E,222833,222871
IEA9B747E,224228,224265
IEA9B747E,226002,226054
IEA9B747E,226750,226956
IEA9B747E,227938,227961
IEA9B747E,230545,230569
IEA9B747E,232275,232333
IEA9B747E,233973,233994
IEA9B747E,237256,237291
IEA9B747E,237605,237629
IEA9B747E,240065,240375
IEA9B747E,241332,241371
IEA9B747E,243430,243452
IEA9B747E,245163,245185
IEA9B747E,247579,247661
IEA9B747E,260561,260595
IEA9B747E,261393,261419
IEA9B747E,261597,261629
IEA9B747E,261770,261794
IEA9B747E,261900,261928
IEA9B747E,301462,301518
IEA9B747E,315969,316007
IEA9B747E,319815,319850
IEA9B747E,322549,322590
IEA9B747E,323314,323480
IEA9B747E,323881,323916
IEA9B747E,348362,348402
IEA9B747E,348884,348897
IEA9B747E,350139,350161
IEA9B747E,387947,387972
IEA9B747E,388664,388693
IEA9B747E,500448,500622
IEA9B747E,501265,501297
IEA9B747E,502953,502986
IEAAE08E1,1097,1125
IEAAE08E1,1645,1703
IEAAE08E1,1838,1857
IEAAE08E1,1988,1999
IEAAE08E1,2364,2410
IEAAE08E1,2772,2816
IEAAE08E1,3655,3698
IEAAE08E1,4990,5034
IEB5D4BEB,8002,8218
IEB5D4BEB,8220,8521
IEB5D4BEB,8523,8627
IEB5D4BEB,18835,18980
IEB5D4BEB,23559,23630
IEB5D4BEB,26006,26525
IEB5D4BEB,26527,26672
IEB5D4BEB,34612,34649
IEB5D4BEB,36901,37034
IEB5D4BEB,122795,123570
IEB5D4BEB,123572,123738
IEB5D4BEB,210476,210617
IEB5D4BEB,260891,261063
IEB5D4BEB,262215,262404
IEB5D4BEB,264732,264836
IEE67309C,568,585
IEE67309C,587,637
IEE67309C,639,652
IEE67309C,654,666
IEE67309C,668,688
IEE67309C,689,712
IEE67309C,714,732
IEE67309C,734,753
IEE67309C,755,789
IEE67309C,791,813
IEE67309C,815,837
IEE67309C,839,867
IEE67309C,869,898
IEE67309C,899,922
IEE67309C,924,940
IEE67309C,941,961
IEE67309C,962,990
IEE67309C,992,1019
IEE67309C,1021,1056
IEE67309C,1058,1089
IEE67309C,1091,1120
IEE67309C,1122,1138
IEE67309C,1140,1171
IEE67309C,1173,1207
IEE67309C,1209,1235
IEE67309C,1237,1265
IEE67309C,1267,1279
IEE67309C,1281,1326
IEE67309C,1328,1358
IEE67309C,1360,1387
IEE67309C,1389,1416
IEE67309C,1418,1450
IEE67309C,1452,1476
IEE67309C,1478,1526
IEE67309C,1528,1544
IEE67309C,1546,1554
IEE67309C,1556,1569
IEE67309C,1571,1587
IEE67309C,1589,1648
IEE67309C,1650,1713
IEE67309C,1715,1759
IEE67309C,1761,1830
IEE67309C,1831,1854
IEE67309C,1855,1886
IEE67309C,1887,1907
IEE67309C,1909,1934
IEE67309C,1936,1959
IEE67309C,1961,1981
IEE67309C,1983,2015
IEE67309C,2017,2043
IEE67309C,2045,2074
IEE67309C,2075,2094
IEE67309C,2095,2111
IEE67309C,2113,2131
IEE67309C,2133,2144
IEE67309C,2146,2161
IEE67309C,2163,2176
IEE67309C,2178,2190
IEE67309C,2192,2212
IEE67309C,2214,2232
IEE67309C,2234,2289
IEE67309C,2290,2303
IEE67309C,2305,2317
IEE67309C,2319,2338
IEE67309C,2339,2380
IEE67309C,2382,2398
IEE67309C,2400,2424
IEE67309C,2426,2454
IEE67309C,2456,2484
IEE67309C,2486,2507
IEE67309C,2509,2526
IEE67309C,2528,2554
IEE67309C,2556,2575
IEE67309C,2577,2593
IEE67309C,2595,2621
IEE67309C,2623,2649
IEE67309C,2651,2676
IEE67309C,2678,2697
IEE67309C,2698,2716
IEE67309C,2718,2737
IEE67309C,2739,2764
IEE67309C,2766,2792
IEE67309C,2793,2818
IEE67309C,2820,2845
IEE67309C,2847,2871
IEE67309C,2873,2930
IEE67309C,2932,2988
IEE67309C,2990,3026
IEE67309C,3028,3047
IEE67309C,3049,3069
IEE67309C,3071,3092
IEE67309C,3094,3115
IEE67309C,3117,3135
IEE67309C,3137,3155
IEE67309C,3157,3180
IEE67309C,3182,3204
IEE67309C,3206,3230
IEE67309C,3232,3250
IEE67309C,3252,3329
IEE67309C,3331,3342
IEE67309C,3344,3394
IEE67309C,3395,3421
IEE67309C,3423,3436
IEE67309C,3438,3451
IEE67309C,3453,3464
IEE67309C,3466,3488
IEE67309C,3490,3504
IEE67309C,3506,3526
IEE67309C,3528,3541
IEE67309C,3543,3571
IEE67309C,3573,3618
IEE67309C,3620,3632
IEE67309C,3634,3645
IEE67309C,3647,3671
IEE67309C,3672,3688
IEE67309C,3689,3706
IEE67309C,3708,3733
IEE67309C,3735,3782
IEE67309C,3784,3818
IEE67309C,3820,3838
IEE67309C,8993,9135
IEE67309C,9137,9168
IEE67309C,9588,9625
IEE67309C,9834,9963
IEE67309C,9965,9997
IEE67309C,11147,11174
IEE67309C,11519,11539
IEE67309C,12417,12659
IEE67309C,12661,12686
IEE67309C,13622,13649
IEE67309C,14694,14736
IEE67309C,15638,15866
IEE67309C,15868,15934
IEE67309C,19088,19287
IEE67309C,19289,19316
IEE67309C,23029,23062
IEE67309C,24849,24882
IEE67309C,25759,25962
IEE67309C,25964,26002
IEE67309C,26536,26573
IEE67309C,26996,27020
IEE67309C,27453,27491
IEE67309C,27785,27825
IEE67309C,28277,28311
IEE67309C,28887,28920
IEE67309C,29552,29579
IEE67309C,29708,29996
IEE67309C,29998,30035
IEE67309C,32271,32306
IEE67309C,33083,33118
IEE67309C,35341,35380
IEE67309C,36491,36521
IEE67309C,37827,37966
IEE67309C,37968,37983
IEE67309C,39128,39149
IEE67309C,40054,40638
IEE67309C,40640,40706
IEE67309C,45794,45858
IEE67309C,48016,48061
IEE67309C,49416,49481
IEE67309C,50170,50379
IEE67309C,50381,50419
IEE67309C,55182,55277
IEE67309C,55279,55311
IEE67309C,55711,55733
IEE67309C,56750,56795
IEE67309C,57068,57107
IEE67309C,58372,58404
IEE67309C,59681,59715
IEE67309C,59971,60212
IEE67309C,60214,60236
IEE67309C,60314,60335
IEE67309C,61111,61129
IEE67309C,64489,64525
IEE67309C,66431,66455
IEE67309C,70097,70465
IEE67309C,70467,70498
IEE67309C,70737,70821
IEE67309C,70823,70851
IEE67309C,72035,72051
IEE67309C,72122,72141
IEE67309C,72213,72228
IEE67309C,72334,72368
IEE67309C,72907,72933
IEE67309C,73219,73247
IEE67309C,73445,73557
IEE67309C,74040,74278
IEE67309C,74280,74328
IEE67309C,74629,74667
IEE67309C,74790,74837
IEE67309C,75106,75275
IEE67309C,75277,75311
IEE67309C,75425,75459
IEE67309C,75637,75696
IEE67309C,75847,75883
IEE67309C,76093,76207
IEE67309C,76209,76242
IEE67309C,76622,76648
IEE67309C,77142,77167
IEE67309C,78011,78115
IEE67309C,78117,78142
IEE67309C,79343,79368
IEE67309C,79985,80016
IEE67309C,81139,81272
IEE67309C,81274,81306
IEE67309C,82912,82945
IEE67309C,83082,83115
IEE67309C,83206,83238
IEE67309C,83424,83447
IEE67309C,84583,84615
IEE67309C,118391,118413
IEE67309C,120811,120834
IEE67309C,121249,121264
IEE67309C,126215,126248
IEE67309C,127481,127644
IEE67309C,127646,127683
IEE67309C,128003,128020
IEE67309C,128188,128205
IEE67309C,128344,128381
IEE67309C,129756,129783
IEE67309C,130327,130348
IEE67309C,130932,130958
IEE67309C,131904,131922
IEE67309C,134262,134293
IEE67309C,136086,136137
IEE67309C,138353,138418
IEE67309C,141154,141184
IEE67309C,145655,145677
IEE67309C,152575,152606
IEE67309C,163689,163728
IEEB908B0,485,766
IEEB908B0,5605,5771
IEEB908B0,7175,7206
IEEB908B0,13505,13845
IEEB908B0,18566,18595
IEEB908B0,18774,18814
IEEB908B0,31592,31865
IEEB908B0,35267,35319
IEEB908B0,37897,37918
IEEB908B0,39073,39130
IEEB908B0,40086,40271
IEEB908B0,40486,40527
IEEB908B0,43266,43287
IEEB908B0,48475,48502
IEEBAD11E,172,423
IEEBAD11E,454,494
IEEBAD11E,1372,1465
IEEBAD11E,1538,1629
IEEBAD11E,1701,1785
IEEBAD11E,1852,1942
IEEBAD11E,2008,2093
IEEBAD11E,2163,2248
IEEBAD11E,2317,2404
IEEBAD11E,2472,2610
IEEBAD11E,2711,2847
IEEBAD11E,2950,3068
IEEBAD11E,3093,3116
IEEC9CCA9,240,534
IEEC9CCA9,568,754
IEEC9CCA9,2775,2804
IEEC9CCA9,5291,5326
IEEC9CCA9,7866,7926
IEEC9CCA9,7975,8008
IEF3A4022,4342,4584
IEF3A4022,4654,4717
IEF3A4022,5071,5092
IEF3A4022,6359,6378
IEF3A4022,8087,8329
IEF3A4022,32745,33001
IEF3A4022,33821,34082
IEF3A4022,35603,35635
IEF3A4022,36523,36562
IEF3A4022,38339,38414
IEF3A4022,39250,39277
IEF3A4022,40219,40260
IEF3A4022,41526,41562
IEF3A4022,42158,42208
IEF3A4022,43163,43210
IEF3A4022,45005,45397
IEF3A4022,46573,46611
IEF3A4022,49039,49160
IEF3A4022,50510,50555
IEF3A4022,52093,52283
IEF3A4022,54264,54308
IEF3A4022,55533,55641
IEF3A4022,56043,56085
IEF3A4022,57823,57857
IEF3A4022,59133,59168
IEF3A4022,60568,60600
IEF3A4022,61893,62000
IEF3A4022,62698,62918
IEF3A4022,63572,63598
IEF3A4022,64810,64830
IEF3A4022,65155,65191
IEF3A4022,65633,65656
IEF3A4022,66843,66885
IEF3A4022,67796,67833
IEF3A4022,68514,68620
IEF3A4022,68733,68991
IEF3A4022,70557,70595
IEF3A4022,71504,71534
IEF3A4022,72931,72969
IEF3A4022,73652,73751
IEF3A4022,74215,74259
IEF3A4022,75962,76049
IEF3A4022,76238,76625
IEF3A4022,78249,78272
IEF3A4022,78769,78789
IEF3A4022,78849,78881
IEF3A4022,80090,80119
IEF3A4022,80235,80265
IEF3A4022,80585,80626
IEF3A4022,81319,81437
IEF3A4022,81560,81736
IEF3A4022,83547,83584
IEF3A4022,86565,86596
IEF3A4022,86783,86813
IEF3A4022,87437,87663
IEF3A4022,89862,89976
IEF3A4022,91159,91386
IEF3A4022,92613,92643
IEF3A4022,93040,93105
IEF3A4022,94899,95006
IEF3A4022,95500,95530
IEF3A4022,96137,96173
IEF3A4022,98501,98538
IEF3A4022,99048,99080
IEF3A4022,100057,100078
IEF3A4022,102140,102161
IEF3A4022,106163,106194
IEF3A4022,107427,107462
IEF3A4022,108633,108700
IEF3A4022,108997,109332
IEF3A4022,109679,109741
IEF3A4022,110679,110714
IEF3A4022,112943,113030
IEF3A4022,113425,113521
IEF3A4022,114201,114266
IEF3A4022,115746,115780
IEF3A4022,117084,117114
IEF3A4022,118609,118822
IEF3A4022,119690,119851
IEF3A4022,121440,121481
IEF3A4022,123664,123713
IEF3A4022,124565,124588
IEF3A4022,125049,125078
IEF3A4022,126519,126945
IEF3A4022,127627,127748
IEF3A4022,129053,129081
IEF3A4022,129650,129689
IEF3A4022,131220,131257
IEF3A4022,134557,134597
IEF3A4022,135711,135740
IEF3A4022,137692,137741
IEF3A4022,139017,139228
IEF3A4022,140600,140687
IEF3A4022,142071,142094
IEF3A4022,142514,142544
IEF3A4022,143607,143840
IEF3A4022,144509,144580
IEF3A4022,145062,145115
IEF3A4022,145705,145766
IEF3A4022,148216,148262
IEF3A4022,148769,148798
IEF3A4022,149017,149040
IEF3A4022,149693,149723
IEF3A4022,151244,151386
IEF3A4022,153757,153824
IEF3A4022,154805,154934
IEF3A4022,156604,156648
IEF3A4022,160343,160603
IEF3A4022,163106,163134
IEF3A4022,163553,163676
IEF3A4022,164989,165024
IEF3A4022,166048,166077
IEF3A4022,167874,168239
IEF3A4022,170403,170427
IEF3A4022,170916,170983
IEF3A4022,171479,171503
IEF3A4022,172110,172152
IEF3A4022,173222,173245
IEF3A4022,174969,175006
IEF3A4022,176579,176616
IEF3A4022,178361,178641
IEF3A4022,180329,180358
IEF3A4022,183609,183632
IEF3A4022,184538,184706
IEF3A4022,185658,185697
IEF3A4022,187385,187420
IEF3A4022,188329,188361
IEF3A4022,189764,189803
IEF3A4022,191721,191817
IEF3A4022,192249,192311
IEF3A4022,193186,193255
IEF3A4022,194574,194600
IEF3A4022,196634,196704
IEF3A4022,197413,197517
IEF3A4022,200491,200512
IEF3A4022,201895,201925
IEF3A4022,207337,207571
IEF3A4022,210790,210812
IEF3A4022,211560,211585
IEF3A4022,212102,212136
IEF3A4022,213590,213641
IEF3A4022,216417,216668
IEF3A4022,221061,221100
IEF3A4022,223579,223607
IEF3A4022,228610,228646
IEF3A4022,230848,230968
IEF3A4022,231788,231820
IEF3A4022,232473,232501
IEF3A4022,235014,235289
IEF3A4022,237006,237037
IEF3A4022,238633,238659
IEF3A4022,239735,239772
IEF3A4022,240768,241310
IEF3A4022,244590,244630
IEF3A4022,245739,245777
IEF3A4022,246997,247035
IEF3A4022,247925,247965
IEF3A4022,249176,249216
IEF3A4022,249612,249650
IEF3A4022,251965,252007
IEF3A4022,253459,253496
IEF3A4022,254457,254495
IEF3A4022,255608,255628
IEF3A4022,256515,256557
IEF3A4022,256831,256860
IEF3A4022,257742,258149
IEF3A4022,258902,258922
IEF3A4022,260729,260751
IEF3A4022,261037,261071
IEF3A4022,262356,262395
IEF3A4022,262755,262790
IEF3A4022,263194,263270
IEF3A4022,264253,264281
IEF3A4022,265656,265778
IEF3A4022,266427,266460
IEF3A4022,266883,266981
IEF3A4022,267503,267570
IEF3A4022,269126,269163
IEF3A4022,272240,272659
IEF3A4022,274488,274654
IEF3A4022,276739,276786
IEF3A4022,279406,279437
IEF3A4022,279848,279956
IEF3A4022,284998,285035
IEF3A4022,286002,286053
IEF3A4022,287056,287290
IEF3A4022,288871,288964
IEF3A4022,289809,289847
IEF3A4022,290978,291117
IEF3A4022,291780,291805
IEF3A4022,293284,293437
IEF3A4022,294753,294934
IEF3A4022,298124,298146
IEF3A4022,300124,300163
IEF3A4022,301022,301054
IEF3A4022,301757,301797
IEF3A4022,303367,303789
IEF3A4022,305641,305757
IEF3A4022,306139,306180
IEF3A4022,307359,307386
IEF3A4022,309918,309950
IEF3A4022,310283,310320
IEF3A4022,311263,311301
IEF3A4022,311877,311957
IEF3A4022,314005,314175
IEF3A4022,315896,315990
IEF3A4022,319653,319768
IEF3A4022,319925,319963
IEF3A4022,320212,320312
IEF3A4022,320416,320444
IEF3A4022,322415,322455
IEF3A4022,324760,324962
IEF3A4022,325690,325726
IEF3A4022,326345,326381
IEF3A4022,327058,327105
IEF3A4022,330229,330269
IEF3A4022,331245,331496
IEF3A4022,332397,332437
IEF3A4022,333895,333997
IEF3A4022,334668,334929
IEF3A4022,335839,335880
IEF3A4022,337746,338040
IEF3A4022,338362,338551
IEF3A4022,341027,341077
IEF3A4022,342020,342072
IEF3A4022,342948,342980
IEF3A4022,343067,343166
IEF3A4022,343261,343300
IEF3A4022,344153,344261
IEF3A4022,345449,345495
IEF3A4022,346408,346447
IEF3A4022,347310,347374
IEF3A4022,348023,348074
IEF3A4022,349145,349250
IEF3A4022,349536,349609
IEF3A4022,349770,349799
IEF3A4022,350482,350680
IEF3A4022,351316,351357
IEF3A4022,352387,352609
IEF3A4022,354719,354799
IEF3A4022,357041,357060
IEF3A4022,358289,358341
IEF3A4022,360336,360372
IEF3A4022,362197,362238
IEF3A4022,363021,363115
IEF3A4022,364124,364163
IEF3A4022,366111,366149
IEF3A4022,368367,368540
IEF3A4022,368872,368973
IEF3A4022,369076,369119
IEF3A4022,374740,374780
IEF3A4022,377669,377776
IEF3A4022,380427,380804
IEF3A4022,381177,381354
IEF3A4022,382504,382539
IEF3A4022,383711,383751
IEF3A4022,384152,384182
IEF3A4022,384925,384999
IEF3A4022,385342,385368
IEF3A4022,387871,387908
IEF3A4022,388455,388499
IEF3A4022,389321,389596
IEF3A4022,391506,391530
IEF3A4022,392017,392045
IEF3A4022,392599,392628
IEF3A4022,393035,393073
IEF3A4022,394383,394576
IEF3A4022,395606,395634
IEF3A4022,396393,396533
IEF3A4022,397908,397946
IEF3A4022,398409,398442
IEF3A4022,400284,400339
IEFE24A29,667,685
IEFE24A29,936,981
IEFE24A29,5206,5238
IEFE24A29,6654,6698
IEFE24A29,7065,7089
IEFE24A29,7837,7890
IEFE24A29,8333,8371
IEFE24A29,12367,12405
IF30A1358,1274,1453
IF30A1358,1705,1823
IF30A1358,2852,3294
IF30A1358,5567,5667
IF30A1358,21871,21977
IF30A1358,29600,29707
IF30A1358,33250,33390
IF30A1358,34750,34830
IF30A1358,39429,39523
IF30A1358,40708,40819
IF30A1358,42520,42629
IF30A1358,44896,44978
IF30A1358,51001,51049
IF3ACC3E1,459,569
IF3ACC3E1,913,932
IF3ACC3E1,1191,1283
IF3ACC3E1,2654,2684
IF3ACC3E1,2911,3264
IF3ACC3E1,3631,3654
IF3ACC3E1,3814,3842
IF3ACC3E1,4218,4236
IF3ACC3E1,4642,4668
IF3ACC3E1,5009,5038
IF3ACC3E1,5304,5489
IF3ACC3E1,6211,6257
IF3ACC3E1,6866,6902
IF3ACC3E1,7926,8043
IF3ACC3E1,9644,9692
IF3ACC3E1,9988,10190
IF3ACC3E1,11022,11048
IF3ACC3E1,11730,11756
IF3ACC3E1,13078,13117
IF3ACC3E1,14347,14391
IF3ACC3E1,15601,15711
IF3ACC3E1,15905,15939
IF3ACC3E1,16848,16877
IF3ACC3E1,17210,17387
IF3ACC3E1,17916,17942
IF3ACC3E1,18535,18594
IF3ACC3E1,19564,19616
IF3ACC3E1,20460,20722
IF3ACC3E1,21689,21715
IF3ACC3E1,22312,22425
IF3ACC3E1,23139,23166
IF3ACC3E1,23646,23907
IF3ACC3E1,24719,24767
IF3ACC3E1,25192,25256
IF3ACC3E1,25693,25752
IF3ACC3E1,26232,26270
IF3ACC3E1,26703,26741
IF3ACC3E1,27471,27613
IF3ACC3E1,28012,28043
IF3ACC3E1,28468,28500
IF3ACC3E1,28807,29020
IF3ACC3E1,29873,29915
IF3ACC3E1,30273,30310
IF3ACC3E1,30883,30915
IF3ACC3E1,31153,31173
IF428CDDB,225,242
IF428CDDB,244,304
IF428CDDB,306,331
IF428CDDB,333,367
IF428CDDB,369,394
IF428CDDB,396,423
IF428CDDB,425,450
IF428CDDB,452,482
IF428CDDB,484,517
IF428CDDB,519,552
IF428CDDB,554,591
IF428CDDB,593,636
IF428CDDB,638,655
IF428CDDB,657,683
IF428CDDB,685,722
IF428CDDB,724,758
IF428CDDB,760,779
IF428CDDB,781,798
IF428CDDB,800,820
IF428CDDB,822,877
IF428CDDB,879,917
IF428CDDB,919,942
IF428CDDB,944,980
IF428CDDB,982,998
IF428CDDB,1000,1029
IF428CDDB,1031,1049
IF428CDDB,1051,1075
IF428CDDB,1077,1101
IF428CDDB,1103,1159
IF428CDDB,1161,1202
IF428CDDB,1204,1237
IF428CDDB,1239,1266
IF428CDDB,1268,1300
IF428CDDB,1302,1325
IF428CDDB,1327,1348
IF428CDDB,1350,1378
IF428CDDB,1380,1401
IF428CDDB,1403,1428
IF428CDDB,1430,1459
IF428CDDB,1461,1482
IF428CDDB,1484,1521
IF428CDDB,1523,1539
IF428CDDB,1541,1554
IF428CDDB,1556,1568
IF428CDDB,1570,1614
IF428CDDB,1616,1648
IF428CDDB,1650,1682
IF428CDDB,1684,1715
IF428CDDB,1717,1757
IF428CDDB,1759,1792
IF428CDDB,1794,1826
IF428CDDB,1828,1889
IF428CDDB,1891,1922
IF428CDDB,1924,1966
IF428CDDB,1968,1998
IF428CDDB,2000,2025
IF428CDDB,2027,2064
IF428CDDB,2066,2115
IF428CDDB,2117,2158
IF428CDDB,2160,2175
IF428CDDB,2177,2198
IF428CDDB,2200,2238
IF428CDDB,2240,2261
IF428CDDB,2263,2276
IF428CDDB,2278,2290
IF428CDDB,2292,2310
IF428CDDB,2312,2326
IF428CDDB,2328,2361
IF428CDDB,2363,2378
IF428CDDB,2380,2402
IF428CDDB,2404,2412
IF428CDDB,2414,2447
IF428CDDB,2449,2470
IF428CDDB,2472,2488
IF428CDDB,2490,2518
IF428CDDB,2520,2554
IF428CDDB,2556,2583
IF428CDDB,2585,2599
IF428CDDB,2601,2624
IF428CDDB,2626,2648
IF428CDDB,2650,2663
IF428CDDB,2665,2677
IF428CDDB,2679,2707
IF428CDDB,2709,2734
IF428CDDB,2736,2762
IF428CDDB,2764,2791
IF428CDDB,2793,2820
IF428CDDB,2822,2847
IF428CDDB,2849,2878
IF428CDDB,2880,2906
IF428CDDB,2908,2928
IF428CDDB,2930,2974
IF428CDDB,2976,3015
IF428CDDB,3017,3031
IF428CDDB,3033,3054
IF428CDDB,3056,3092
IF428CDDB,3094,3115
IF428CDDB,3117,3130
IF428CDDB,3132,3144
IF428CDDB,3146,3180
IF428CDDB,3182,3208
IF428CDDB,3210,3238
IF428CDDB,3240,3262
IF428CDDB,3264,3294
IF428CDDB,3296,3309
IF428CDDB,3311,3323
IF428CDDB,3325,3343
IF428CDDB,3345,3388
IF428CDDB,3390,3402
IF428CDDB,3404,3449
IF428CDDB,3451,3464
IF428CDDB,3466,3478
IF428CDDB,3480,3496
IF428CDDB,3498,3515
IF428CDDB,3517,3573
IF428CDDB,3575,3616
IF428CDDB,3618,3646
IF428CDDB,3648,3660
IF428CDDB,3662,3674
IF428CDDB,3676,3686
IF428CDDB,3688,3712
IF428CDDB,3714,3744
IF428CDDB,3746,3790
IF428CDDB,3792,3805
IF428CDDB,3807,3819
IF428CDDB,3821,3833
IF428CDDB,3835,3857
IF428CDDB,3859,3880
IF428CDDB,3882,3913
IF428CDDB,3915,3936
IF428CDDB,3938,3951
IF428CDDB,3953,3965
IF428CDDB,3967,3996
IF428CDDB,3998,4038
IF428CDDB,4040,4072
IF428CDDB,4074,4105
IF428CDDB,4107,4129
IF428CDDB,4131,4163
IF428CDDB,4165,4199
IF428CDDB,4201,4226
IF428CDDB,4228,4263
IF428CDDB,4265,4282
IF428CDDB,4284,4302
IF428CDDB,4304,4325
IF428CDDB,4327,4354
IF428CDDB,4356,4384
IF428CDDB,4386,4417
IF428CDDB,4419,4443
IF428CDDB,4445,4460
IF428CDDB,4462,4493
IF428CDDB,4495,4535
IF428CDDB,4537,4558
IF428CDDB,4560,4609
IF428CDDB,4611,4627
IF428CDDB,4629,4642
IF428CDDB,4644,4656
IF428CDDB,4658,4674
IF428CDDB,4676,4703
IF428CDDB,4705,4725
IF428CDDB,4727,4759
IF428CDDB,4761,4784
IF428CDDB,4786,4806
IF428CDDB,4808,4842
IF428CDDB,4844,4875
IF428CDDB,4877,4913
IF428CDDB,4915,4936
IF428CDDB,4938,4969
IF428CDDB,4971,5006
IF428CDDB,5008,5028
IF428CDDB,5030,5050
IF428CDDB,5052,5077
IF428CDDB,5079,5114
IF428CDDB,5116,5147
IF428CDDB,5149,5168
IF428CDDB,5170,5195
IF428CDDB,5197,5232
IF428CDDB,5234,5265
IF428CDDB,5267,5297
IF428CDDB,5299,5328
IF428CDDB,5330,5345
IF428CDDB,5347,5368
IF428CDDB,5370,5438
IF428CDDB,5440,5456
IF428CDDB,5458,5471
IF428CDDB,5473,5485
IF428CDDB,5487,5510
IF428CDDB,5512,5539
IF428CDDB,5541,5570
IF428CDDB,5572,5604
IF428CDDB,5606,5627
IF428CDDB,5629,5652
IF428CDDB,5654,5684
IF428CDDB,5686,5708
IF428CDDB,5710,5741
IF428CDDB,5743,5764
IF428CDDB,5766,5806
IF428CDDB,5808,5816
IF428CDDB,5818,5838
IF428CDDB,5840,5855
IF428CDDB,5857,5878
IF428CDDB,5880,5944
IF428CDDB,5946,5962
IF428CDDB,5964,5977
IF428CDDB,5979,5991
IF428CDDB,5993,6016
IF428CDDB,6018,6054
IF428CDDB,6056,6094
IF428CDDB,6096,6118
IF428CDDB,6120,6144
IF428CDDB,6146,6169
IF428CDDB,6171,6208
IF428CDDB,6210,6242
IF428CDDB,6244,6281
IF428CDDB,6283,6309
IF428CDDB,6311,6326
IF428CDDB,6328,6349
IF428CDDB,6351,6401
IF428CDDB,6403,6419
IF428CDDB,6421,6434
IF428CDDB,6436,6448
IF428CDDB,6450,6481
IF428CDDB,6483,6531
IF428CDDB,6533,6572
IF428CDDB,6574,6614
IF428CDDB,6616,6658
IF428CDDB,6660,6705
IF428CDDB,6707,6736
IF428CDDB,6738,6759
IF428CDDB,6761,6776
IF428CDDB,6778,6810
IF428CDDB,6812,6864
IF428CDDB,6866,6882
IF428CDDB,6884,6900
IF428CDDB,6902,6919
IF428CDDB,6921,6960
IF428CDDB,6962,7009
IF428CDDB,7011,7032
IF428CDDB,7034,7074
IF428CDDB,7076,7104
IF428CDDB,7106,7135
IF428CDDB,7137,7170
IF428CDDB,7172,7202
IF428CDDB,7204,7227
IF428CDDB,7229,7243
IF428CDDB,7245,7264
IF428CDDB,7266,7279
IF428CDDB,7281,7293
IF428CDDB,7295,7324
IF428CDDB,7326,7354
IF428CDDB,7356,7382
IF428CDDB,7384,7407
IF428CDDB,7409,7421
IF428CDDB,7423,7444
IF428CDDB,7446,7482
IF428CDDB,7484,7500
IF428CDDB,7502,7515
IF428CDDB,7517,7529
IF428CDDB,7531,7549
IF428CDDB,7551,7568
IF428CDDB,7570,7592
IF428CDDB,7594,7618
IF428CDDB,7620,7644
IF428CDDB,7646,7678
IF428CDDB,7680,7721
IF428CDDB,7723,7740
IF428CDDB,7742,7753
IF428CDDB,7755,7767
IF428CDDB,7769,7780
IF428CDDB,7782,7793
IF428CDDB,7795,7814
IF428CDDB,7816,7829
IF428CDDB,7831,7852
IF428CDDB,7854,7921
IF428CDDB,7923,7939
IF428CDDB,7941,7954
IF428CDDB,7956,7968
IF428CDDB,7970,7991
IF428CDDB,7993,8017
IF428CDDB,8019,8055
IF428CDDB,8057,8098
IF428CDDB,8100,8139
IF428CDDB,8141,8160
IF428CDDB,8162,8197
IF428CDDB,8199,8218
IF428CDDB,8220,8254
IF428CDDB,8256,8295
IF428CDDB,8297,8315
IF428CDDB,8317,8356
IF428CDDB,8358,8382
IF428CDDB,8384,8409
IF428CDDB,8411,8436
IF428CDDB,8438,8483
IF428CDDB,8485,8534
IF428CDDB,8536,8570
IF428CDDB,8572,8596
IF428CDDB,8598,8637
IF428CDDB,8639,8684
IF428CDDB,8686,8721
IF428CDDB,8723,8737
IF428CDDB,8739,8767
IF428CDDB,8769,8797
IF428CDDB,8799,8814
IF428CDDB,8816,8837
IF428CDDB,8839,8870
IF428CDDB,8872,8920
IF428CDDB,8922,8943
IF428CDDB,8945,8978
IF428CDDB,8980,9000
IF428CDDB,9002,9023
IF428CDDB,9025,9045
IF428CDDB,9047,9086
IF428CDDB,9088,9116
IF428CDDB,9118,9147
IF428CDDB,9149,9175
IF428CDDB,9177,9203
IF428CDDB,9205,9225
IF428CDDB,9227,9251
IF428CDDB,9253,9273
IF428CDDB,9275,9301
IF428CDDB,9303,9350
IF428CDDB,9352,9379
IF428CDDB,9381,9433
IF428CDDB,9435,9453
IF428CDDB,21218,21248
IF428CDDB,22206,22334
IF428CDDB,23311,23346
IF428CDDB,24297,24447
IF428CDDB,25065,25106
IF428CDDB,26664,26994
IF428CDDB,28444,28478
IF428CDDB,30791,30826
IF428CDDB,32823,32865
IF428CDDB,35418,35444
IF428CDDB,37161,37295
IF428CDDB,37476,37501
IF428CDDB,37855,37882
IF428CDDB,38068,38095
IF428CDDB,38443,38460
IF428CDDB,38625,38641
IF428CDDB,38864,38885
IF428CDDB,38964,38995
IF428CDDB,40108,40357
IF428CDDB,45831,45878
IF428CDDB,48178,48519
IF428CDDB,51792,51824
IF428CDDB,53256,53455
IF428CDDB,56566,56722
IF428CDDB,59352,59387
IF428CDDB,60405,60522
IF428CDDB,61020,61138
IF428CDDB,61401,61422
IF428CDDB,62128,62151
IF428CDDB,62564,62592
IF428CDDB,64361,64560
IF428CDDB,65078,65264
IF428CDDB,66740,66783
IF428CDDB,67414,67462
IF428CDDB,68627,68649
IF428CDDB,69087,69118
IF428CDDB,69637,69672
IF428CDDB,75667,75696
IF428CDDB,76514,76685
IF428CDDB,77383,77588
IF428CDDB,78478,78570
IF428CDDB,80453,80500
IF428CDDB,82623,82756
IF428CDDB,83304,83449
IF428CDDB,84333,84368
IF428CDDB,85400,85562
IF428CDDB,87399,87685
IF428CDDB,90033,90083
IF428CDDB,91469,91505
IF428CDDB,95997,96203
IF428CDDB,96798,96965
IF428CDDB,97525,97758
IF428CDDB,99088,99125
IF428CDDB,99384,99423
IF428CDDB,99728,99765
IF428CDDB,100151,100186
IF428CDDB,101112,101218
IF428CDDB,101644,101665
IF428CDDB,103362,103516
IF428CDDB,104713,104737
IF428CDDB,107136,107157
IF428CDDB,108367,108389
IF428CDDB,108874,109038
IF428CDDB,109794,110077
IF428CDDB,111497,111538
IF428CDDB,112268,112291
IF428CDDB,115063,115156
IF428CDDB,116759,116800
IF428CDDB,117813,117933
IF428CDDB,119310,119472
IF428CDDB,121364,121399
IF428CDDB,122613,122635
IF428CDDB,122829,122852
IF428CDDB,125612,125690
IF428CDDB,126349,126639
IF428CDDB,127752,127822
IF428CDDB,131095,131192
IF428CDDB,131566,131596
IF428CDDB,132287,132384
IF428CDDB,132743,132773
IF428CDDB,133386,133482
IF428CDDB,134029,134059
IF428CDDB,135295,135324
IF428CDDB,135517,135707
IF428CDDB,136268,136308
IF428CDDB,136734,136891
IF428CDDB,138001,138032
IF428CDDB,138654,138851
IF428CDDB,139168,139207
IF428CDDB,139497,139633
IF428CDDB,140170,140202
IF428CDDB,140692,140779
IF428CDDB,142060,142081
IF428CDDB,142616,142715
IF428CDDB,142885,143020
IF428CDDB,143478,143515
IF428CDDB,144531,144651
IF428CDDB,145434,145472
IF428CDDB,146662,146682
IF428CDDB,147076,147096
IF428CDDB,147378,147504
IF428CDDB,148220,148468
IF428CDDB,149458,149598
IF428CDDB,150639,150673
IF428CDDB,151222,151337
IF428CDDB,152420,152480
IF428CDDB,153951,154047
IF428CDDB,154212,154446
IF428CDDB,155947,155990
IF428CDDB,156432,156474
IF428CDDB,156978,157020
IF428CDDB,157492,157543
IF428CDDB,157982,158031
IF428CDDB,159405,159425
IF428CDDB,159872,159980
IF428CDDB,160114,160572
IF428CDDB,161330,161448
IF428CDDB,161976,162005
IF428CDDB,163686,163719
IF428CDDB,164167,164343
IF428CDDB,164653,164698
IF428CDDB,165056,165092
IF428CDDB,165404,165567
IF428CDDB,166096,166148
IF428CDDB,166387,166416
IF428CDDB,167115,167160
IF428CDDB,167826,167860
IF428CDDB,168629,168655
IF428CDDB,169017,169066
IF428CDDB,169695,169937
IF428CDDB,170364,170397
IF428CDDB,171132,171169
IF428CDDB,171894,171947
IF428CDDB,172563,172665
IF428CDDB,173546,173707
IF428CDDB,174296,174322
IF428CDDB,175276,175311
IF428CDDB,175759,175917
IF428CDDB,176139,176187
IF428CDDB,176794,176818
IF428CDDB,177852,177897
IF428CDDB,178810,178956
IF428CDDB,179149,179325
IF428CDDB,179918,179944
IF428CDDB,180203,180245
IF428CDDB,181217,181241
IF428CDDB,182749,182780
IF428CDDB,183331,183373
IF428CDDB,183791,183911
IF428CDDB,184132,184324
IF428CDDB,184725,184750
IF428CDDB,186714,186756
IF428CDDB,187149,187176
IF428CDDB,187840,187864
IF428CDDB,188719,188815
IF428CDDB,189332,189352
IF428CDDB,192503,192614
IF428CDDB,193816,193854
IF428CDDB,194273,194384
IF428CDDB,195123,195143
IF428CDDB,196574,196594
IF428CDDB,197401,197429
IF428CDDB,197814,197834
IF428CDDB,198275,198450
IF428CDDB,199090,199306
IF428CDDB,200993,201041
IF428CDDB,202672,202893
IF428CDDB,203620,203753
IF428CDDB,204289,204408
IF428CDDB,204901,204933
IF428CDDB,205627,205661
IF428CDDB,206340,206417
IF428CDDB,206890,207121
IF428CDDB,207958,208013
IF428CDDB,208937,208982
IF428CDDB,210066,210108
IF428CDDB,210380,210400
IF428CDDB,210558,210754
IF428CDDB,213415,213450
IF428CDDB,214518,214623
IF428CDDB,215469,215655
IF428CDDB,216687,216715
IF428CDDB,217805,217834
IF428CDDB,219012,219042
IF428CDDB,220405,220435
IF428CDDB,221473,221506
IF428CDDB,222897,223184
IF428CDDB,223695,223745
IF428CDDB,224247,224366
IF428CDDB,225700,225727
IF428CDDB,226325,226448
IF428CDDB,227943,228079
IF428CDDB,228467,228507
IF428CDDB,229308,229411
IF428CDDB,230407,230437
IF428CDDB,231299,231468
IF428CDDB,231591,231611
IF428CDDB,232978,232996
IF428CDDB,233183,233220
IF428CDDB,234188,234218
IF428CDDB,234874,235093
IF428CDDB,235786,235909
IF428CDDB,236177,236229
IF428CDDB,237577,237621
IF428CDDB,238459,238479
IF428CDDB,238890,239202
IF428CDDB,239516,239666
IF428CDDB,240350,240473
IF428CDDB,241484,241576
IF428CDDB,241919,242002
IF428CDDB,244074,244101
IF428CDDB,245169,245331
IF428CDDB,246240,246353
IF428CDDB,246531,246679
IF428CDDB,248350,248434
IF428CDDB,248829,248849
IF428CDDB,250052,250070
IF428CDDB,250442,250646
IF428CDDB,251442,251471
IF428CDDB,252273,252312
IF428CDDB,253551,253593
IF428CDDB,253833,254006
IF428CDDB,256091,256121
IF428CDDB,258009,258205
IF428CDDB,259534,259560
IF428CDDB,260053,260089
IF428CDDB,260363,260388
IF428CDDB,261463,261487
IF428CDDB,262507,262619
IF428CDDB,263718,263734
IF428CDDB,264370,264501
IF428CDDB,265676,265703
IF428CDDB,266201,266222
IF428CDDB,266610,266630
IF428CDDB,266971,267204
IF428CDDB,269011,269295
IF428CDDB,269759,269796
IF428CDDB,270408,270446
IF428CDDB,270964,270991
IF428CDDB,271630,271658
IF428CDDB,272404,272438
IF428CDDB,272633,272665
IF428CDDB,273076,273113
IF428CDDB,274112,274140
IF428CDDB,274578,274675
IF428CDDB,276064,276092
IF428CDDB,277721,277742
IF428CDDB,278211,278231
IF428CDDB,278683,278880
IF428CDDB,279667,279931
IF428CDDB,283849,283895
IF428CDDB,286887,286917
IF428CDDB,287377,287407
IF428CDDB,288141,288323
IF428CDDB,289548,289588
IF428CDDB,290215,290260
IF428CDDB,292063,292094
IF428CDDB,294302,294323
IF428CDDB,295062,295082
IF428CDDB,295351,295632
IF428CDDB,295994,296255
IF428CDDB,299040,299151
IF428CDDB,300134,300339
IF428CDDB,301685,301738
IF428CDDB,302457,302494
IF428CDDB,303527,303635
IF428CDDB,304070,304110
IF428CDDB,305457,305578
IF428CDDB,306153,306177
IF428CDDB,308325,308502
IF428CDDB,311045,311100
IF428CDDB,312743,312772
IF428CDDB,313073,313345
IF428CDDB,314228,314269
IF428CDDB,315435,315473
IF428CDDB,317133,317161
IF428CDDB,318259,318277
IF428CDDB,318428,318488
IF428CDDB,318797,318959
IF428CDDB,321667,321703
IF428CDDB,323207,323241
IF428CDDB,325741,325771
IF428CDDB,326553,326573
IF428CDDB,327674,327694
IF428CDDB,327999,328099
IF428CDDB,328779,328953
IF428CDDB,330240,330270
IF428CDDB,331212,331244
IF428CDDB,332421,332583
IF428CDDB,333347,333396
IF428CDDB,334944,335047
IF428CDDB,336997,337017
IF428CDDB,339608,339627
IF428CDDB,340994,341093
IF428CDDB,342214,342259
IF428CDDB,344462,344499
IF428CDDB,346615,346636
IF428CDDB,347824,347844
IF428CDDB,348502,348780
IF428CDDB,349883,350136
IF428CDDB,351238,351434
IF428CDDB,352122,352169
IF428CDDB,353184,353211
IF428CDDB,353516,353603
IF428CDDB,354228,354257
IF428CDDB,354914,355122
IF428CDDB,356641,356901
IF428CDDB,357040,357082
IF428CDDB,357528,357565
IF428CDDB,361128,361155
IF428CDDB,361375,361522
IF428CDDB,362408,362593
IF428CDDB,367253,367318
IF428CDDB,368756,368777
IF428CDDB,370518,370601
IF428CDDB,370887,371031
IF428CDDB,372724,372784
IF428CDDB,374001,374082
IF428CDDB,374238,374258
IF428CDDB,376657,376875
IF428CDDB,377635,377692
IF428CDDB,378284,378326
IF428CDDB,379551,379819
IF428CDDB,380251,380294
IF428CDDB,381089,381109
IF428CDDB,381402,381442
IF428CDDB,383191,383249
IF428CDDB,384811,384832
IF428CDDB,385916,385936
IF428CDDB,386578,386752
IF428CDDB,388052,388240
IF428CDDB,389204,389228
IF428CDDB,389928,389977
IF428CDDB,391444,391471
IF428CDDB,392268,392294
IF428CDDB,393708,393762
IF428CDDB,394969,395125
IF428CDDB,396197,396231
IF428CDDB,397076,397110
IF428CDDB,397660,397799
IF428CDDB,398268,398296
IF428CDDB,398983,399017
IF428CDDB,400214,400418
IF428CDDB,401609,401653
IF428CDDB,402216,402261
IF428CDDB,402873,402920
IF428CDDB,403831,403847
IF428CDDB,404417,404441
IF428CDDB,405025,405151
IF428CDDB,405850,405880
IF428CDDB,406458,406487
IF4C4BF01,358,375
IF4C4BF01,377,451
IF4C4BF01,453,468
IF4C4BF01,470,494
IF4C4BF01,496,517
IF4C4BF01,519,544
IF4C4BF01,546,562
IF4C4BF01,564,593
IF4C4BF01,595,626
IF4C4BF01,628,695
IF4C4BF01,697,752
IF4C4BF01,754,788
IF4C4BF01,790,843
IF4C4BF01,845,869
IF4C4BF01,871,887
IF4C4BF01,889,907
IF4C4BF01,909,928
IF4C4BF01,930,951
IF4C4BF01,953,968
IF4C4BF01,970,980
IF4C4BF01,982,990
IF4C4BF01,992,1003
IF4C4BF01,1005,1017
IF4C4BF01,1019,1030
IF4C4BF01,1031,1061
IF4C4BF01,1063,1096
IF4C4BF01,1098,1113
IF4C4BF01,1115,1139
IF4C4BF01,1141,1163
IF4C4BF01,1165,1181
IF4C4BF01,1183,1213
IF4C4BF01,1215,1237
IF4C4BF01,1239,1263
IF4C4BF01,1265,1280
IF4C4BF01,1282,1312
IF4C4BF01,1314,1343
IF4C4BF01,1345,1367
IF4C4BF01,1369,1401
IF4C4BF01,1403,1426
IF4C4BF01,1428,1441
IF4C4BF01,1443,1478
IF4C4BF01,1480,1496
IF4C4BF01,1498,1535
IF4C4BF01,1537,1566
IF4C4BF01,1568,1594
IF4C4BF01,1596,1621
IF4C4BF01,1623,1651
IF4C4BF01,1653,1680
IF4C4BF01,1682,1716
IF4C4BF01,1718,1753
IF4C4BF01,1755,1774
IF4C4BF01,1776,1845
IF4C4BF01,1847,1883
IF4C4BF01,1885,1910
IF4C4BF01,1912,1951
IF4C4BF01,1953,1989
IF4C4BF01,1991,2003
IF4C4BF01,2005,2024
IF4C4BF01,2026,2047
IF4C4BF01,2049,2077
IF4C4BF01,2079,2095
IF4C4BF01,2097,2122
IF4C4BF01,2124,2151
IF4C4BF01,2153,2177
IF4C4BF01,2179,2205
IF4C4BF01,2207,2255
IF4C4BF01,2257,2285
IF4C4BF01,2287,2323
IF4C4BF01,2325,2362
IF4C4BF01,2364,2391
IF4C4BF01,2393,2429
IF4C4BF01,2431,2483
IF4C4BF01,2485,2526
IF4C4BF01,2528,2556
IF4C4BF01,2558,2573
IF4C4BF01,2575,2601
IF4C4BF01,2603,2634
IF4C4BF01,2636,2660
IF4C4BF01,2662,2689
IF4C4BF01,2691,2716
IF4C4BF01,2718,2741
IF4C4BF01,2743,2772
IF4C4BF01,2774,2802
IF4C4BF01,2804,2820
IF4C4BF01,2822,2841
IF4C4BF01,2843,2859
IF4C4BF01,2861,2879
IF4C4BF01,2881,2896
IF4C4BF01,2898,2908
IF4C4BF01,2910,2937
IF4C4BF01,2939,2973
IF4C4BF01,2975,3024
IF4C4BF01,3026,3068
IF4C4BF01,3070,3096
IF4C4BF01,3098,3120
IF4C4BF01,3122,3160
IF4C4BF01,3162,3205
IF4C4BF01,3207,3220
IF4C4BF01,3222,3247
IF4C4BF01,3249,3277
IF4C4BF01,3279,3315
IF4C4BF01,3317,3345
IF4C4BF01,3347,3381
IF4C4BF01,3383,3420
IF4C4BF01,3422,3468
IF4C4BF01,3470,3524
IF4C4BF01,3526,3545
IF4C4BF01,3547,3560
IF4C4BF01,3562,3574
IF4C4BF01,3576,3594
IF4C4BF01,3596,3618
IF4C4BF01,3620,3647
IF4C4BF01,3649,3695
IF4C4BF01,3697,3768
IF4C4BF01,3770,3785
IF4C4BF01,3787,3811
IF4C4BF01,3813,3840
IF4C4BF01,3842,3867
IF4C4BF01,3869,3891
IF4C4BF01,3893,3921
IF4C4BF01,3923,3954
IF4C4BF01,3956,4027
IF4C4BF01,4029,4084
IF4C4BF01,4086,4120
IF4C4BF01,4122,4175
IF4C4BF01,4177,4201
IF4C4BF01,4203,4218
IF4C4BF01,4220,4230
IF4C4BF01,4232,4243
IF4C4BF01,4245,4257
IF4C4BF01,4259,4272
IF4C4BF01,4274,4283
IF4C4BF01,4285,4305
IF4C4BF01,4307,4328
IF4C4BF01,4330,4350
IF4C4BF01,4352,4382
IF4C4BF01,4384,4404
IF4C4BF01,4406,4420
IF4C4BF01,4422,4441
IF4C4BF01,4443,4471
IF4C4BF01,4473,4492
IF4C4BF01,4494,4510
IF4C4BF01,4512,4540
IF4C4BF01,4542,4560
IF4C4BF01,4561,4592
IF4C4BF01,11791,12048
IF4C4BF01,17991,18023
IF4C4BF01,26400,26428
IF4C4BF01,34061,34096
IF4C4BF01,42676,43049
IF4C4BF01,55645,55732
IF4C4BF01,56004,56039
IF4C4BF01,58032,58093
IF4C4BF01,59298,59663
IF4C4BF01,60241,60292
IF4C4BF01,60423,60486
IF4C4BF01,61028,61043
IF4C4BF01,61411,61426
IF4C4BF01,61667,61681
IF4C4BF01,66322,66370
IF4C4BF01,70563,70798
IF4C4BF01,73055,73078
IF4C4BF01,74868,74918
IF4C4BF01,92139,92274
IF4C4BF01,93332,93607
IF4C4BF01,94333,94362
IF4C4BF01,94859,94885
IF4C4BF01,95617,95649
IF4C4BF01,97274,97295
IF4C4BF01,98178,98204
IF4C4BF01,99404,99570
IF4C4BF01,106152,106170
IF4C4BF01,119879,120263
IF4C4BF01,125690,125720
IF4C4BF01,127101,127128
IF4C4BF01,127607,127644
IF4C4BF01,128045,128073
IF4C4BF01,132225,132408
IF4C4BF01,132902,132927
IF4C4BF01,133268,133298
IF4C4BF01,133492,133527
IF4C4BF01,139243,139272
IF4C4BF01,147781,147930
IF4C4BF01,150246,150268
IF4C4BF01,152790,152833
IF4C4BF01,158563,158678
IF4C4BF01,169641,169780
IF4C4BF01,181185,181218
IF4C4BF01,183195,183235
IF4C4BF01,184538,184578
IF4C4BF01,191305,191644
IF4C4BF01,198294,198330
IF4C4BF01,203346,203537
IF4C4BF01,204607,204636
IF4C4BF01,205881,205905
IF4C4BF01,206775,206795
IF4C4BF01,212372,212424
IF4C4BF01,215192,215276
IF4C4BF01,217969,217996
IF4C4BF01,218439,218475
IF4C4BF01,220373,220395
IF4C4BF01,221751,221775
IF4C4BF01,224893,224912
IF4C4BF01,229345,229362
IF4C4BF01,234116,234147
IF4C4BF01,237794,237840
IF4C4BF01,250667,250700
IF4C4BF01,252444,252682
IF4C4BF01,256789,256947
IF4C4BF01,259239,259268
IF4C4BF01,272272,272297
IF4C4BF01,280078,280135
IF4C4BF01,281909,281954
IF4C4BF01,288136,288300
IF4C4BF01,295436,295496
IF4C4BF01,304554,304574
IF4C4BF01,340939,341231
IF4C4BF01,342703,342728
IF4C4BF01,345023,345046
IF4C4BF01,346317,346350
IF4C4BF01,349491,349851
IF4C4BF01,352328,352389
IF4C4BF01,353541,353659
IF4C4BF01,354048,354073
IF4C4BF01,354810,354868
IF4C4BF01,357330,357361
IF4C4BF01,358438,358548
IF4C4BF01,359311,359375
IF4C4BF01,359637,359654
IF4C4BF01,367100,367302
IF4C4BF01,368490,368517
IF4C4BF01,369699,369725
IF4C4BF01,370627,370662
IF4C4BF01,371225,371267
IF4C4BF01,372292,372312
IF4C4BF01,378403,378547
IF4C4BF01,381831,381872
IF69FF8A7,1302,1621
IF69FF8A7,3286,3387
IF69FF8A7,20785,21025
IF69FF8A7,24804,24852
IF69FF8A7,26743,26803
IF69FF8A7,31236,31259
IF69FF8A7,32943,33011
IF69FF8A7,39405,39516
IF69FF8A7,41158,41189
IF69FF8A7,42747,42876
IF69FF8A7,43276,43378
IF69FF8A7,44660,44690
IF69FF8A7,48299,48330
IF69FF8A7,52282,52540
IF69FF8A7,54624,54680
IF69FF8A7,55122,55167
IF69FF8A7,56601,56707
IF69FF8A7,58452,58480
IF69FF8A7,64571,64612
IF69FF8A7,68530,68554
IF6B54962,192,525
IF6B54962,571,596
IF6B54962,631,676
IF6B54962,2453,2552
IF6B54962,2627,2710
IF6B54962,3198,3288
IF6B54962,3996,4001
IF6B54962,4381,4387
IF6B54962,4772,4778
IF6B54962,5147,5152
IF6B54962,5525,5530
IF6B54962,6321,6325
IF6B54962,6912,7110
IF6B54962,7521,7527
IF6B54962,7866,8042
IF6B54962,8693,8799
IF6B54962,9054,9133
IF6B54962,9406,9578
IF6B54962,9731,9763
IF7A04537,30329,30396
IF7A04537,30398,30427
IF7A04537,30900,30971
IF7A04537,30973,30997
IF7A04537,31227,31287
IF7A04537,31739,31881
IF7A04537,31883,31916
IF7A04537,32288,32374
IF7A04537,32376,32403
IF7A04537,32938,33028
IF7A04537,33030,33054
IF7A04537,33107,33202
IF7A04537,33204,33228
IF7A04537,33604,33706
IF7A04537,33708,33760
IF7A04537,34099,34124
IF7A04537,36086,36111
IF7A04537,37928,37953
IF7A04537,38331,38354
IF7A04537,38631,38657
IF7A04537,38908,38946
IF7A04537,40791,40847
IF7A04537,40849,40879
IF7A04537,40925,40996
IF7A04537,40998,41030
IF7A04537,41102,41146
IF7A04537,41494,41524
IF7A04537,41647,41671
IF7A04537,41830,41856
IF7A04537,47584,47655
IF7A04537,47657,47679
IF7A04537,47874,47963
IF7A04537,47965,47997
IF7A04537,48124,48175
IF7A04537,48735,48759
IF7A04537,48999,49027
IF7A04537,49202,49281
IF7A04537,49283,49328
IF7A04537,49386,49431
IF7A04537,49918,50015
IF7A04537,50017,50059
IF7A04537,50142,50282
IF7A04537,50467,50562
IF7A04537,50564,50586
IF7A04537,50688,50780
IF7A04537,50782,50815
IF7A04537,51097,51159
IF7A04537,51717,51734
IF7A04537,51877,51895
IF7A04537,52036,52047
IF7A04537,52196,52229
IF7A04537,52356,52375
IF7A04537,52937,52956
IF7A04537,53154,53338
IF7A04537,53340,53373
IF7A04537,53540,53589
IF7A04537,53941,53974
IF7A04537,54109,54127
IF7A04537,54224,54257
IF7A04537,54420,54446
IF7A04537,54573,54599
IF7A04537,54721,54744
IF7A04537,55117,55146
IF7A04537,60197,60234
IF7A04537,61817,61885
IF7A04537,61887,61909
IF7A04537,62182,62224
IF7A04537,62621,62643
IF7A04537,62956,62982
IF7A04537,63151,63200
IF7A04537,63355,63364
IF7A04537,63599,63608
IF7A04537,63893,63901
IF7A04537,64079,64118
IF7A04537,64397,64494
IF7A04537,64747,64780
IF7A04537,64947,64969
IF7A04537,65101,65126
IF7A04537,65343,65380
IF7A04537,65677,65728
IF7A04537,66012,66021
IF7A04537,66433,66464
IF7A04537,66833,66947
IF7A04537,66949,66987
IF7A04537,70724,71059
IF7A04537,71061,71138
IF7A04537,71501,71551
IF7A04537,72119,72153
IF7A04537,72615,72708
IF7A04537,72710,72743
IF7A04537,76220,76267
IF7A04537,76567,76634
IF7A04537,86018,86053
IF7A04537,86827,86891
IF7A04537,88850,88866
IF7A04537,89111,89149
IF7A04537,92059,92122
IF7A04537,93086,93137
IF7A04537,95898,95933
IF7A04537,98433,98515
IF7A04537,101014,101057
IF7A04537,102502,102546
IF7A04537,105227,105370
IF7A04537,105372,105418
IF7A04537,105894,105929
IF7A04537,107042,107080
IF7A04537,107754,107878
IF7A04537,107880,107909
IF7A04537,108049,108069
IF7A04537,109798,109832
IF7A04537,114690,114769
IF7A04537,115660,115680
IF7A04537,115956,115982
IF7A04537,117844,117865
IF7A04537,119860,119889
IF7A04537,120086,120198
IF7A04537,120200,120222
IF7A04537,120639,120689
IF7A04537,122526,122588
IF7A04537,123003,123055
IF7A04537,124103,124159
IF7A04537,124851,124903
IF7A04537,124905,124926
IF7A04537,127515,127556
IF7A04537,128035,128098
IF7A04537,128825,128857
IF7A04537,137770,137849
IF7A04537,137851,137877
IF7A04537,138801,138834
IF7A04537,139537,139554
IF7A04537,141695,141773
IF7A04537,141775,141797
IF7A04537,142528,142549
IF7A04537,143158,143189
IF7A04537,145466,145715
IF7A04537,145717,145769
IF7A04537,147376,147430
IF7A04537,148279,148334
IF7A04537,149427,149502
IF7A04537,150604,150656
IF7A04537,151829,151960
IF7A04537,152802,152846
IF7A04537,153893,153934
IF7A04537,162787,162876
IF7A04537,162878,162900
IF7A04537,164051,164104
IF7A04537,164106,164128
IF7A04537,164826,164877
IF7A04537,165458,165558
IF7A04537,165560,165589
IF7A04537,166008,166041
IF7A04537,166333,166366
IF7A04537,167117,167148
IF7A04537,167479,167509
IF7A04537,169085,169122
IF7A04537,182861,183041
IF7A04537,183043,183083
IF7A04537,183408,183433
IF7A04537,185897,185952
IF7A04537,191137,191231
IF7A04537,191233,191272
IF7A04537,191566,191694
IF7A04537,191696,191718
IF7A04537,192316,192339
IF7A04537,193090,193107
IF7A04537,193374,193407
IF7A04537,193409,193430
IF7A04537,193874,193890
IF7A04537,194590,194607
IF7A04537,194913,194965
IF7A04537,194967,195005
IF7A04537,195632,195655
IF7A04537,196013,196030
IF7A04537,196384,196411
IF7A04537,207500,207571
IF7A04537,207949,208021
IF7A04537,215328,215378
IF7A04537,215522,215701
IF7A04537,215703,215725
IF7A04537,216244,216269
IF7A04537,216551,216608
IF7A04537,216825,216921
IF7A04537,216923,216969
IF7A04537,217324,217347
IF7A04537,223531,223561
IF7A04537,223904,223973
IF7A04537,223975,224015
IF7A04537,224809,224838
IF7A04537,226483,226617
IF7A04537,226619,226662
IF7A04537,227872,227946
IF7A04537,228893,228960
IF7A04537,229427,229457
IF7A04537,230759,230788
IF7A04537,231786,231818
IF84B2E71,4553,4815
IF84B2E71,8120,8228
IF84B2E71,11640,11668
IF84B2E71,11912,12000
IF84B2E71,12615,12632
IF84B2E71,22657,22824
IF84B2E71,23127,23191
IF84B2E71,23327,23400
IF84B2E71,23862,23932
IF84B2E71,24164,24239
IF84B2E71,24376,24427
IF84B2E71,25264,25359
IF84B2E71,25684,25727
IF84B2E71,25856,25905
IF84B2E71,28373,28567
IF84B2E71,37904,38112
IF84B2E71,38318,38329
IF84B2E71,39246,39264
IF84B2E71,39456,39466
IF84B2E71,39854,39870
IF84B2E71,39960,40054
IF84B2E71,40136,40153
IF84B2E71,41522,41552
IF84B2E71,42286,42338
IF84B2E71,42388,42433
IF84B2E71,42494,42531
IF84B2E71,42919,42986
IF84B2E71,43230,43247
IF84B2E71,43799,43822
IF84B2E71,44000,44119
IF84B2E71,44323,44489
IF84B2E71,44689,44715
IF84B2E71,45164,45186
IF84B2E71,45315,45325
IF84B2E71,45473,45491
IF84B2E71,46653,46987
IF84B2E71,47073,47091
IF84B2E71,47211,47227
IF84B2E71,47367,47493
IF84B2E71,47813,47969
IF84B2E71,48903,48913
IF84B2E71,49076,49080
IF84B2E71,49149,49257
IF84B2E71,49396,49427
IF84B2E71,49963,49980
IF84B2E71,50440,50470
IF84B2E71,50638,50666
IF84B2E71,51065,51192
IF84B2E71,51334,51380
IF84B2E71,51569,51632
IF84B2E71,51766,51815
IF84B2E71,51994,52051
IF84B2E71,52755,52797
IF84B2E71,53953,54136
IF84B2E71,54393,54409
IF84B2E71,54599,54620
IF84B2E71,54726,54746
IF84B2E71,55197,55223
IF84B2E71,55879,55903
IF84B2E71,57365,57391
IF84B2E71,57803,57832
IF84B2E71,69268,69362
IF84B2E71,69575,69584
IF84B2E71,69767,69776
IF84B2E71,73058,73311
IF84B2E71,73465,73473
IF84B2E71,73705,73741
IF84B2E71,74300,74308
IF84B2E71,75024,75098
IF84B2E71,75517,75534
IF84B2E71,79054,79071
IF84B2E71,79712,79733
IF84B2E71,80327,80464
IF84B2E71,80731,80816
IF84B2E71,81807,81854
IF84B2E71,81904,82228
IF84B2E71,82389,82485
IF84B2E71,84217,84258
IF84B2E71,84365,84465
IF84B2E71,85557,85595
IF84B2E71,86625,86806
IF84B2E71,87020,87029
IF84B2E71,87171,87192
IF84B2E71,87343,87412
IF84B2E71,88158,88183
IF84B2E71,96132,96362
IF84B2E71,96364,96387
IF84B2E71,97129,97158
IF84B2E71,97627,97637
IF84B2E71,98108,98127
IF84B2E71,98960,99005
IF84B2E71,100792,100844
IF84B2E71,101102,101130
IF84B2E71,101580,101677
IF84B2E71,102069,102097
IF84B2E71,102406,102509
IF84B2E71,102626,102668
IF84B2E71,102856,102875
IF84B2E71,103179,103196
IF84B2E71,103265,103278
IF84B2E71,103884,103910
IF84B2E71,104791,104926
IF84B2E71,105400,105405
IF84B2E71,105874,105896
IF84B2E71,106207,106229
IF84B2E71,106866,107014
IF84B2E71,107163,107186
IF84B2E71,107388,107415
IF84B2E71,107675,107706
IF84B2E71,107769,107934
IF84B2E71,107992,108008
IF84B2E71,108181,108206
IF84B2E71,108259,108306
IF84B2E71,108308,108436
IF84B2E71,108438,108689
IF84B2E71,108691,108706
IF84B2E71,113578,113860
IF84B2E71,113985,114003
IF84B2E71,114309,114365
IF84B2E71,114675,114695
IF84B2E71,115770,115812
IF84B2E71,116466,116508
IF84B2E71,117691,117812
IF84B2E71,117908,117945
IF85C9484,607,624
IF85C9484,626,690
IF85C9484,691,751
IF85C9484,753,827
IF85C9484,829,844
IF85C9484,846,870
IF85C9484,872,892
IF85C9484,894,919
IF85C9484,921,937
IF85C9484,939,968
IF85C9484,970,1001
IF85C9484,1003,1070
IF85C9484,1072,1127
IF85C9484,1129,1163
IF85C9484,1165,1218
IF85C9484,1220,1244
IF85C9484,1246,1262
IF85C9484,1264,1282
IF85C9484,1284,1303
IF85C9484,1305,1326
IF85C9484,1328,1343
IF85C9484,1345,1355
IF85C9484,1357,1365
IF85C9484,1367,1378
IF85C9484,1380,1392
IF85C9484,1394,1405
IF85C9484,1406,1436
IF85C9484,1438,1471
IF85C9484,1473,1488
IF85C9484,1490,1514
IF85C9484,1516,1538
IF85C9484,1540,1556
IF85C9484,1558,1588
IF85C9484,1590,1612
IF85C9484,1614,1638
IF85C9484,1640,1655
IF85C9484,1657,1687
IF85C9484,1689,1718
IF85C9484,1720,1742
IF85C9484,1744,1776
IF85C9484,1778,1801
IF85C9484,1803,1816
IF85C9484,1818,1853
IF85C9484,1855,1871
IF85C9484,1873,1911
IF85C9484,1913,1942
IF85C9484,1944,1970
IF85C9484,1972,1997
IF85C9484,1999,2027
IF85C9484,2029,2056
IF85C9484,2058,2092
IF85C9484,2094,2129
IF85C9484,2131,2150
IF85C9484,2152,2221
IF85C9484,2223,2259
IF85C9484,2261,2286
IF85C9484,2288,2327
IF85C9484,2329,2365
IF85C9484,2367,2379
IF85C9484,2381,2400
IF85C9484,2402,2422
IF85C9484,2424,2452
IF85C9484,2454,2470
IF85C9484,2472,2497
IF85C9484,2499,2526
IF85C9484,2528,2552
IF85C9484,2554,2580
IF85C9484,2582,2630
IF85C9484,2632,2660
IF85C9484,2662,2698
IF85C9484,2700,2737
IF85C9484,2739,2766
IF85C9484,2768,2804
IF85C9484,2806,2858
IF85C9484,2860,2901
IF85C9484,2903,2931
IF85C9484,2933,2948
IF85C9484,2950,2976
IF85C9484,2978,3009
IF85C9484,3011,3035
IF85C9484,3037,3064
IF85C9484,3066,3091
IF85C9484,3093,3116
IF85C9484,3118,3147
IF85C9484,3149,3177
IF85C9484,3179,3195
IF85C9484,3197,3216
IF85C9484,3218,3234
IF85C9484,3236,3254
IF85C9484,3256,3271
IF85C9484,3273,3283
IF85C9484,3285,3312
IF85C9484,3314,3348
IF85C9484,3350,3399
IF85C9484,3401,3443
IF85C9484,3445,3471
IF85C9484,3473,3495
IF85C9484,3497,3535
IF85C9484,3537,3580
IF85C9484,3582,3595
IF85C9484,3597,3622
IF85C9484,3624,3652
IF85C9484,3654,3690
IF85C9484,3692,3720
IF85C9484,3722,3756
IF85C9484,3758,3795
IF85C9484,3797,3844
IF85C9484,3846,3900
IF85C9484,3902,3921
IF85C9484,3923,3936
IF85C9484,3938,3950
IF85C9484,3952,3970
IF85C9484,3972,3994
IF85C9484,3996,4023
IF85C9484,4025,4071
IF85C9484,4073,4144
IF85C9484,4146,4161
IF85C9484,4163,4187
IF85C9484,4189,4216
IF85C9484,4218,4243
IF85C9484,4245,4267
IF85C9484,4269,4297
IF85C9484,4299,4330
IF85C9484,4332,4403
IF85C9484,4405,4460
IF85C9484,4462,4496
IF85C9484,4498,4551
IF85C9484,4553,4577
IF85C9484,4579,4594
IF85C9484,4596,4606
IF85C9484,4608,4619
IF85C9484,4621,4633
IF85C9484,4635,4648
IF85C9484,4650,4659
IF85C9484,4661,4681
IF85C9484,4683,4704
IF85C9484,4706,4726
IF85C9484,4728,4756
IF85C9484,4758,4778
IF85C9484,4780,4794
IF85C9484,4796,4815
IF85C9484,4817,4845
IF85C9484,4847,4866
IF85C9484,4868,4884
IF85C9484,4886,4914
IF85C9484,4916,4934
IF85C9484,16784,17080
IF85C9484,17541,17567
IF85C9484,18014,18038
IF85C9484,18483,18519
IF85C9484,18970,19345
IF85C9484,19967,20030
IF85C9484,20662,20704
IF85C9484,21311,21380
IF85C9484,21976,22115
IF85C9484,22265,22291
IF85C9484,22405,22541
IF85C9484,22684,22715
IF85C9484,22864,22895
IF85C9484,23052,23086
IF85C9484,23240,23260
IF85C9484,23410,23432
IF85C9484,23585,23736
IF85C9484,23999,24019
IF85C9484,24313,24706
IF85C9484,25032,25060
IF85C9484,25214,25241
IF85C9484,25570,25607
IF85C9484,25754,25782
IF85C9484,26108,26296
IF85C9484,26560,26585
IF85C9484,26865,26895
IF85C9484,27046,27076
IF85C9484,27793,27822
IF85C9484,28183,28334
IF85C9484,28623,28647
IF85C9484,29781,29825
IF85C9484,30118,30233
IF85C9484,30516,30653
IF85C9484,30842,30875
IF85C9484,31017,31057
IF85C9484,31214,31254
IF85C9484,31408,31649
IF85C9484,31806,31838
IF85C9484,31990,32024
IF85C9484,32173,32208
IF85C9484,32360,32393
IF85C9484,32540,32717
IF85C9484,32855,32901
IF85C9484,33061,33096
IF85C9484,33241,33438
IF85C9484,33594,33625
IF85C9484,33778,33804
IF85C9484,33958,33980
IF85C9484,34125,34168
IF85C9484,35607,35748
IF85C9484,35978,36007
IF85C9484,36297,36327
IF85C9484,36622,36704
IF85C9484,37078,37094
IF85C9484,37249,37285
IF85C9484,38059,38081
IF85C9484,38212,38235
IF85C9484,38521,38540
IF85C9484,38822,38839
IF85C9484,39143,39160
IF85C9484,39972,40005
IF85C9484,45877,46208
IF85C9484,52152,52184
IF85C9484,60563,60591
IF85C9484,68225,68260
IF85C9484,76837,77210
IF85C9484,92147,92208
IF85C9484,93413,93815
IF85C9484,94393,94412
IF85C9484,94543,94604
IF85C9484,95145,95160
IF85C9484,95528,95543
IF85C9484,95784,95798
IF85C9484,100439,100487
IF85C9484,104681,104911
IF85C9484,107167,107190
IF85C9484,108981,109031
IF85C9484,126258,126393
IF85C9484,127452,127476
IF85C9484,127589,127727
IF85C9484,128453,128482
IF85C9484,128979,129005
IF85C9484,129739,129771
IF85C9484,131396,131417
IF85C9484,132300,132326
IF85C9484,133526,133692
IF85C9484,140274,140292
IF85C9484,154005,154389
IF85C9484,159816,159846
IF85C9484,161227,161254
IF85C9484,161733,161770
IF85C9484,162171,162199
IF85C9484,166351,166534
IF85C9484,167028,167053
IF85C9484,167394,167424
IF85C9484,167618,167653
IF85C9484,173373,173402
IF85C9484,181912,182061
IF85C9484,184377,184399
IF85C9484,185453,185733
IF85C9484,185815,185824
IF85C9484,185909,185918
IF85C9484,185976,185984
IF85C9484,186134,186141
IF85C9484,186217,186226
IF85C9484,186272,186281
IF85C9484,186365,186375
IF85C9484,186434,186442
IF85C9484,186515,186523
IF85C9484,186571,186584
IF85C9484,186963,187006
IF85C9484,192739,192854
IF85C9484,203842,203981
IF85C9484,215385,215418
IF85C9484,217396,217436
IF85C9484,218739,218779
IF85C9484,225532,225871
IF85C9484,232519,232565
IF85C9484,233380,233417
IF85C9484,233646,233672
IF85C9484,237572,237763
IF85C9484,238833,238862
IF85C9484,240107,240131
IF85C9484,241001,241021
IF85C9484,246736,246768
IF85C9484,249556,249640
IF85C9484,252333,252360
IF85C9484,252803,252839
IF85C9484,254740,254762
IF85C9484,256118,256142
IF85C9484,256466,256484
IF85C9484,257584,257604
IF85C9484,258073,258091
IF85C9484,259262,259281
IF85C9484,260327,260391
IF85C9484,261010,261028
IF85C9484,261617,261636
IF85C9484,263713,263730
IF85C9484,264594,264650
IF85C9484,265392,265408
IF85C9484,266487,266504
IF85C9484,268485,268516
IF85C9484,269774,269831
IF85C9484,270564,270584
IF85C9484,271182,271200
IF85C9484,272165,272211
IF85C9484,285038,285071
IF85C9484,286815,287053
IF85C9484,291160,291318
IF85C9484,293610,293639
IF85C9484,302768,302900
IF85C9484,303076,303085
IF85C9484,303163,303182
IF85C9484,303263,303276
IF85C9484,303647,303667
IF85C9484,303939,303971
IF85C9484,306662,306687
IF85C9484,314471,314528
IF85C9484,316302,316347
IF85C9484,322533,322696
IF85C9484,329832,329892
IF85C9484,337243,337281
IF85C9484,338958,338978
IF85C9484,349656,349904
IF85C9484,350138,350253
IF85C9484,351916,351977
IF85C9484,354153,354208
IF85C9484,360232,360240
IF85C9484,375520,375812
IF85C9484,377284,377309
IF85C9484,379604,379627
IF85C9484,380898,380931
IF85C9484,384073,384433
IF85C9484,386912,386973
IF85C9484,388125,388243
IF85C9484,388632,388657
IF85C9484,389394,389452
IF85C9484,391914,391945
IF85C9484,393022,393132
IF85C9484,393896,393960
IF85C9484,394222,394239
IF85C9484,401687,401889
IF85C9484,403078,403105
IF85C9484,404287,404313
IF85C9484,405216,405251
IF85C9484,405814,405856
IF85C9484,406881,406901
IF85C9484,412993,413137
IF85C9484,416421,416462
IF85C9484,417225,417254
IF85C9484,418251,418286
IFA88A536,144,161
IFA88A536,163,219
IFA88A536,220,233
IFA88A536,235,266
IFA88A536,268,318
IFA88A536,320,384
IFA88A536,386,415
IFA88A536,417,470
IFA88A536,472,493
IFA88A536,495,530
IFA88A536,532,563
IFA88A536,565,577
IFA88A536,579,593
IFA88A536,595,613
IFA88A536,615,660
IFA88A536,662,676
IFA88A536,678,706
IFA88A536,708,724
IFA88A536,726,743
IFA88A536,745,761
IFA88A536,763,785
IFA88A536,787,806
IFA88A536,808,823
IFA88A536,825,838
IFA88A536,840,853
IFA88A536,855,887
IFA88A536,889,902
IFA88A536,904,915
IFA88A536,917,938
IFA88A536,940,964
IFA88A536,966,977
IFA88A536,979,997
IFA88A536,999,1055
IFA88A536,1057,1130
IFA88A536,1132,1159
IFA88A536,1161,1181
IFA88A536,1183,1206
IFA88A536,1208,1265
IFA88A536,1267,1278
IFA88A536,1280,1326
IFA88A536,1328,1372
IFA88A536,1374,1385
IFA88A536,1387,1413
IFA88A536,1415,1453
IFA88A536,1455,1467
IFA88A536,1469,1483
IFA88A536,1485,1503
IFA88A536,1505,1549
IFA88A536,1551,1564
IFA88A536,1566,1593
IFA88A536,1595,1617
IFA88A536,1619,1637
IFA88A536,1639,1653
IFA88A536,1655,1667
IFA88A536,1669,1681
IFA88A536,1683,1714
IFA88A536,1716,1729
IFA88A536,1731,1752
IFA88A536,1754,1766
IFA88A536,1768,1791
IFA88A536,1793,1814
IFA88A536,1816,1837
IFA88A536,1839,1865
IFA88A536,1867,1894
IFA88A536,1896,1913
IFA88A536,1915,1930
IFA88A536,1932,1943
IFA88A536,1945,1955
IFA88A536,1957,1970
IFA88A536,1972,1985
IFA88A536,1987,2008
IFA88A536,2010,2022
IFA88A536,2024,2070
IFA88A536,2072,2083
IFA88A536,2085,2097
IFA88A536,2099,2112
IFA88A536,2114,2133
IFA88A536,2135,2160
IFA88A536,2162,2184
IFA88A536,2186,2202
IFA88A536,2204,2218
IFA88A536,2220,2235
IFA88A536,2237,2274
IFA88A536,2276,2315
IFA88A536,2317,2330
IFA88A536,2332,2346
IFA88A536,2348,2373
IFA88A536,2375,2393
IFA88A536,2395,2412
IFA88A536,2414,2431
IFA88A536,2433,2447
IFA88A536,2449,2462
IFA88A536,2464,2477
IFA88A536,2479,2491
IFA88A536,2493,2503
IFA88A536,2505,2516
IFA88A536,2518,2529
IFA88A536,2531,2546
IFA88A536,2547,2561
IFA88A536,2563,2581
IFA88A536,2583,2604
IFA88A536,2606,2621
IFA88A536,2623,2650
IFA88A536,2652,2672
IFA88A536,2674,2686
IFA88A536,2688,2708
IFA88A536,2710,2731
IFA88A536,2733,2754
IFA88A536,2756,2787
IFA88A536,2789,2810
IFA88A536,2812,2834
IFA88A536,2836,2863
IFA88A536,2865,2931
IFA88A536,2933,2975
IFA88A536,2977,3019
IFA88A536,3021,3039
IFA88A536,9808,10173
IFA88A536,10175,10232
IFA88A536,12928,13035
IFA88A536,13915,13940
IFA88A536,15106,15143
IFA88A536,20361,20430
IFA88A536,22409,22500
IFA88A536,22768,22796
IFA88A536,23752,23793
IFA88A536,25078,25320
IFA88A536,25322,25374
IFA88A536,28207,28229
IFA88A536,28431,28527
IFA88A536,28529,28552
IFA88A536,31791,31816
IFA88A536,32158,32191
IFA88A536,33500,33598
IFA88A536,34338,34420
IFA88A536,34422,34442
IFA88A536,34571,34592
IFA88A536,34839,34879
IFA88A536,36604,36737
IFA88A536,36739,36767
IFA88A536,40501,40533
IFA88A536,41117,41144
IFA88A536,43046,43069
IFA88A536,51891,51980
IFA88A536,51982,52010
IFA88A536,52935,52966
IFA88A536,54284,54373
IFA88A536,54375,54393
IFA88A536,54851,54903
IFA88A536,60561,60590
IFA88A536,62091,62117
IFA88A536,63780,63807
IFA88A536,65034,65062
IFA88A536,65956,65984
IFA88A536,66944,66976
IFA88A536,69586,69681
IFA88A536,69683,69756
IFA88A536,70353,70435
IFA88A536,72028,72062
IFA88A536,72209,72474
IFA88A536,72476,72527
IFA88A536,74608,74629
IFA88A536,74792,74827
IFA88A536,74984,75057
IFA88A536,75059,75085
IFA88A536,75385,75469
IFA88A536,75471,75490
IFA88A536,75577,75597
IFA88A536,75737,75777
IFA88A536,76373,76485
IFA88A536,76487,76507
IFA88A536,77966,77997
IFA88A536,78247,78274
IFA88A536,78613,78701
IFA88A536,78703,78736
IFA88A536,78943,79070
IFA88A536,79072,79095
IFA88A536,80426,80441
IFA88A536,81384,81402
IFA88A536,81997,82013
IFA88A536,82673,82685
IFA88A536,84470,84490
IFA88A536,85176,85204
IFA88A536,88026,88047
IFA88A536,88893,88986
IFA88A536,88988,89005
IFA88A536,90348,90493
IFA88A536,90495,90520
IFA88A536,90672,90704
IFA88A536,92039,92067
IFA88A536,93121,93206
IFA88A536,93208,93228
IFA88A536,93460,93606
IFA88A536,93608,93651
IFA88A536,94890,94936
IFA88A536,95711,95731
IFA88A536,96079,96142
IFA88A536,96194,96228
IFA88A536,97543,97564
IFA88A536,98185,98209
IFA88A536,98285,98302
IFA88A536,98572,98600
IFA88A536,98854,98881
IFA88A536,99075,99097
IFA88A536,99994,100019
IFA88A536,100546,100562
IFA88A536,101806,101836
IFA88A536,102680,102705
IFA88A536,105663,105757
IFA88A536,105896,105914
IFA88A536,106123,106225
IFA88A536,106227,106247
IFA88A536,106660,106680
IFA88A536,106799,106819
IFA88A536,107434,107452
IFA88A536,107815,107914
IFA88A536,107916,107939
IFA88A536,108654,108671
IFA88A536,109149,109232
IFA88A536,109234,109254
IFA88A536,109458,109483
IFA88A536,109840,110050
IFA88A536,110052,110064
IFA88A536,110982,110999
IFA88A536,111634,111657
IFA88A536,120229,120258
IFA88A536,121007,121037
IFA88A536,123968,124016
IFA88A536,125534,125595
IFA88A536,126980,127001
IFA88A536,128376,128403
IFA88A536,128748,128768
IFA88A536,129228,129254
IFA88A536,129598,129622
IFA88A536,129780,129815
IFA88A536,130058,130086
IFA88A536,130956,130993
IFA88A536,131338,131364
IFA88A536,132047,132077
IFA88A536,132698,132723
IFA88A536,133620,133682
IFA88A536,134134,134161
IFA88A536,134560,134588
IFA88A536,136094,136116
IFA88A536,144884,145038
IFA88A536,145040,145066
IFA88A536,145809,145832
IFA88A536,151411,151455
IFA88A536,151457,151470
IFA88A536,152178,152193
IFA88A536,152925,152941
IFA88A536,153586,153625
IFA88A536,156140,156248
IFA88A536,156250,156278
IFA88A536,156965,157000
IFC5AD8FD,1290,1508
IFC5AD8FD,2361,2445
IFC5AD8FD,10575,10669
IFC5AD8FD,10671,10797
IFC5AD8FD,10859,10986
IFC5AD8FD,19610,19791
IFC5AD8FD,23700,23762
IFC5AD8FD,27282,27374
IFC5AD8FD,28412,28533
IFC5AD8FD,31537,31659
IFC5AD8FD,31845,32138
IFC5AD8FD,36782,36887
IFC5AD8FD,41285,41308
IFC5AD8FD,41588,41626
IFC5AD8FD,47689,47782
IFC5AD8FD,48350,48541
IFC5AD8FD,50876,50957
IFC5AD8FD,51771,51918
IFC5AD8FD,54450,54613
IFC5AD8FD,55254,55338
IFC5AD8FD,60392,60425
IFC5AD8FD,60587,60933
IFC5AD8FD,66783,66803
IFC5AD8FD,67278,67423
IFC5AD8FD,67425,67558
IFC5AD8FD,67613,67679
IFC5AD8FD,68939,68960
IFC5AD8FD,69402,69424
IFC5AD8FD,69525,69596
IFC5AD8FD,69692,69837
IFC5AD8FD,70801,71034
IFC5AD8FD,71333,71531
IFC5AD8FD,78552,78656
IFC5AD8FD,81020,81227
IFC5AD8FD,86251,86318
IFC5AD8FD,102122,102155
IFC5AD8FD,103619,103717
IFC5AD8FD,105476,105694
IFC5AD8FD,107959,108054
IFC5AD8FD,111557,111632
IFC5AD8FD,117859,118168
IFC5AD8FD,124841,124913
IFC5AD8FD,129260,129360
IFC5AD8FD,131961,132025
IFC5AD8FD,134420,134585
IFC5AD8FD,139342,139457
IFC5AD8FD,148508,148663
IFC5AD8FD,150327,150361
IFC5AD8FD,150907,151005
IFC5AD8FD,153646,153689
IFC5AD8FD,154039,154129
IFE0B60AA,99,114
IFE0B60AA,349,366
IFE0B60AA,564,581
IFE0B60AA,1070,1089
IFE0B60AA,1283,1297
IFE0B60AA,1378,1395
IFE0B60AA,4390,4425
IFE0B60AA,4638,4667
IFE0B60AA,5001,5022
IFE0B60AA,5357,5373
IFE0B60AA,5584,5605
IFE0B60AA,6673,6688
IFE0B60AA,12798,12812
IFE0B60AA,14559,14574
IFE0B60AA,16890,16905
IFE0B60AA,30958,30976
IFE0B60AA,33589,33600
IFF541F44,2275,2293
IFF541F44,2471,2489
IFF541F44,2645,2669
IFF541F44,2828,2841
IFF541F44,2993,3009
IFF541F44,3168,3194
IFF541F44,3361,3378
IFF541F44,3541,3560
IFF541F44,3714,3731
IFF541F44,3890,3912
IFF541F44,4072,4094
IFF541F44,4247,4270
IFF541F44,4426,4454
IFF541F44,4616,4637
IFF541F44,4791,4822
IFF541F44,4971,4991
IFF541F44,5146,5163
IFF541F44,5316,5336
IFF541F44,5486,5509
IFF541F44,5660,5679
IFF541F44,5835,5857
IFF541F44,6018,6046
IFF541F44,6202,6239
IFF541F44,6392,6427
IFF541F44,6579,6619
IFF541F44,6768,6811
IFF541F44,6966,6986
IFF541F44,7139,7159
IFF541F44,7315,7334
IFF541F44,7492,7514
IFF541F44,7675,7693
IFF541F44,7844,7861
IFF541F44,8013,8039
IFF541F44,8193,8218
IFF541F44,8365,8401
IFF541F44,8563,8589
IFF541F44,8757,8788
IFF541F44,8953,8980
IFF541F44,9135,9168
IFF541F44,9332,9353
IFF541F44,9518,9547
IFF541F44,9711,9733
IFF541F44,9895,9921
IFF541F44,10075,10108
IFF541F44,10309,10327
IFF541F44,10505,10833
IFF541F44,10917,11201
IFF541F44,11322,12184
IFF541F44,12226,12812
IFF541F44,12873,13526
IFF541F44,13696,14365
IFF541F44,14479,14682
IFF541F44,14765,15236
IFF541F44,15299,15702
IFF541F44,17366,17825
IFF541F44,17889,18107
IFF541F44,20868,21191
IFF541F44,21839,22100
IFF541F44,22139,22663
IFF541F44,22747,23886
IFF541F44,24063,24772
IFF541F44,24774,25647
IFF541F44,25683,26300
IFF541F44,27437,28059
IFF541F44,28120,28545
IFF541F44,29750,30257
IFF541F44,30802,31683
IFF541F44,31727,31950
IFF541F44,31995,32304
IFF541F44,32340,32702
IFF541F44,32742,33080
IFF541F44,33140,33221
IFF541F44,33282,34414
IFF541F44,35653,36499
IFF541F44,36667,37377
IFF541F44,37884,38080
IFF541F44,39560,39928
IFF541F44,39966,40326
IFF541F44,40522,41167
IFF541F44,41283,41602
IFF541F44,41646,42327
IFF541F44,42370,42616
IFF541F44,42773,43685
IFF541F44,43729,44494
IFF541F44,44535,44756
IFF541F44,45714,45962
IFF541F44,47152,47735
IFF541F44,47918,48513
IFF541F44,49581,49868
IFF541F44,49927,50408
IFF541F44,50586,50861
IFF541F44,50904,51120
IFF541F44,55101,55215
IFF541F44,55273,55927
IFF541F44,56058,56586
IFF541F44,58699,58928
IFF541F44,58966,59444
IFF541F44,60731,61463
IFF541F44,61530,61740
IFF541F44,61919,62744
IFF541F44,62777,63068
IFF541F44,63131,63251
IFF541F44,64586,64914
IFF541F44,66004,66352
IFF541F44,67921,68778
IFF541F44,70547,70933
IFF541F44,74072,74764
IFF541F44,74885,75150
IFF541F44,75184,75745
IFF541F44,75787,76211
IFF541F44,76946,77363
IFF541F44,77407,77796
IFF541F44,77949,78306
IFF541F44,79279,80105
IFF541F44,80656,80788
IFF541F44,80966,81359
IFF541F44,82467,82597
IFF541F44,82635,82829
IFF541F44,83340,83441
IFF541F44,83623,84176
IFF541F44,84247,85810
IFF541F44,86800,87288
IFF541F44,90586,91131
IFF541F44,91249,91708
IFF541F44,91795,92202
IFF541F44,92395,92702
IFF541F44,92745,93936
IFF541F44,94037,94852
IFF541F44,95217,95361
IFF541F44,95396,96909
IFF541F44,98684,99001
IFF541F44,100336,100942
IFF541F44,101647,101950
IFF541F44,102027,102725
IFF541F44,103748,104266
IFF541F44,104346,104847
IFF541F44,109128,109444
IFF541F44,110264,110356
IFF541F44,110398,111023
IFF541F44,111065,111356
IFF541F44,112523,112937
IFF541F44,114061,114606
IFF541F44,115600,116171
IFF541F44,120928,121609
IFF541F44,122680,122975
IFF541F44,125839,126121
IFF541F44,126977,127361
IFF541F44,130458,130757
IFF541F44,130876,131310
IFF541F44,131503,131925
IFF541F44,131966,132541
IFF541F44,132618,133479
IFF541F44,133669,134206
IFF541F44,134249,134786
IFF541F44,135010,135214
IFF541F44,135253,135839
IFF541F44,136345,136736
IFF541F44,138166,138925
IFF541F44,140559,141200
IFF541F44,141280,142062
IFF541F44,142176,142489
IFF541F44,143286,143391
IFF541F44,143514,143833
IFF541F44,144363,144718
IFF541F44,144759,144881
IFF541F44,144971,145452
IFF541F44,145492,145545
IFF541F44,145728,145868
IFF541F44,145987,146162
IFF541F44,146860,147216
IFF541F44,147243,147558
IFF541F44,151796,152235
IFF541F44,154049,154590
IFF541F44,156001,156309
IFF541F44,156535,156848
IFF541F44,160159,161194
IFF541F44,163870,164347
IFF541F44,164486,164920
IFF541F44,171137,171997
IFF541F44,172048,172239
IFF541F44,172304,172923
IFF541F44,173344,173802
IFF541F44,173978,174606
IFF541F44,175971,176255
IFF541F44,177214,177746
IFF541F44,178750,178828
IFF541F44,178909,179451
IFF541F44,179578,179966
IFF541F44,180149,180477
IFF541F44,180985,181452
IFF541F44,181626,182027
IFF541F44,182650,183291
IFF541F44,185204,185830
IFF541F44,186153,186915
IFF541F44,186995,187259
IFF541F44,187539,188338
IFF541F44,190371,190874
IFF541F44,192793,193158
IFF541F44,193355,193872
IFF541F44,193932,194419
IFF541F44,194888,194950
IFF541F44,195028,195270
IFF541F44,195469,195568
IFF541F44,195589,195998
IFF541F44,196044,196637
IFF541F44,197124,197451
IFF541F44,197636,197858
IFF541F44,197974,198322
IFF541F44,198522,199174
IFF541F44,199845,200542
IFF541F44,200583,200775
IFF541F44,200816,201175
IFF541F44,201371,201809
IFF541F44,201850,202074
IFF541F44,202117,202289
IFF541F44,202476,202703
IFF541F44,204279,204618
IFF541F44,205340,205920
IFF541F44,205922,206236
IFF541F44,206850,207671
IFF541F44,207673,207750
IFFA911F5,1489,2131
IFFA911F5,2390,2503
IFFA911F5,3390,3416
IFFA911F5,4819,5086
IFFA911F5,11609,11739
IFFA911F5,14134,14244
IFFA911F5,17559,17582
IFFA911F5,19066,19095
IFFA911F5,19382,19507
IFFA911F5,20993,21173
IFFA911F5,22454,22649
IFFA911F5,24224,24334
IFFA911F5,24932,24955
IFFA911F5,26067,26092
IFFA911F5,26490,26531
IFFA911F5,29413,29515
IFFA911F5,32997,33091
IFFA911F5,33542,33565
IFFA911F5,36744,36843
IFFA911F5,38442,38900
IFFA911F5,40670,40679
IFFA911F5,43117,43126
IFFA911F5,44302,44473
IFFA911F5,49472,49503
IFFA911F5,52042,52062
IFFA911F5,53387,53407
IFFA911F5,55927,56092
IFFA911F5,57590,57721
IFFA911F5,57842,57878
IFFA911F5,58711,58769
IFFA911F5,59759,59791
IFFA911F5,63369,63705
IFFA911F5,69937,69958
IFFA911F5,71206,71227
IFFA911F5,71939,71970
IFFA911F5,77013,77450
IFFA911F5,80736,80805
IFFA911F5,81225,81523
IFFA911F5,84743,84920
IFFA911F5,89092,89158
IFFA911F5,90259,90318
IFFA911F5,92797,92839
IFFA911F5,93890,93919
IFFA911F5,95169,95309
IFFA911F5,96112,96159
IFFA911F5,96885,96983
IFFA911F5,98117,98499
IFFA911F5,99288,99329
IFFA911F5,100417,100465
IFFA911F5,101637,101742
IFFA911F5,104481,104518
IFFA911F5,109331,109437
IFFA911F5,117427,117472
IFFA911F5,119450,119481
IFFA911F5,120957,121323
IFFA911F5,121601,121621
IFFA911F5,123028,123062
IFFA911F5,134479,134530
IFFA911F5,136423,136481
IFFA911F5,141903,142207
IFFA911F5,144470,144523
IFFA911F5,146584,146639
IFFA911F5,152288,152322
P000012,9919,9945
P000012,10969,10998
P000012,16167,16200
P000013,31376,31623
P000013,31625,31872
P000013,33325,33629
P000013,43965,44156
P000013,45549,45806
P000013,53485,53645
P000013,56557,56602
P000013,60028,60078
P000013,67878,68107
P000013,71444,71577
P000013,71899,71958
P000013,72321,72384
P000013,99092,99145
P000013,100045,100102
P000013,100672,100724
P000013,102763,102820
P000013,105833,106075
P000013,106724,106767
P000013,107989,108038
P000013,110107,110342
P000013,111875,111923
P000013,113358,113398
P000013,114726,114770
P000013,115709,115732
P000013,116757,117210
P000013,120765,120798
P000013,122633,122686
P000013,123627,123675
P000013,126169,126215
P000013,126687,126731
P000013,128394,128434
P000013,131194,131242
P000013,133161,133619
P000013,134190,134227
P000013,135698,135738
P000013,136917,136962
P000013,137380,137415
P000013,140657,140696
P000013,141765,141807
P000013,142508,142546
P000013,143700,143737
P000013,144201,144263
P000013,144911,144964
P000013,145446,145477
P000015,118,614
P000015,667,702
P000015,763,1902
P000015,1927,2116
P000015,2359,2597
P000015,2679,2700
P000015,3127,3221
P000015,3599,3638
P000015,3860,4045
P000015,4379,4517
P000015,5102,5312
P000015,5459,5485
P000015,5573,5628
P000015,5781,5807
P000015,5873,5919
P000015,6065,6091
P000015,6251,6382
P000015,6551,6760
P000015,6852,6880
P000015,6941,6992
P000015,7240,7789
P000015,8106,8134
P000015,8559,8742
P000015,8874,8902
P000015,9224,9369
P000015,9468,9496
P000015,10180,10638
P000015,10737,10775
P000015,10904,11013
P000015,11288,11314
P000015,11982,12206
P000015,12376,12684
P000015,12891,13158
P000015,13342,13394
P000015,13682,13736
P000015,13938,14016
P000015,14178,14211
P000015,14355,14383
P000015,14608,14838
P000015,14905,14939
P000015,15074,15124
P000015,15241,15287
P000015,15425,15468
P000015,15568,15611
P000015,15707,15836
P000015,15895,15950
P000015,16011,16095
P000015,16215,16278
P000015,16431,16484
P000015,16580,16654
P000015,16789,16896
P000015,17035,17128
P000015,17298,17356
P000015,17542,17571
P000015,17813,18782
P000015,19040,19583
P000015,19769,19797
P000015,19862,19988
P000015,20106,20148
P000015,20298,20389
P000015,20456,20553
P000015,20665,20781
P000015,20899,20998
P000015,21247,21333
P000015,21458,21583
P000015,21641,21717
P000015,21843,21912
P000015,21978,22187
P000015,22271,22685
P000015,22716,22747
P000015,22900,22932
P000015,23067,23278
P000015,23426,23479
P000015,23618,23788
P000015,23930,23975
P000015,24161,24202
P000015,24412,24453
P000015,24509,24538
P000015,24624,24734
P000015,24884,25059
P000015,25331,25360
P000015,25526,25672
P000015,25760,26151
P000015,26270,26312
P000015,26453,26801
P000015,26936,27017
P000015,27171,27261
P000015,27356,27383
P000015,27509,27650
P000015,27775,27804
P000015,27999,28175
P000015,28243,28616
P000015,28739,28790
P000015,28992,29131
P000015,29277,29318
P000015,29441,29470
P000015,29648,30005
P000015,30204,30477
P000015,30618,30974
P000015,31071,31087
P000015,31159,31179
P000015,31260,31331
P000015,31365,31398
P000015,31728,31755
P000015,31870,31900
P000015,31959,31985
P000015,32057,32088
P000015,32215,32397
P000015,32549,32729
P000015,32964,33045
P000015,33108,33134
P000015,33168,33199
P000015,33232,33265
P000015,33448,33608
P000015,33671,33684
P000015,33834,34134
P000015,34227,34271
P000015,34362,34385
P000015,34438,34487
P000015,34701,34732
P000015,34871,35014
P000015,35160,35188
P000015,35582,35947
P000015,36056,36379
P000015,36405,36481
P000015,36638,36678
P000015,36844,36887
P000015,37057,37087
P000015,37404,37438
P000015,37496,37521
P000015,37661,37747
P000015,37827,37864
P000015,37968,38011
P000015,38206,38248
P000015,38382,38500
P000015,38776,38865
P000015,39117,39173
P000015,39442,39488
P000015,39546,39761
P000015,39887,39926
P000015,40050,40085
P000015,40330,40364
P000015,40609,40711
P000015,40863,40922
P000015,41048,41093
P000015,41324,41502
P000015,41626,41914
P000015,42032,42232
P000015,42353,42386
P000015,42512,42591
P000015,43861,43906
P000015,44258,44292
P000015,44503,44533
P000015,44633,44667
P000015,44814,45057
P000015,45179,45300
P000015,45331,45375
P000015,45442,45496
P000015,45591,45648
P000015,45677,45783
P000015,45848,45881
P000015,46000,46050
P000015,46107,46164
P000015,46288,46333
P000015,46593,46778
P000015,46900,47588
P000015,47649,47676
P000015,47734,47753
P000015,47865,47886
P000015,48002,48022
P000015,48134,48150
P000015,48333,48487
P000015,48609,48657
P000015,48769,49091
P000015,49667,49694
P000015,49788,49837
P000015,49873,50085
P000015,50218,50324
P000015,50388,50417
P000015,50477,50520
P000015,50652,50697
P000015,50811,50934
P000015,50967,51108
P000015,51250,51266
P000015,51393,51442
P000015,51569,51611
P000015,51722,51973
P000015,51998,52018
P000015,52548,52674
P000015,52945,52966
P000015,53070,53102
P000015,53262,53492
P000015,53607,53655
P000015,53887,53922
P000015,54050,54095
P000015,54209,54311
P000015,54464,54808
P000015,54926,54962
P000015,55173,55245
P000015,55364,55423
P000015,55550,55590
P000015,55943,56129
P000015,56251,56392
P000015,56522,56597
P000015,56838,56876
P000015,57130,57170
P000015,57416,57451
P000015,57704,57756
P000015,58018,58051
P000015,58170,58190
P000015,58309,58337
P000015,58560,59024
P000015,59173,59363
P000015,59557,60105
P000015,60199,60243
P000015,60279,60352
P000015,60448,60479
P000015,60515,60557
P000015,60682,60994
P000015,61106,61127
P000015,61258,61286
P000015,61356,61383
P000015,61450,61536
P000015,61572,61597
P000015,61780,61808
P000015,61839,61907
P000015,62024,62234
P000015,62341,62364
P000015,62488,62854
P000015,62967,63003
P000015,63129,63165
P000015,63290,63319
P000015,63446,63623
P000015,63754,63778
P000015,63905,63928
P000015,64185,64252
P000015,64498,64586
P000015,64751,64826
P000015,64887,64919
P000015,65129,65163
P000015,65226,65255
P000015,65453,65599
P000015,65746,66057
P000015,66129,66210
P000015,66245,66254
P000015,66288,66335
P000015,66411,66469
P000015,66502,66511
P000015,66546,66599
P000015,66632,66641
P000015,66677,66722
P000015,66795,66993
P000015,67091,67117
P000015,67152,67226
P000015,67337,67365
P000015,67488,67772
P000015,67904,67928
P000015,68061,68100
P000015,68170,68201
P000015,68254,68283
P000015,68440,68602
P000015,68887,69133
P000015,69253,69299
P000015,69361,69399
P000015,69460,69747
P000015,69822,69854
P000015,69930,69966
P000015,70004,70159
P000015,70282,70312
P000015,70403,70473
P000015,70563,70585
P000015,70676,70760
P000015,70825,70865
P000015,71095,71112
P000015,71473,71551
P000015,71704,71777
P000015,71897,71945
P000015,72069,72115
P000015,72182,72226
P000015,72282,72335
P000015,72427,72496
P000015,72655,72693
P000015,72812,72841
P000015,73024,73197
P000015,73286,73574
P000015,73708,73791
P000015,73915,73993
P000015,74123,74203
P000015,74338,74423
P000015,74566,74627
P000015,74757,74786
P000015,74900,75364
P000015,75481,75715
P000015,75736,75844
P000015,76011,76211
P000015,76935,76991
P000015,77746,77828
P000015,77913,78182
P000015,78563,78645
P000015,78824,78852
P000015,78950,78976
P000015,79138,79160
P000015,79696,79970
P000015,80444,80477
P000015,81555,81652
P000015,81909,82014
P000015,82210,82232
P000015,82404,82560
P000015,82703,82736
P000015,83407,83490
P000015,83716,83764
P000015,83846,83885
P000015,84809,84882
P000015,85029,85053
P000015,85439,85464
P000015,85889,85916
P000015,86241,86280
P000015,86429,86745
P000015,86979,87026
P000015,87236,87278
P000015,87429,87461
P000015,87625,87730
P000015,88022,88066
P000015,88496,88540
P000015,88681,88739
P000015,89014,89046
P000015,89297,89849
P000015,90106,90400
P000015,91247,91276
P000015,91405,91438
P000015,91612,91637
P000015,91913,91950
P000015,92028,92066
P000015,92095,92138
P000015,92331,92375
P000015,92560,92600
P000015,92928,93149
P000015,93252,93412
P000015,93538,93572
P000015,93635,93659
P000015,93753,93910
P000015,94004,94037
P000015,94135,94175
P000015,94326,94413
P000015,94470,94506
P000015,94543,94585
P000015,94703,94733
P000015,94941,95093
P000015,95177,95414
P000015,95567,95593
P000015,95659,95754
P000015,95814,95861
P000015,95921,95939
P000015,95975,96052
P000015,96169,96196
P000015,96229,96256
P000015,96384,96413
P000015,96611,96774
P000015,96885,97099
P000015,97223,97282
P000015,97397,97470
P000015,97596,97621
P000015,97744,97768
P000015,97884,97909
P000015,98013,98277
P000015,98451,98511
P000015,98571,98598
P000015,98711,98756
P000015,98821,98840
P000015,98894,98966
P000015,99078,99171
P000015,99282,99318
P000015,99437,99475
P000015,99535,99597
P000015,99659,99772
P000015,99908,100012
P000015,100137,100198
P000015,100314,100396
P000015,100464,100498
P000015,100560,100603
P000015,100670,100721
P000015,100816,100851
P000015,100908,100937
P000015,101100,101268
P000015,101436,101776
P000015,101901,101928
P000015,102038,102062
P000015,102198,102252
P000015,102381,102408
P000015,102518,102542
P000015,102678,102736
P000015,102858,102885
P000015,103004,103028
P000015,103162,103215
P000015,103345,103372
P000015,103490,103514
P000015,103637,103829
P000015,103953,103981
P000015,104721,104818
P000015,104869,104934
P000015,104966,104993
P000015,105049,105099
P000015,105335,105387
P000015,105611,105667
P000015,105781,105838
P000015,105953,105982
P000015,106200,106360
P000015,106468,106814
P000015,106940,106994
P000015,107123,107180
P000015,107303,107359
P000015,107502,107559
P000015,107696,107750
P000015,107873,107968
P000015,108092,108119
P000015,108318,108490
P000015,108608,108890
P000015,108965,109006
P000015,109128,109169
P000015,109232,109267
P000015,109385,109517
P000015,109657,109701
P000015,109784,109813
P000015,109964,110055
P000015,110124,110148
P000015,110287,110319
P000020,6117,6341
P000020,55553,55722
P000020,55976,56008
P000020,93474,93628
P000020,95704,95966
P000020,99216,99294
P000020,108043,108081
P000020,126494,126898
P000020,127030,127390
P000020,127939,127985
P000020,131485,131585
P000020,132717,132833
P000020,132932,132966
P000020,133135,133157
P000020,133398,133416
P000020,133631,133650
P000020,202597,202654
P000020,206853,206903
P000020,214589,214629
P000020,252835,252868
P000021,6582,6996
P000021,7171,7191
P000021,7485,7511
P000021,8808,8848
P000021,10063,10082
P000021,10175,10320
P000021,10633,10658
P000021,11663,11707
P000021,21272,21409
P000021,22358,22725
P000021,23013,23032
P000021,23934,23954
P000021,24473,24491
P000021,24985,25006
P000021,25217,25238
P000021,25577,25603
P000021,25967,25984
P000021,26382,26501
P000021,27158,27203
P000021,27849,28010
P000021,29357,29371
P000021,29878,29914
P000021,30722,30820
P000021,31966,31987
P000021,37393,37494
P000021,38611,38808
P000021,40513,40534
P000021,43020,43141
P000021,45361,45383
P000021,46080,46142
P000021,47221,47452
P000021,47454,47654
P000021,47656,47677
P000021,50713,50736
P000021,53465,53596
P000021,55687,55703
P000021,57020,57036
P000021,58674,58730
P000021,60051,60067
P000021,61512,61528
P000021,62691,62706
P000021,63914,63928
P000021,65026,65042
P000021,66921,66937
P000021,68071,68088
P000021,69395,69410
P000021,70475,70500
P000021,71655,71695
P000021,76244,76274
P000021,76663,76691
P000021,77092,77369
P000021,77472,77553
P000021,80513,80531
P000021,81258,81276
P000021,81278,81370
P000021,81804,81827
P000021,81942,81969
P000021,82508,82643
P000021,83406,83421
P000021,86586,86613
P000021,87078,87099
P000021,88483,88518
P000021,88978,89117
P000021,90694,90809
P000021,92565,92581
P000021,94216,94242
P000021,95220,95264
P000021,96111,96265
P000021,97054,97085
P000021,97588,97628
P000021,98971,99156
P000021,99850,99875
P000021,100460,100479
P000021,100677,100703
P000021,100960,100987
P000021,101483,101502
P000021,102338,102372
P000021,110199,110540
P000021,111422,111474
P000021,112099,112140
P000021,112480,112504
P000021,112961,113070
P000021,114863,114901
P000021,115246,115282
P000021,115602,115635
P000021,117067,117098
P000021,117315,117347
P000021,117735,117837
P000021,119217,119488
P000021,121029,121198
P000021,124051,124078
P000021,124502,124527
P000021,124940,124966
P000021,126004,126022
P000021,126723,126758
P000021,128278,128318
P000021,128754,128917
P000021,130007,130116
P000021,130176,130256
P000021,130612,130631
P000021,131037,131068
P000021,131258,131361
P000021,131476,131538
P000021,132766,133099
P000021,133554,133588
P000021,134153,134184
P000021,134609,134645
P000021,134787,134818
P000021,134950,134983
P000021,135634,135767
P000021,136027,136067
P000021,136826,136862
P000021,137988,138006
P000021,138217,138457
P000021,140177,140198
P000021,140494,140531
P000021,140884,140967
P000021,141477,141648
P000021,142361,142397
P000021,144332,144414
P000021,144788,144900
P000021,146222,146253
P000021,149637,149675
P000021,150421,150499
P000021,152236,152358
P000021,152804,152821
P000021,153151,153169
P000021,153319,153334
P000021,154889,154917
P000021,155700,155744
P000021,160047,160233
P000021,160365,160558
P000021,161509,161726
P000021,162998,163175
P000021,163799,163850
P000021,164610,164652
P000021,164815,164933
P000021,165136,165154
P000021,165357,165403
P000021,166067,166104
P000021,166182,166291
P000021,166749,166772
P000021,167937,167962
P000021,169559,169601
P000021,170614,170648
P000021,171706,171851
P000021,173634,173751
P000021,174530,174553
P000021,174959,175090
P000021,176955,176986
P000021,177383,177421
P000021,178135,178173
P000021,179550,179847
P000021,180012,180109
P000021,181879,181918
P000021,182572,182622
P000021,183562,183610
P000021,184072,184142
P000021,186375,186610
P000021,186780,186864
P000021,193292,193382
P000021,198970,198998
P000021,202708,202851
P000021,204274,204297
P000021,204782,204806
P000021,205436,205469
P000021,205929,205979
P000021,206633,206643
P000021,207626,207636
P000021,208404,208433
P000021,209185,209194
P000021,209775,209784
P000021,210302,210316
P000021,210880,210894
P000021,211312,211326
P000021,211675,211688
P000021,212366,212394
P000021,214581,214609
P000021,215720,215761
P000021,219214,219258
P000021,221903,222003
P000021,223733,223757
P000021,226725,226935
P000021,227479,227500
P000021,233061,233174
P000021,235426,235454
P000021,241432,241465
P000021,243032,243068
P000021,243605,243690
P000021,245023,245044
P000021,250219,250389
P000021,251239,251323
P000021,251597,251722
P000021,252693,252741
P000021,255482,255533
P000022,11378,11501
P000022,12806,12847
P000022,20669,20962
P000022,22958,23096
P000022,28605,28808
P000022,32195,32218
P000022,96001,96111
P000022,116530,116836
P000022,117160,117190
P000022,117636,117664
P000022,219574,219752
P000022,220300,220383
P000022,221178,221197
P000022,229445,229818
P000022,230438,230463
P000022,247032,247072
P000022,248029,248068
P000022,248664,248917
P000022,257479,257576
P000022,257606,257774
P000022,259066,259099
P000022,260405,260753
P000022,260863,260912
P000022,261097,261128
P000022,261216,261247
P000022,261337,261376
P000022,261515,261565
P000022,261767,261822
P000022,262063,262101
P000022,265495,265950
P000022,266091,266452
P000022,266600,266641
P000022,266732,266764
P000022,268588,268624
P000022,268911,268960
P000022,269730,269793
P000022,271367,271415
P000022,273508,273543
P000022,274310,274381
P000022,275418,275461
P000022,276671,276831
P000022,291391,291539
P000022,295084,295227
P000022,297627,297652
P000022,299666,299726
P000022,338565,338769
P000022,341582,341610
P000022,343726,343766
P000022,352581,352693
P000022,353548,353727
P000022,354864,354904
P000022,355440,355468
P000022,356183,356276
P000022,356898,356913
P000022,356979,356999
P000022,357459,357763
P000022,357948,358100
P000022,362227,362264
P000022,364237,364495
P000022,366109,366253
P000022,371663,371857
P000024,999,1324
P000024,4023,4067
P000024,6903,6947
P000024,10532,10736
P000024,12601,12645
P000024,13913,13969
P000024,19390,19737
P000024,20911,20982
P000024,23194,23610
P000024,27265,27325
P000024,46379,46438
P000024,48054,48371
P000024,51288,51567
P000024,54523,54581
P000024,56252,56319
P000024,59657,60013
P000024,70640,70725
P000024,130234,130447
P000024,146180,146485
P000024,163324,163350
P000024,163352,163384
P000024,164164,164188
P000024,167514,167541
P000024,193854,193876
P000024,215938,215964
P000024,217623,217714
P000024,227399,227523
P000024,231922,231949
P000024,236700,236810
P000024,240817,240843
P000024,241487,241519
P000024,243062,243099
P000024,243732,243773
P000024,248726,248772
P000024,249224,249248
P000024,249772,249807
P000024,252168,252263
P000024,252643,252677
P000024,252840,252882
P000024,253441,253485
P000024,253826,253851
P000024,254234,254259
P000024,255611,255641
P000024,256506,256539
P000024,256926,256971
P000024,260015,260057
P000024,268552,268581
P000024,270730,270746
P000024,271584,271598
P000024,273843,273875
P000024,280565,280586
P000024,281725,281751
P000024,284117,284156
P000024,292344,292409
P000024,294055,294080
P000024,295354,295409
P000024,296293,296323
P000024,297262,297287
P000024,297651,297682
P000024,298127,298297
P000024,316581,316667
P000024,322920,322953
P000024,323576,323620
P000024,327032,327145
P000024,328112,328194
P000024,328474,328543
P000024,328779,328856
P000024,329393,329440
P000024,332833,332854
P000024,336915,336933
P000024,345189,345226
P000024,347609,347667
P000024,348147,348201
P000025,3078,3326
P000025,4206,4356
P000025,4688,4735
P000025,6096,6122
P000025,6191,6356
P000025,6433,6468
P000025,6621,6647
P000025,6704,6736
P000025,6815,6846
P000025,7124,7140
P000025,8665,8976
P000025,10018,10041
P000025,10596,10624
P000025,11941,12523
P000025,14810,15054
P000025,16042,16258
P000025,18925,18973
P000025,22732,22782
P000025,23869,23917
P000025,24812,25001
P000025,25861,25921
P000025,34170,34389
P000025,38021,38204
P000025,38459,38503
P000025,38774,38814
P000025,39193,39302
P000025,39907,40102
P000025,40246,40335
P000025,41267,41303
P000025,45093,45276
P000025,45563,45605
P000025,46605,46628
P000025,48652,48777
P000025,49082,49242
P000025,49475,49524
P000025,50356,50385
P000025,51228,51419
P000025,52058,52297
P000025,52675,52711
P000025,52906,52945
P000025,53251,53293
P000025,53742,53786
P000025,54691,54854
P000025,54995,55109
P000025,55429,55498
P000025,55692,56110
P000025,56635,56685
P000025,57805,57859
P000025,59168,59424
P000025,60815,60871
P000025,63453,63642
P000025,64107,64144
P000025,64488,64526
P000025,65433,65481
P000025,66808,67015
P000025,67636,67676
P000025,71729,71771
P000025,74360,74403
P000025,75260,75312
P000025,75961,76002
P000025,76462,76762
P000025,77815,77980
P000025,79090,79132
P000025,79779,80366
P000025,80787,80921
P000025,81795,81832
P000025,83211,83247
P000025,94071,94109
P000025,94969,95047
P000025,99569,99711
P000025,105064,105105
P000025,107223,107253
P000025,107906,108099
P000025,109749,109790
P000025,115501,115827
P000025,117868,118041
P000025,119787,119813
P000025,120955,120997
P000025,122260,122685
P000025,125308,125385
P000025,125520,125865
P000025,128151,128341
P000025,128780,128827
P000025,129626,129770
P000025,130642,130789
P000025,131233,131278
P000025,137641,137684
P000025,139461,139503
P000025,145834,146039
P000025,146299,146461
P000025,147319,147364
P000025,147577,147842
P000025,148069,148120
P000025,148484,148538
P000025,149407,149465
P000025,153947,154099
P000025,156200,156228
P000025,159702,159817
P000025,160112,160250
P000025,160604,160635
P000025,160806,160837
P000025,161218,161252
P000025,161587,161713
P000025,162998,163171
P000025,166049,166080
P000025,166651,166685
P000025,167770,167809
P000025,168295,168408
P000025,169026,169168
P000025,177534,177670
P000025,179033,179056
P000025,180493,180689
P000025,180881,181307
P000025,188350,188438
P000025,189101,189359
P000025,189848,189896
P000025,193703,193743
P000025,194682,194718
P000025,195465,195479
P000025,195776,195934
P000025,197098,197263
P000025,197585,197623
P000025,198181,198221
P000025,198447,198635
P000025,199152,199245
P000025,199384,199624
P000025,200933,200990
P000025,201827,201882
P000025,204843,205210
P000025,205891,205913
P000025,206936,207126
P000025,207337,207388
P000025,208431,208467
P000025,209115,209165
P000025,216353,216551
P000025,217453,217484
P000025,217929,218031
P000025,218866,219062
P000025,221211,221463
P000025,221765,221804
P000025,223712,223752
P000025,225025,225063
P000025,225617,225659
P000025,226163,226209
P000025,226414,226622
P000025,227574,227625
P000025,227975,228018
P000025,229783,229886
P000025,230483,230613
P000025,231095,231127
P000025,231302,231340
P000025,231978,232188
P000025,232813,232942
P000025,233131,233271
P000025,234344,234375
P000025,235276,235305
P000025,237328,237434
P000025,238433,238499
P000025,238634,238748
P000025,239861,239891
P000025,242568,242600
P000025,248288,248459
P000025,250097,250382
P000025,254365,254503
P000025,254721,254964
P000025,257814,257843
P000025,259158,259213
P000025,261598,261628
P000025,264525,264559
P000025,267623,267658
P000025,271479,271617
P000025,273014,273049
P000025,275039,275287
P000025,275519,275698
P000025,278270,278445
P000025,279529,279568
P000025,280953,280992
P000025,304526,304738
P000025,305145,305273
P000025,310575,310613
P000025,313894,313945
P000025,326084,326365
P000025,326632,326672
P000025,327582,327622
P000025,328489,328518
P000026,1570,1658
P000026,2576,2831
P000026,3289,3308
P000026,4489,4532
P000026,6569,6608
P000026,7850,7937
P000026,9330,9408
P000026,10001,10166
P000026,10583,10657
P000026,12665,12760
P000026,13913,13945
P000026,15026,15072
P000026,16074,16117
P000026,17406,17476
P000026,19189,19333
P000026,20685,20745
P000026,21768,21794
P000026,23004,23056
P000026,24445,24506
P000026,25621,25647
P000026,26654,26795
P000026,28299,28341
P000026,28947,28977
P000026,29490,29530
P000026,34171,34261
P000026,34773,34795
P000027,8148,8374
P000027,9546,9565
P000027,10522,10639
P000027,12738,12765
P000027,14141,14537
P000027,15169,15192
P000027,15470,15493
P000027,16034,16052
P000027,16696,16723
P000027,17302,17328
P000027,18207,18445
P000027,19556,19601
P000027,20511,20546
P000027,22816,22953
P000027,26486,26559
P000027,26983,27225
P000027,28299,28324
P000027,29182,29212
P000027,30815,30853
P000027,32706,32747
P000027,34489,34617
P000027,35210,35240
P000027,38716,38742
P000027,40049,40241
P000027,40946,40971
P000027,43418,43477
P000027,45585,45634
P000027,47066,47376
P000027,48962,48988
P000027,50283,50427
P000027,51391,51421
P000027,52886,53171
P000027,55124,55172
P000027,55833,55897
P000027,56459,56518
P000027,57441,57479
P000027,59062,59100
P000027,60241,60409
P000027,61032,61063
P000027,61610,61642
P000027,62038,62288
P000027,63357,63400
P000027,64195,64232
P000027,65212,65241
P000027,65775,65807
P000027,66194,66214
P000027,66890,67107
P000027,67893,67924
P000027,68811,68837
P000027,69518,69561
P000027,70872,70971
P000027,71643,71660
P000028,16598,16964
P000028,20112,20570
P000028,25606,25661
P000028,26786,26826
P000028,34375,34420
P000028,40594,40655
P000028,48433,48545
P000028,48635,48744
P000028,49150,49300
P000028,56612,56644
P000028,61094,61133
P000028,63866,63895
P000028,67090,67172
P000028,70889,71188
P000028,71292,71562
P000028,73413,73441
P000028,73634,73656
P000028,76761,76809
P000028,96277,96392
P000028,107598,107653
P000028,107655,107697
P000028,160840,160877
P000028,186020,186078
P000028,196017,196118
P000028,201308,201903
P000028,252662,252713
P000028,257239,257273
P000028,257454,257807
P000028,257851,257882
P000028,260792,260820
P000028,261481,261524
P000028,263409,263449
P000028,268628,268878
P000028,268880,268947
P000028,269859,269889
P000028,272850,273039
P000028,274115,274403
P000028,276672,276797
P000028,279780,279893
P000028,282972,283115
P000028,287071,287158
P000028,300113,300241
P000028,302415,302600
P000028,302602,302625
P000028,307300,307338
P000028,309104,309347
P000028,309349,309390
P000028,310010,310047
P000028,312974,313125
P000028,313127,313158
P000028,314444,314482
P000028,315714,315760
P000028,330156,330272
P000028,330830,330865
P000028,331520,331766
P000028,331768,331804
P000028,340881,340914
P000028,341304,341344
P000028,342260,342300
P000028,343091,343111
P000028,343896,343921
P000028,344348,344382
P000028,346557,346582
P000028,347865,347904
P000028,349086,349114
P000028,349650,349679
P000028,352794,352944
P000028,355357,355385
P000028,355596,355632
P000028,355670,355714
P000028,355802,355836
P000028,359317,359391
P000028,360747,361095
P000028,361097,361133
P000028,366021,366062
P000028,368644,368716
P000028,370550,370726
P000028,370728,370779
P000028,372023,372054
P000028,375145,375358
P000028,381926,381968
P000028,389461,389513
P000028,391976,392200
P000028,392202,392254
P000028,401019,401081
P000028,402464,402507
P000028,404938,404984
P000028,410104,410418
P000028,415599,415897
P000028,415899,415977
P000028,415979,416055
P000028,416522,416586
P000028,418230,418289
P000028,422778,422844
P000028,430128,430220
P000028,432286,432423
P000028,433495,433579
P000028,435000,435246
P000028,437100,437268
P000028,437270,437349
P000028,438106,438171
P000028,441026,441060
P000028,442875,442919
P000028,446928,447528
P000028,458013,458218
P000028,460967,461054
P000028,463036,463281
P000028,464097,464160
P000028,467888,468064
P000028,476227,476331
P000028,476333,476366
P000028,476496,476578
P000028,478220,478379
P000028,482234,482341
P000028,483494,483516
P000028,484110,484171
P000028,484317,484418
P000028,485208,485286
P000028,485546,485713
P000028,487465,487583
P000028,487585,487633
P000028,496476,496600
P000028,496602,496638
P000028,498189,498226
P000028,501419,501524
P000028,502592,502897
P000028,502899,502925
P000028,504348,504639
P000028,506051,506088
P000028,508692,508727
P000028,510152,510172
P000028,510629,510859
P000028,511269,511315
P000028,513872,513908
P000028,514455,514496
P000028,514717,514769
P000028,515110,515256
P000028,515258,515305
P000028,516091,516198
P000028,516200,516230
P000028,517888,517917
P000028,518508,518606
P000028,519363,519516
P000028,519518,519582
P000028,520671,520774
P000028,520776,520798
P000028,521498,521612
P000028,521614,521661
P000028,522520,522570
P000028,522914,522963
P000028,523902,524069
P000028,525233,525254
P000028,525889,526017
P000028,526019,526076
P000028,528538,528658
P000028,528660,528694
P000028,529334,529372
P000028,529663,529692
P000028,530082,530451
P000028,530453,530504
P000028,531804,531858
P000028,532384,532484
P000028,532897,533009
P000028,533398,533428
P000028,533982,534011
P000028,534874,535423
P000028,537009,537060
P000028,538185,538240
P000028,538661,538706
P000028,543800,543829
P000028,545077,545187
P000028,545630,545664
P000029,1508,1764
P000029,1793,1811
P000029,1843,1861
P000029,1897,1924
P000029,1971,1991
P000029,2121,2138
P000029,3135,3268
P000029,3610,3630
P000029,4148,4177
P000029,4375,4403
P000029,4703,4834
P000029,7907,8010
P000029,8132,8198
P000029,8357,8381
P000029,8538,8553
P000029,8880,8898
P000029,9334,9349
P000029,9833,10182
P000029,13480,13493
P000029,13885,13900
P000029,14517,14529
P000029,15258,15279
P000029,18132,18324
P000029,18743,18771
P000029,19450,19484
P000029,19904,19942
P000029,20311,20353
P000029,21044,21506
P000029,22080,22131
P000029,22272,22315
P000029,22486,22552
P000029,22838,22865
P000029,23009,23108
P000029,23386,23424
P000029,23452,23479
P000029,23651,23717
P000029,24135,24173
P000029,24250,24277
P000029,24506,24655
P000029,24938,24976
P000029,25038,25065
P000029,25334,25408
P000029,25665,25691
P000029,25739,25811
P000029,26240,26279
P000029,27441,27608
P000029,28886,28985
P000029,29702,29747
P000029,30319,30343
P000029,31583,31617
P000029,32371,32406
P000029,33355,33543
P000029,34567,34597
P000029,35556,35809
P000029,35894,35911
P000029,36010,36034
P000029,36467,36558
P000029,37179,37286
P000029,37371,37401
P000029,37653,37678
P000029,37951,37991
P000029,38610,38936
P000029,38960,39074
P000029,39281,39306
P000029,39516,39536
P000029,39950,39973
P000029,40363,40420
P000029,40823,40847
P000029,41097,41129
P000029,41482,41530
P000029,41923,41944
P000029,42435,42458
P000029,42715,42748
P000029,43164,43267
P000029,43303,43316
P000029,43374,43422
P000029,43542,43567
P000029,43655,43678
P000029,43745,43778
P000029,44226,44258
P000029,44881,44925
P000029,46341,46398
P000029,48497,48743
P000029,49091,49126
P000029,49434,49468
P000029,49853,49885
P000029,50611,50816
P000029,51269,51307
P000029,51942,52008
P000029,52409,52754
P000029,53143,53169
P000029,53649,53679
P000029,53972,53999
P000029,55122,55441
P000029,55970,55992
P000029,56984,57139
P000029,58024,58042
P000029,58978,59116
P000029,59306,59323
P000029,60229,60293
P000029,61478,61755
P000029,63616,63633
P000029,65484,65597
P000029,66663,66868
P000029,67964,67988
P000029,68245,68268
P000029,72556,72806
P000029,73022,73055
P000029,73245,73280
P000029,73430,73459
P000029,74048,74070
P000029,75154,75187
P000029,76769,76800
P000029,78166,78431
P000029,79813,79862
P000029,80264,80390
P000029,82205,82243
P000029,83571,83629
P000029,85030,85093
P000029,86558,86606
P000029,89437,89713
P000029,90232,90259
P000029,90972,90997
P000029,91684,91712
P000029,93253,93282
P000029,94778,95028
P000029,95574,95598
P000029,96085,96121
P000029,96368,96403
P000029,96775,96806
P000029,97255,97289
P000029,98212,98242
P000029,98637,98668
P000029,99146,99174
P000029,99761,100028
P000029,101285,101317
P000029,101985,102022
P000029,102250,102292
P000029,103240,103277
P000029,104875,105010
P000029,105470,105624
P000029,105989,106010
P000029,106192,106212
P000029,106510,106535
P000029,107588,107635
P000029,110247,110431
P000029,110859,110879
P000029,111500,111683
P000029,114666,114800
P000029,115104,115122
P000029,115504,115711
P000029,118988,119176
P000029,119303,119331
P000029,119475,119504
P000029,120472,120499
P000029,121274,121331
P000030,144469,144560
P000030,147524,147602
P000030,264548,264872
P000030,265824,265924
P000030,266677,266700
P000030,267794,267817
P000030,268103,268128
P000030,270736,270758
P000030,271576,271614
P000030,272283,272303
P000030,272867,272890
P000030,273299,273318
P000030,279393,279434
P000030,296555,296578
P000030,299432,299456
P000030,301740,301780
P000030,302662,302703
P000030,303572,303596
P000030,308921,308944
P000030,312679,312855
P000030,322877,322898
P000030,325212,325243
P000030,395935,396211
P000030,447926,448259
P000030,451472,451513
P000030,452555,452612
P000030,462652,462742
P000030,474330,474385
P000030,485278,485335
P000030,488584,488711
P000030,504633,504662
P000030,555482,555675
P000030,559453,559469
P000030,561124,561247
P000030,561990,562075
P000030,562195,562237
P000030,562693,562702
P000030,563798,563823
P000030,564768,564790
P000030,565581,565602
P000030,567559,567719
P000030,612904,612973
P000030,629283,629404
P000030,634482,634538
P000030,678144,678197
P000030,730427,730566
P000034,38167,38241
P000034,38394,38414
P000034,38573,38853
P000034,39268,39387
P000034,39695,39734
P000034,40108,40374
P000034,40846,40942
P000034,41474,41492
P000034,41890,41917
P000034,42468,42565
P000034,42883,42989
P000034,43322,43484
P000034,44181,44210
P000034,44770,44806
P000034,45218,45255
P000034,45807,45976
P000034,46318,46352
P000034,46697,46730
P000034,47077,47114
P000034,47436,47574
P000034,47970,48025
P000034,48335,49024
P000034,49295,49341
P000034,50088,50122
P000034,50559,50596
P000034,51261,51443
P000034,51851,51898
P000034,52216,52369
P000034,52675,52730
P000034,53081,53163
P000034,53616,53694
P000034,54006,54032
P000034,54296,54462
P000034,54850,54890
P000034,55212,55299
P000034,55613,55645
P000034,56012,56117
P000034,56361,56378
P000034,56653,56665
P000034,57608,57622
P000034,58318,58358
P000034,58704,58750
P000034,59548,59755
P000034,60171,60234
P000034,60509,60547
P000034,61028,61295
P000034,61726,61776
P000034,62219,62643
P000034,63339,63402
P000034,63734,63975
P000034,64381,64420
P000034,64877,65043
P000034,65350,65380
P000034,65782,65915
P000034,66256,66602
P000034,67166,67478
P000034,67775,67823
P000034,68126,68172
P000034,68498,68528
P000034,68823,69128
P000034,69392,69439
P000034,69698,69889
P000034,70248,70291
P000034,70854,70897
P000034,71500,71611
P000034,71895,72360
P000034,72604,72648
P000034,72974,73022
P000034,73710,73956
P000034,74282,74307
P000034,74600,74621
P000034,74925,74951
P000034,75524,75549
P000034,75801,75849
P000034,76415,76460
P000034,76896,77192
P000034,77420,77608
P000034,79114,79288
P000034,79595,79685
P000034,80030,80047
P000034,80302,80322
P000034,80604,80617
P000034,80867,80892
P000034,81187,81268
P000034,81608,81647
P000034,82061,82098
P000034,82427,82536
P000034,83632,83664
P000034,83908,83927
P000034,84318,84350
P000034,84697,84711
P000034,85500,85528
P000034,85839,86013
P000034,86298,86361
P000034,86771,86918
P000034,87473,87677
P000034,88362,88457
P000034,89038,89183
P000034,89894,90007
P000034,90976,90999
P000034,91351,91491
P000034,92211,92237
P000034,92595,92655
P000034,92797,92994
P000034,93689,93746
P000034,94083,94138
P000034,94428,94650
P000034,94948,95086
P000034,95641,95680
P000034,95902,95951
P000034,96776,96830
P000034,96952,96970
P000034,100158,100274
P000034,103003,103071
P000034,141296,141392
P000034,143116,143172
P000034,150829,150856
P000034,158581,158696
P000034,174823,174889
P000034,205285,205407
P000034,207293,207604
P000034,229419,229461
P000034,231445,231481
P000034,232629,232935
P000034,233433,233509
P000034,235273,235301
P000034,239402,239500
P000034,246394,246434
P000034,249171,249195
P000034,274389,274426
P000034,277784,277824
P000034,307888,307908
P000034,308980,309262
P000034,310951,311076
P000034,319734,319768
P000034,321739,321846
P000034,324616,324651
P000034,328338,328590
P000034,331571,331605
P000034,333364,333489
P000034,337066,337097
P000034,339325,339358
P000034,339762,339788
P000034,341526,341671
P000034,342633,342672
P000034,343456,343628
P000034,343975,344087
P000034,348304,348446
P000034,349597,349643
P000034,351881,352196
P000034,353979,354261
P000034,355951,355992
P000034,356888,356924
P000034,366658,366688
P000034,367614,367650
P000034,368842,368880
P000034,371328,371473
P000034,372405,372447
P000034,383332,383432
P000034,383748,383816
P000034,384775,384852
P000034,386073,386180
P000034,387000,387062
P000034,389523,389766
P000034,396103,396356
P000034,425793,425856
P000034,432058,432111
P000034,436606,436691
P000034,447760,447898
P000034,455932,456013
P000034,456684,456729
P000034,459031,459077
P000034,462478,462667
P000034,464544,464604
P000034,489167,489377
P000034,489514,489533
P000034,490050,490093
P000034,503301,503355
P000034,503742,503831
P000034,504238,504387
P000034,505331,505367
P000034,505501,505515
P000034,505656,505673
P000034,505966,506046
P000034,506224,506241
P000034,510936,510950
P000034,511624,511643
P000034,512376,512391
P000034,515114,515132
P000034,518965,518980
P000034,520599,520616
P000034,523209,523218
P000034,530307,530351
P000034,537563,537631
P000034,537910,537972
P000034,538089,538135
P000034,538224,538234
P000034,538459,538496
P000034,558096,558167
P000034,558239,558279
P000034,558418,558435
P000034,558560,558604
P000034,567102,567108
P000034,568623,568666
P000034,568770,568780
P000034,568934,568971
P000034,586628,586723
P000034,587475,587506
P000034,600625,600740
P000034,601596,601632
P000034,603519,603557
P000034,627143,627189
P000034,627264,627397
P000034,627684,627814
P000034,628165,628189
P000034,629114,629159
P000034,631820,631855
P000034,633805,633839
P000034,637475,637595
P000034,639596,639636
P000034,639882,639893
P000034,639964,640037
P000034,640369,640379
P000034,641146,641211
P000034,641861,641879
P000034,645736,645748
P000034,647478,647527
P000034,661647,661664
P000034,668935,669040
P000034,669177,669187
P000034,669423,669439
P000034,673324,673415
P000034,673723,673733
P000034,673883,673918
P000034,674969,674987
P000034,675124,675131
P000034,676789,676801
P000034,677746,677778
P000034,683980,683997
P000034,686556,686614
P000034,693004,693042
P000034,693299,693331
P000034,707173,707259
P000034,708017,708059
P000034,708980,709060
P000034,711963,712019
P000034,719376,719414
P000034,723400,723434
P000034,727450,727467
P000034,735672,735789
P000034,735945,735990
P000034,736132,736142
P000034,736227,736263
P000034,748321,748442
P000034,748684,748721
P000034,748936,748974
P000034,762058,762170
P000034,765414,765457
P000034,765554,765564
P000034,765697,765732
P000034,767680,767796
P000034,767985,768042
P000034,768350,768377
P000034,768744,768774
P000034,769197,769237
P000034,769506,769542
P000034,769669,769707
P000034,769820,769857
P000034,770318,770428
P000034,770743,770812
P000034,770953,770990
P000034,771158,771193
P000034,771364,771404
P000034,772472,772609
P000034,773036,773069
P000034,773147,773162
P000034,773261,773294
P000034,773552,773686
P000034,782051,782090
P000034,807696,807812
P000036,929,1029
P000036,2593,2620
P000036,4903,4933
P000036,6320,6346
P000036,7500,7539
P000036,9363,9418
P000036,10886,10909
P000036,14478,14756
P000036,15134,15170
P000036,15558,15582
P000036,50196,50347
P000036,50470,50512
P000036,50718,50752
P000036,53113,53256
P000036,53591,53617
P000036,135587,135663
P000036,135916,135940
P000036,155150,155273
P000036,157274,157479
P000036,158291,158343
P000036,159082,159136
P000036,161194,161382
P000036,161538,161567
P000036,162104,162142
P000036,166607,166684
P000036,166948,166970
P000036,219319,219327
P000036,225318,225327
P000036,225792,225801
P000036,226150,226158
P000036,294703,294838
P000036,295734,295760
P000036,297169,297207
P000036,298888,298987
P000036,301843,301993
P000036,303103,303150
P000036,303843,303886
P000036,348892,349932
P000036,350828,350922
P000036,351602,351720
P000036,352198,352293
P000036,352605,352686
P000036,352925,353020
P000036,353362,353460
P000036,353634,353710
P000036,354021,354102
P000036,354489,354584
P000036,354889,354991
P000036,355471,355565
P000036,355894,355980
P000036,356201,356284
P000037,178234,178396
P000037,181916,182050
P000037,183024,183044
P000037,184523,184614
P000037,185343,185457
P000037,185731,185791
P000037,188864,189293
P000037,195855,196131
P000037,197552,197580
P000037,208835,208857
P000037,210800,211056
P000037,211221,211334
P000037,215316,215422
P000037,216021,216039
P000037,216324,216342
P000037,216725,216742
P000037,217152,217180
P000037,220176,220257
P000037,221231,221329
P000037,225645,225698
P000037,229557,229589
P000037,235526,235611
P000037,237626,237674
P000037,237975,238061
P000037,238670,238695
P000037,239311,239468
P000037,239931,240054
P000037,240818,240888
P000037,242176,242223
P000037,244677,244717
P000037,245902,245933
P000037,246317,246334
P000037,248228,248381
P000037,250325,250348
P000037,251254,251274
P000037,253433,253477
P000037,256867,257075
P000037,257714,257748
P000037,259369,259400
P000037,260090,260125
P000037,262555,262589
P000037,267791,268118
P000037,272170,272281
P000037,274791,274906
P000037,275243,275305
P000037,276498,276565
P000037,277515,277567
P000037,277888,277955
P000037,281110,281166
P000037,286303,286426
P000037,288002,288047
P000037,288211,288227
P000037,292354,292379
P000037,293650,293675
P000037,294309,294339
P000037,295136,295172
P000037,300654,300789
P000037,302410,302491
P000037,303612,303629
P000037,304175,304192
P000037,580319,580510
P000037,584836,584912
P000037,585668,585697
P000037,587983,588014
P000037,588788,588815
P000037,589225,589258
P000037,590065,590091
P000037,590978,591034
P000037,591814,592062
P000037,592237,592276
P000037,592463,592503
P000037,592724,592759
P000037,598262,598338
P000037,599004,599101
P000037,599888,599938
P000037,600471,600526
P000037,600879,600933
P000037,601216,601266
P000037,601596,601616
P000037,602890,602944
P000037,603948,604061
P000037,604219,604260
P000037,605578,605619
P000037,606854,606882
P000037,611274,611295
P000037,613801,613839
P000037,620577,620627
P000037,628649,628692
P000037,633489,633532
P000037,634517,634777
P000037,635655,635677
P000037,636032,636050
P000037,636463,636480
P000037,637417,637433
P000037,637740,637765
P000037,638937,638962
P000037,639136,639159
P000037,639404,639432
P000037,639634,639665
P000037,640152,640173
P000037,640693,640717
P000037,644709,644742
P000037,645780,645824
P000037,646409,646469
P000037,647470,647522
P000037,650590,650712
P000037,652058,652083
P000037,652558,652589
P000037,653153,653185
P000037,653988,654093
P000037,675538,675560
P000037,676749,676771
P000037,678359,678381
P000037,679280,679335
P000037,680253,680277
P000037,681035,681056
P000037,681640,681667
P000037,682703,682735
P000037,688194,688278
P000037,690133,690247
P000037,690620,690668
P000037,690920,690968
P000037,719667,719922
P000037,722289,722434
P000037,732031,732174
P000037,735381,735497
P000037,737908,738030
P000037,740781,740802
P000037,743044,743237
P000037,749441,749533
P000037,749681,749785
P000037,753742,753856
P000037,755335,755361
P000037,757851,757889
P000037,762305,762476
P000037,769233,769591
P000037,770703,770739
P000037,771716,771744
P000037,791207,791386
P000037,795196,795311
P000037,800997,801116
P000037,802800,802875
P000037,805017,805048
P000037,808915,808962
P000037,809273,809385
P000037,818287,818608
P000037,822406,822415
P000037,824407,824550
P000037,840465,840539
P000037,840818,840960
P000037,846225,846377
P000037,851005,851175
P000037,856979,857015
P000037,858231,858292
P000037,858786,858824
P000037,871466,871515
P000037,874475,874500
P000037,880784,880837
P000037,896331,896519
P000037,915852,915984
P000037,920444,920532
P000042,1652,1938
P000042,53297,53465
P000042,56654,56854
P000042,69139,69462
P000042,80826,80860
P000042,83412,83445
P000042,84720,84755
P000042,88793,89045
P000042,95030,95158
P000042,98162,98332
P000042,99536,99664
P000042,102580,102756
P000042,104506,104768
P000042,110197,110371
P000042,119280,119433
P000042,130565,130814
P000042,133352,133514
P000042,134767,134816
P000042,139452,139504
P000042,147709,147880
P000042,150450,150709
P000042,159040,159183
P000042,171994,172144
P000044,1040,1588
P000044,1870,1916
P000044,2036,2156
P000044,2316,2351
P000044,3447,3486
P000044,5778,5929
P000044,6110,6139
P000044,6745,6784
P000044,7421,7445
P000044,8673,8697
P000044,9172,9207
P000044,9976,10026
P000044,10792,10853
P000044,12324,12346
P000044,13106,13464
P000044,15659,15873
P000044,16062,16219
P000044,16712,16755
P000044,18938,19024
P000044,19813,20037
P000044,20582,20633
P000044,21024,21066
P000044,21283,21304
P000044,22287,22378
P000044,24263,24285
P000044,25611,25643
P000044,26369,26394
P000044,27443,27493
P000044,29212,29234
P000044,29680,29837
P000044,30188,30567
P000044,30983,31018
P000044,32546,32598
P000044,33336,33445
P000044,33729,33789
P000044,34428,34446
P000044,34530,34552
P000044,34976,35006
P000044,35892,35907
P000044,36407,36428
P000044,36743,36788
P000044,37648,37669
P000044,37976,37996
P000044,38139,38160
P000044,38620,38881
P000044,39846,40044
P000044,40276,40408
P000044,40684,40707
P000044,41333,41373
P000044,41649,41699
P000044,42039,42096
P000044,42654,42681
P000044,43077,43114
P000044,44351,44396
P000044,46605,46627
P000044,48526,48601
P000044,50264,50318
P000044,50607,50768
P000044,51058,51087
P000044,51842,51885
P000044,53153,53191
P000044,55155,55404
P000044,56876,56913
P000044,58253,58281
P000044,60372,60432
P000044,61541,61573
P000044,63463,63485
P000044,63805,63855
P000044,64441,64787
P000044,65945,65979
P000044,66386,66408
P000044,66588,66613
P000044,67919,67998
P000044,69152,69177
P000044,70225,70247
P000044,70390,70564
P000044,71697,72096
P000044,73600,73645
P000044,74098,74139
P000044,74581,74627
P000044,75074,75103
P000044,76189,76241
P000044,77166,77214
P000044,78140,78185
P000044,78535,78577
P000044,78875,78934
P000044,79338,79398
P000044,79808,79870
P000044,80237,80274
P000044,80687,80738
P000044,81204,81248
P000044,82360,82406
P000044,83413,83465
P000044,84148,84214
P000044,84731,84760
P000044,85284,85306
P000044,85463,85586
P000044,86383,86759
P000044,87100,87177
P000044,87593,87646
P000044,87957,88003
P000044,88525,88577
P000044,88897,88917
P000044,89331,89358
P000044,89939,89968
P000044,90414,90445
P000044,90920,90959
P000044,91387,91456
P000044,91903,91927
P000044,92116,92193
P000044,93042,93075
P000044,93490,93600
P000044,93945,93971
P000044,94331,94511
P000044,94689,94833
P000044,95129,95177
P000044,95662,95722
P000044,97577,97597
P000044,98414,98455
P000044,99350,99863
P000044,100798,100824
P000044,101026,101244
P000044,101597,101722
P000044,102117,102169
P000044,102540,102576
P000044,102822,102840
P000044,103073,103332
P000044,103941,103992
P000044,104242,104285
P000044,104460,104498
P000044,104642,104687
P000044,105242,105273
P000044,105956,106035
P000044,109010,109054
P000044,109881,109911
P000044,111002,111024
P000044,111196,111319
P000044,112056,112465
P000044,113783,113852
P000044,114380,114454
P000044,115340,115402
P000044,115989,116050
P000044,116579,116619
P000044,117152,117194
P000044,118035,118329
P000044,118700,118764
P000044,119359,119386
P000044,119975,120005
P000044,120298,120932
P000044,121864,121948
P000044,122573,122606
P000044,123420,123450
P000044,124372,124576
P000044,124992,125133
P000044,125914,125947
P000044,126514,126558
P000044,127045,127105
P000044,128811,128833
P000044,129004,129146
P000044,129533,129661
P000044,130527,130573
P000044,130893,130976
P000044,142357,142384
P000044,142703,142735
P000044,143462,143495
P000044,143897,143925
P000044,144190,144229
P000044,144524,144669
P000044,145678,146011
P000044,146634,146729
P000044,147169,147218
P000044,148032,148098
P000044,149802,149828
P000044,150479,150655
P000044,151044,151080
P000044,152568,152615
P000044,153202,153242
P000044,153340,153370
P000044,154260,154295
P000044,156454,156485
P000044,157571,157657
P000044,159032,159061
P000044,160253,160353
P000044,161824,161869
P000044,162282,162312
P000044,162690,162710
P000044,163405,163490
P000044,164077,164124
P000044,164565,164677
P000044,165261,165477
P000044,167206,167830
P000044,168267,168298
P000044,168649,168679
P000044,169101,169179
P000044,170123,170174
P000044,171403,171428
P000044,172124,172185
P000044,172588,172618
P000044,172961,173004
P000044,173670,173811
P000044,174168,174196
P000044,174732,174895
P000044,175193,175230
P000044,175625,175763
P000044,176481,176578
P000044,177218,177247
P000044,178133,178182
P000044,179903,179925
P000044,180751,181327
P000044,186197,186239
P000044,187385,187417
P000044,188299,188496
P000044,188689,188729
P000044,189292,189494
P000044,189785,189825
P000044,190104,190169
P000044,190245,190291
P000044,193112,193233
P000044,193445,193479
P000044,196654,196781
P000044,198233,198260
P000044,198902,198938
P000044,199751,199883
P000044,200382,200410
P000044,200924,200955
P000044,201797,201824
P000044,202325,202361
P000044,203164,203199
P000044,203675,203697
P000044,204509,204739
P000044,205731,206358
P000044,206830,206853
P000044,208643,208665
P000044,209137,209228
P000044,209495,209518
P000044,211356,211416
P000044,211740,211781
P000044,212245,212496
P000044,212957,212981
P000044,213477,213498
P000044,213939,213967
P000044,214307,214330
P000044,215064,215307
P000044,215765,215801
P000044,216179,216215
P000044,216908,216929
P000044,218239,218270
P000044,218735,218811
P000044,219338,219361
P000044,219477,219516
P000046,5978,6398
P000046,6642,6788
P000046,6898,7074
P000046,7338,7392
P000046,7657,7684
P000046,7888,8056
P000046,8666,8697
P000046,8734,8790
P000046,11081,11244
P000046,11512,11543
P000046,12163,12401
P000046,12468,12506
P000046,14054,14297
P000046,14690,14877
P000046,15613,15634
P000046,15726,15950
P000046,16484,16554
P000046,17088,17292
P000046,18161,18208
P000046,18254,18305
P000046,19958,19989
P000046,24991,25030
P000046,25275,25519
P000046,25903,25933
P000046,25982,26015
P000046,26605,26636
P000046,27557,27597
P000046,27960,28303
P000046,29074,29111
P000046,29603,29648
P000046,29872,30037
P000046,30498,30532
P000046,31169,31209
P000046,31468,31679
P000046,33532,33557
P000046,33890,33910
P000046,35076,35101
P000046,35224,35665
P000046,36624,36649
P000046,37460,37489
P000046,39761,39812
P000046,40233,40266
P000046,40607,40641
P000046,40861,40914
P000046,41536,41564
P000046,43347,43384
P000046,44980,45267
P000046,45745,45787
P000046,46308,46378
P000046,47478,47528
P000046,47530,47970
P000046,51831,52135
P000046,52584,52635
P000046,55618,55655
P000046,56381,56440
P000046,62580,62672
P000046,63247,63286
P000046,63824,64076
P000046,64929,65119
P000046,65309,65365
P000046,65973,66022
P000046,68045,68403
P000046,68919,68978
P000046,69546,69576
P000046,69980,70021
P000046,70904,70941
P000046,71293,71337
P000046,72268,72296
P000046,72542,72745
P000046,73668,73852
P000046,73998,74038
P000046,74784,74889
P000046,75605,75622
P000046,75986,76020
P000046,76495,76535
P000046,77701,77747
P000046,79835,79880
P000046,81086,81121
P000046,82482,82514
P000046,82749,82838
P000046,83104,83139
P000046,83949,83983
P000046,84487,84658
P000046,85408,85465
P000046,85934,85980
P000046,87732,87893
P000046,89198,89276
P000046,90167,90314
P000046,91696,92053
P000046,93693,93739
P000046,94777,94819
P000046,96748,96801
P000046,97143,97185
P000046,97673,97715
P000046,97919,97934
P000046,98355,98393
P000046,99038,99082
P000046,99937,99978
P000046,101033,101079
P000046,101501,101551
P000046,103156,103209
P000046,104652,104680
P000046,105168,105197
P000046,106216,106295
P000046,106937,107508
P000046,108895,108972
P000046,109909,110138
P000046,111446,111506
P000046,112660,112698
P000046,114740,114995
P000046,115573,115634
P000046,116335,116380
P000046,116745,116812
P000046,117736,117801
P000046,118862,118900
P000046,119608,119690
P000046,120116,120157
P000046,121001,121055
P000046,121596,121614
P000046,122322,122352
P000046,123110,123132
P000046,124426,124467
P000046,126200,126277
P000046,126580,126610
P000046,127914,127962
P000046,130583,130603
P000046,130860,130889
P000046,132178,132219
P000046,132879,132986
P000046,133510,134035
P000046,134945,134970
P000046,135914,135934
P000046,136230,136282
P000046,136716,136756
P000046,136898,137131
P000046,137533,137572
P000046,138204,138243
P000046,139553,139592
P000046,139917,139937
P000046,140601,140669
P000046,141299,141787
P000046,143002,143040
P000046,144003,144173
P000046,144771,144809
P000046,145137,145159
P000046,145609,145649
P000046,146311,146348
P000046,146851,146891
P000046,148273,148293
P000046,149044,149111
P000046,149878,150537
P000046,151835,151913
P000046,152443,152485
P000046,152759,152789
P000046,153120,153154
P000046,153335,153492
P000046,153922,153954
P000046,154546,154578
P000046,155383,155406
P000046,155702,155730
P000046,155943,155978
P000046,157057,157094
P000046,157477,157520
P000046,158510,158732
P000046,160276,160309
P000046,160530,160638
P000046,161016,161191
P000046,162335,162602
P000046,162974,163037
P000046,163841,163889
P000046,164982,165012
P000046,165613,165633
P000046,165778,165854
P000046,166723,167156
P000046,168134,168177
P000046,168703,168791
P000046,169275,169406
P000046,170900,170949
P000046,171088,171147
P000046,171574,171634
P000046,172095,172126
P000046,173288,173329
P000046,173331,173344
P000046,173946,174135
P000046,176024,176043
P000046,176877,176976
P000046,177529,177853
P000046,178414,178460
P000046,178542,178604
P000046,179391,179416
P000046,180207,180249
P000046,181595,181649
P000046,182559,182699
P000046,183074,183102
P000046,183979,184036
P000046,184180,184220
P000046,184707,184749
P000046,185725,185776
P000046,186571,186639
P000046,186714,186756
P000046,187156,187200
P000046,187576,187628
P000046,188625,188665
P000046,189472,189521
P000046,190206,190232
P000046,191055,191091
P000046,192648,192670
P000046,192813,192897
P000046,193538,193686
P000046,194301,194341
P000046,195580,195673
P000046,195827,195994
P000046,196433,196507
P000046,197805,197862
P000046,198138,198251
P000046,198434,198451
P000046,198698,198880
P000046,199534,199638
P000046,200186,200254
P000046,200676,200749
P000046,201406,201459
P000046,202581,202611
P000046,203455,203475
P000046,204290,204331
P000046,204855,205035
P000046,206028,206303
P000046,207055,207184
P000046,207550,207585
P000046,208323,208358
P000046,209200,209281
P000046,210509,210568
P000046,211383,211420
P000046,211863,211887
P000046,212879,212899
P000046,213636,213709
P000046,214404,214760
P000046,215162,215446
P000046,215891,215926
P000046,217609,217646
P000046,219103,219169
P000046,219900,219923
P000046,220337,220360
P000046,220764,220821
P000046,221124,221324
P000046,222792,222830
P000046,223624,223671
P000046,224315,224335
P000046,224764,224799
P000046,226257,226277
P000046,226685,226722
P000046,228287,228322
P000046,229072,229094
P000046,229250,229329
P000046,229875,230115
P000046,231250,231354
P000046,231551,231629
P000046,232216,232244
P000046,232407,232443
P000046,232719,232739
P000046,233099,233130
P000046,234245,234267
P000046,234422,234493
P000046,235178,235317
P000046,235765,235814
P000046,235910,236275
P000046,236809,236852
P000046,237687,237782
P000046,238905,238957
P000046,239395,239421
P000046,239810,239908
P000046,240703,240761
P000046,241302,241332
P000046,241567,241601
P000046,242067,242096
P000046,242449,242469
P000046,243119,243225
P000046,243384,243521
P000046,244238,244335
P000046,245282,245355
P000046,246342,246643
P000046,247277,247320
P000046,248624,248691
P000046,248931,249104
P000046,250010,250277
P000048,11279,11843
P000048,49219,49304
P000048,85905,86120
P000048,111453,111692
P000048,118116,118287
P000048,126176,126285
P000048,127309,127328
P000048,127575,127593
P000048,128358,128387
P000048,133584,133825
P000048,137109,137135
P000048,159172,159303
P000048,233779,233930
P000048,236018,236237
P000048,236702,236883
P000048,237981,238021
P000048,239719,239924
P000048,240388,240406
P000048,249460,249558
P000048,251491,251599
P000048,254843,254947
P000048,265901,266215
P000048,266517,266541
P000048,266784,266810
P000048,267469,267502
P000048,268322,268406
P000048,268706,268722
P000048,268930,268949
P000048,269321,269348
P000048,276257,276654
P000048,277385,277440
P000048,277628,277654
P000048,303208,303543
P000048,306370,306401
P000048,307983,308023
P000048,318193,318620
P000048,320052,320078
P000048,321573,321621
P000048,322378,322546
P000048,324097,324132
P000048,324659,324686
P000048,326492,326567
P000048,326873,326922
P000048,333779,333795
P000048,336967,337196
P000048,337902,337941
P000048,343156,343393
P000048,343890,343938
P000048,348720,348748
P000048,355113,355163
P000048,363166,363519
P000048,369719,369764
P000048,370769,370810
P000048,372904,373086
P000048,457714,457737
P000051,6379,6632
P000051,9800,9837
P000051,11793,11820
P000051,13242,13667
P000051,14159,14192
P000051,16169,16545
P000051,18748,18878
P000051,23478,23642
P000051,27712,27867
P000051,29273,29301
P000051,31349,31385
P000051,37010,37042
P000051,40224,40257
P000051,45328,45361
P000051,49604,49631
P000051,52507,52772
P000051,53507,53814
P000051,54571,54608
P000051,55309,55334
P000051,56126,56164
P000051,56882,56913
P000051,59027,59058
P000051,61101,61140
P000051,62481,62709
P000051,64328,64369
P000051,66163,66208
P000051,67478,67515
P000051,70126,70263
P000051,72827,72997
P000051,76605,76720
P000051,81553,81582
P000051,88603,88635
P000051,90582,90611
P000051,93159,93401
P000051,96918,96958
P000051,100908,100953
P000051,105265,105387
P000051,115394,115417
P000051,122968,123636
P000051,127381,127407
P000051,129476,129514
P000051,130522,130567
P000051,132429,132646
P000051,136563,136606
P000051,141395,141435
P000051,149706,149901
P000051,153290,153335
P000051,167855,168056
P000051,174686,174738
P000051,178823,178858
P000051,180588,180643
P000051,183492,183543
P000051,191165,191318
P000051,195734,195761
P000051,198677,198834
P000051,201707,202274
P000051,203008,203053
P000051,206289,206322
P000051,207570,207826
P000051,212061,212090
P000051,213816,213988
P000051,216404,216433
P000051,219062,219080
P000051,221197,221464
P000051,223165,223192
P000051,225131,225157
P000051,229304,229341
P000051,233462,233502
P000051,238208,238246
P000051,244700,244735
P000051,247765,248065
P000051,249718,249755
P000051,252686,252726
P000051,254401,254758
P000051,258550,258731
P000051,260498,260530
P000051,263923,263962
P000051,270341,270369
P000051,275478,275670
P000051,278296,278335
P000051,280612,280652
P000051,284757,284964
P000051,288910,288957
P000051,292126,292169
P000051,296007,296048
P000051,299351,299400
P000051,313658,313837
P000051,324678,324717
P000051,330283,330319
P000051,335519,335686
P000051,345981,346219
P000051,347385,347438
P000051,352289,352339
P000051,356130,356538
P000051,358318,358368
P000051,363442,363480
P000051,369307,369521
P000051,372196,372231
P000051,373794,374104
P000051,377264,377304
P000051,381015,381057
P000051,395499,395540
P000051,398812,398955
P000051,401058,401095
P000051,406105,406143
P000051,409728,410069
P000051,412610,412646
P000051,417793,417959
P000051,421368,421404
P000051,429770,429805
P000051,434458,434605
P000051,435620,435654
P000051,437580,437934
P000051,440206,440243
P000051,442633,442784
P000051,445841,445883
P000051,448890,448929
P000051,458209,458394
P000051,464249,464283
P000051,467779,468207
P000051,470933,470997
P000051,473562,473629
P000051,476054,476110
P000051,478628,478681
P000051,481397,481459
P000051,483882,484059
P000051,488904,489144
P000051,495173,495342
P000051,498826,499042
P000051,500612,500636
P000051,501661,501689
P000051,503014,503036
P000051,503712,503736
P000051,504440,504469
P000051,506239,506267
P000051,507074,507101
P000051,511193,511372
P000051,513650,513942
P000051,517553,517579
P000051,519295,519321
P000051,522728,522873
P000051,525848,525874
P000051,527422,527453
P000051,529629,529764
P000051,533139,533165
P000051,534447,534477
P000051,537006,537145
P000051,541161,541187
P000051,542412,542442
P000051,544549,544578
P000051,548003,548037
P000054,42756,43111
P000054,46792,46838
P000054,50181,50324
P000054,55643,55859
P000054,58389,58428
P000054,58736,58773
P000054,59451,59479
P000054,61181,61223
P000054,65027,65134
P000054,71983,72120
P000054,77033,77439
P000054,77568,77772
P000054,77836,77988
P000054,82108,82183
P000054,83173,83195
P000054,86648,86677
P000054,87281,87299
P000054,88374,88400
P000054,89871,90106
P000054,96422,96471
P000054,98180,98220
P000054,99441,99485
P000054,101235,101319
P000054,108506,108565
P000054,110453,110762
P000054,113921,113979
P000054,114498,114526
P000054,115121,115156
P000054,116360,116396
P000054,117345,117376
P000054,118368,118398
P000054,119096,119134
P000054,119670,119704
P000054,120102,120136
P000054,121098,121131
P000054,123161,123192
P000054,123579,123618
P000054,124181,124234
P000054,124952,125009
P000054,126618,126671
P000054,129094,129150
P000054,129459,129496
P000054,144196,144253
P000054,148792,149049
P000054,149785,149862
P000054,154782,154856
P000054,156874,156917
P000054,157027,157244
P000054,159064,159086
P000054,160702,160724
P000054,173724,173774
P000054,174311,174367
P000054,175338,175399
P000054,175905,175942
P000054,176370,176413
P000054,176722,176764
P000054,177070,177134
P000054,177624,177653
P000054,177974,178003
P000054,179947,180083
P000054,186895,186945
P000054,187060,187132
P000054,190961,191032
P000054,195206,195245
P000054,202978,203274
P000054,211576,211751
P000054,211961,211976
P000054,213347,213363
P000054,213854,213875
P000054,214573,214589
P000054,215084,215106
P000054,215669,215691
P000054,216221,216240
P000054,216855,216873
P000054,222453,222483
P000054,225213,225238
P000054,225414,225440
P000054,225735,225768
P000054,225901,225934
P000054,226703,226725
P000054,227822,227858
P000054,228088,228104
P000054,228538,228556
P000054,230180,230210
P000054,230876,230927
P000054,232175,232201
P000054,232766,232791
P000054,233520,233546
P000054,235408,235462
P000054,235586,235611
P000054,235756,235780
P000054,235929,235966
P000054,237347,237383
P000054,238299,238330
P000054,240085,240120
P000054,243644,243700
P000054,247922,248377
P000054,250335,250354
P000054,261166,261455
P000054,282274,282327
P000054,285979,286038
P000054,287991,288017
P000054,288612,288640
P000054,289373,289501
P000054,289974,290040
P000054,290771,290922
P000054,291579,291653
P000054,298660,298971
P000054,300583,300610
P000054,306793,306819
P000054,310000,310177
P000054,310334,310364
P000054,310521,310553
P000054,310704,310739
P000054,310856,310952
P000054,312228,312298
P000054,312673,312733
P000054,313369,313472
P000054,314062,314121
P000054,315040,315077
P000054,315240,315301
P000054,315503,315553
P000054,315955,316009
P000054,316219,316285
P000054,316425,316477
P000054,316649,316696
P000054,316886,316940
P000054,321437,321657
P000054,329178,329386
P000054,329652,329738
P000054,338227,338414
P000054,355831,356006
P000054,357845,357945
P000054,370370,370440
P000054,370623,370972
P000054,371074,371091
P000054,371372,371386
P000054,371617,371632
P000054,371776,371790
P000054,371825,371850
P000054,372426,372466
P000054,373137,373167
P000054,373467,373490
P000054,373935,373968
P000054,374290,374321
P000054,374584,374601
P000054,377196,377300
P000054,380163,380188
P000054,389185,389236
P000054,389994,390280
P000054,390509,390545
P000054,390826,390865
P000054,391164,391221
P000054,391408,391453
P000054,392301,392340
P000054,394414,394492
P000054,404521,404649
P000054,417704,417728
P000054,418741,418781
P000054,422743,422759
P000054,424453,424493
P000054,425008,425042
P000054,426148,426168
P000054,427182,427239
P000054,428052,428125
P000054,431166,431200
P000054,431682,431719
P000054,442849,442872
P000054,444898,444922
P000054,447534,447559
P000054,451775,451800
P000054,464436,464744
P000054,467873,467977
P000054,468149,468273
P000054,469584,469677
P000054,471911,472030
P000054,472196,472218
P000054,472430,472463
P000054,472608,472640
P000054,472933,472963
P000054,473329,473362
P000054,474045,474081
P000054,474719,474749
P000054,475979,476045
P000054,478127,478354
P000054,478702,478758
P000054,480317,480337
P000054,480923,481041
P000054,482056,482092
P000054,487123,487163
P000054,487307,487361
P000054,487741,487781
P000054,489978,490017
P000054,491914,491958
P000054,492224,492248
P000054,492470,492496
P000054,493623,493649
P000054,494621,494693
P000054,499615,499670
P000054,502583,502746
P000054,503580,503751
P000054,504908,505105
P000054,507144,507167
P000054,515018,515120
P000054,515763,515786
P000054,516658,516699
P000054,517028,517044
P000054,518128,518157
P000054,521036,521072
P000054,523230,523360
P000054,525177,525257
P000054,526718,526738
P000054,529900,529929
P000054,534434,534464
P000054,538351,538415
P000054,560127,560156
P000054,567819,568146
P000054,571983,572038
P000054,572583,572612
P000054,573642,573822
P000054,576710,576734
P000054,584690,584728
P000054,590256,590381
P000054,623892,623947
P000054,627496,627606
P000054,629769,629805
P000054,631328,631351
P000054,633242,633265
P000054,634325,634349
P000054,635119,635159
P000054,636005,636046
P000054,636671,636687
P000054,637760,637782
P000054,642873,642891
P000054,646944,646983
P000054,653011,653054
P000055,153,559
P000055,653,681
P000055,990,1044
P000055,7137,7390
P000055,9938,9955
P000055,24916,25047
P000055,40523,40551
P000055,44996,45041
P000055,47504,47832
P000055,51321,51356
P000055,53576,53610
P000055,57448,57551
P000055,62305,62324
P000055,64171,64191
P000055,65529,65694
P000055,66116,66368
P000055,70089,70108
P000055,75797,75817
P000055,85649,85753
P000055,91010,91042
P000055,94338,94534
P000055,96397,96419
P000055,99528,99691
P000055,117982,118019
P000055,122514,122552
P000055,125157,125285
P000055,130672,130830
P000055,137996,138021
P000055,139695,139729
P000055,144890,144927
P000055,150177,150200
P000055,153729,153878
P000055,155667,155701
P000055,159208,159247
P000055,160020,160159
P000055,160569,160782
P000055,161322,161453
P000055,163261,163280
P000055,165172,165190
P000055,166511,166533
P000055,167135,167159
P000055,169642,169674
P000055,171853,171981
P000055,172379,172529
P000055,173275,173312
P000055,174998,175030
P000055,176632,176769
P000055,179874,180040
P000055,182213,182249
P000055,184734,184780
P000055,185072,185223
P000055,188126,188291
P000055,189392,189423
P000055,190450,190482
P000055,193152,193204
P000055,196059,196193
P000055,198294,198429
P000055,200024,200047
P000055,201644,201679
P000055,202988,203184
P000055,204982,205100
P000055,205479,205506
P000055,207271,207297
P000055,208033,208061
P000055,209814,209949
P000055,210357,210440
P000055,210885,210906
P000055,216505,216638
P000055,217230,217428
P000055,218213,218248
P000055,218622,218662
P000055,221176,221202
P000055,222567,222612
P000055,223277,223407
P000055,225005,225036
P000055,226115,226153
P000055,227965,228341
P000055,229647,229767
P000055,231868,231888
P000055,234223,234243
P000055,235140,235190
P000055,236673,236752
P000055,237140,237276
P000055,240536,240565
P000055,244491,244542
P000055,245892,245990
P000055,246775,246974
P000055,250640,250670
P000055,256010,256037
P000055,259736,259776
P000055,260277,260314
P000055,262873,263077
P000055,266435,266478
P000055,269561,269689
P000055,271977,272006
P000055,276766,276797
P000055,280291,280351
P000055,284833,285037
P000055,287603,287625
P000055,288612,288635
P000055,290276,290297
P000055,291550,291573
P000055,292853,292906
P000055,294161,294291
P000055,295135,295163
P000055,296102,296258
P000055,298223,298255
P000055,301091,301122
P000055,301910,301943
P000055,302970,303008
P000063,9164,9248
P000063,9250,9317
P000063,9319,9338
P000063,10966,11064
P000063,11570,11699
P000063,12570,12743
P000063,13543,13593
P000063,14423,14582
P000063,14949,15001
P000063,18338,18505
P000063,19053,19091
P000063,19362,19395
P000063,20930,20949
P000063,23805,23840
P000063,24614,24645
P000063,25197,25230
P000063,25583,25600
P000063,26133,26156
P000063,26336,26361
P000063,26673,26687
P000063,26881,26896
P000063,27177,27195
P000063,36445,36476
P000063,37530,37563
P000063,37950,37979
P000063,38219,38244
P000063,38420,38444
P000063,38679,38705
P000063,38989,39037
P000063,42756,42765
P000063,43811,43827
P000063,44283,44301
P000063,44559,44576
P000063,44968,44985
P000063,45900,45932
P000063,46378,46412
P000063,46887,46922
P000063,47683,47713
P000063,48102,48487
P000063,48774,48854
P000063,49169,49243
P000063,49630,49805
P000063,50096,50144
P000063,50563,50609
P000063,51422,51610
P000063,51840,51878
P000063,52014,52052
P000063,52208,52244
P000063,52459,52488
P000063,53601,54047
P000063,54274,54293
P000063,54415,54431
P000063,54854,54869
P000063,55060,55091
P000063,55304,55402
P000063,55576,55595
P000063,55668,55686
P000063,55771,55789
P000063,56253,56284
P000063,56514,56538
P000063,57196,57410
P000063,57645,57664
P000063,57923,57941
P000063,58177,58191
P000063,58356,58368
P000063,58754,58769
P000063,58855,58870
P000063,58996,59012
P000063,59142,59160
P000063,59268,59286
P000063,59423,59539
P000063,59670,59689
P000063,59807,59825
P000063,60096,60110
P000063,60430,60442
P000063,60687,60702
P000063,60798,60815
P000063,60982,60998
P000063,61267,61285
P000063,61474,61492
P000063,61720,61740
P000063,63907,63916
P000063,64041,64050
P000063,64662,64722
P000063,64894,64912
P000063,65113,65131
P000063,65638,65708
P000063,65803,65821
P000063,66259,66277
P000063,67076,67194
P000063,67951,67981
P000063,68233,68252
P000063,80057,80083
P000063,81575,81599
P000063,83581,83602
P000063,84407,84428
P000063,85427,85479
P000063,86430,86464
P000063,94593,94622
P000063,95041,95085
P000063,95329,95374
P000063,95597,95641
P000063,96159,96183
P000063,122358,122503
P000063,124345,124614
P000063,125228,125261
P000063,125679,125736
P000063,125887,126270
P000063,127747,127788
P000063,128204,128242
P000063,129445,129491
P000063,129795,129815
P000063,130024,130072
P000063,130321,130447
P000063,131043,131091
P000063,131458,131662
P000063,131749,131770
P000063,131906,131939
P000063,132026,132051
P000063,132168,132193
P000063,132281,132314
P000063,132400,132440
P000063,132684,132702
P000063,132761,132792
P000063,133037,133084
P000063,134511,134559
P000063,134827,134933
P000063,135048,135053
P000063,135201,135211
P000063,135647,135694
P000063,136112,136186
P000063,137160,137189
P000063,138524,138542
P000063,146071,146142
P000063,146144,146166
P000063,146529,146553
P000063,147119,147257
P000063,148551,148575
P000063,153140,153398
P000063,153862,153940
P000063,154520,154592
P000063,155193,155262
P000063,155909,155976
P000063,156495,156573
P000063,157600,157697
P000063,158906,159099
P000063,159319,159349
P000063,159575,159597
P000063,159840,159883
P000063,161942,161965
P000063,163377,163465
P000063,164785,164819
P000063,165477,165505
P000063,165876,165908
P000063,166384,166416
P000063,168362,168448
P000063,168878,168887
P000063,170843,170867
P000066,5204,5299
P000066,5708,6011
P000066,9377,9504
P000066,10864,10930
P000066,12130,12241
P000066,14609,14645
P000066,20454,20492
P000066,22582,22612
P000066,23295,23324
P000066,25901,25957
P000066,26595,26676
P000066,26835,26876
P000066,27043,27082
P000066,27253,27277
P000066,27457,27532
P000066,28224,28257
P000066,29084,29116
P000066,29597,29629
P000066,30062,30092
P000066,30262,30304
P000066,31485,31805
P000066,33102,33131
P000066,34114,34152
P000066,34571,34612
P000066,36867,37013
P000066,37493,37532
P000066,38659,38935
P000066,39439,39540
P000066,40066,40131
P000066,40891,40972
P000066,42542,42596
P000066,42968,43019
P000066,43389,43418
P000066,43768,43841
P000066,44063,44087
P000067,1275,1320
P000067,2246,2377
P000067,3277,3296
P000067,3745,3781
P000067,4534,4551
P000067,5040,5411
P000067,7023,7051
P000067,7326,7482
P000067,7829,7956
P000067,9033,9163
P000067,9438,9471
P000067,10304,10332
P000067,10690,10841
P000067,10946,11229
P000067,13932,14016
P000067,15749,15781
P000067,16272,16447
P000067,19534,19570
P000067,20231,20418
P000067,21189,21214
P000067,22097,22127
P000067,26201,26229
P000067,30205,30233
P000067,30678,30794
P000067,31902,31936
P000067,32729,32753
P000067,33569,33796
P000067,34362,34397
P000067,35146,35190
P000067,35362,35414
P000067,36377,36533
P000067,40870,41165
P000067,41926,42053
P000067,47570,47606
P000067,49148,49183
P000067,50895,50929
P000067,53547,53581
P000067,55699,55848
P000067,58978,59124
P000067,61003,61055
P000067,62233,62405
P000067,64859,64980
P000067,67038,67065
P000067,67688,67734
P000067,68822,68967
P000067,69386,69600
P000067,70373,70390
P000067,71495,71513
P000067,72609,72624
P000067,76014,76043
P000067,77899,78199
P000067,79489,79686
P000067,81434,81569
P000067,82349,82386
P000067,83736,83782
P000067,85448,85822
P000067,87744,87776
P000067,88159,88185
P000067,89607,89735
P000067,93876,93899
P000067,97490,97518
P000067,99335,99355
P000067,100116,100150
P000067,101932,101961
P000067,102170,102201
P000067,103194,103218
P000067,103738,104037
P000067,104585,104614
P000067,105918,105947
P000067,106587,106625
P000067,106932,107030
P000067,107042,107291
P000067,110172,110324
P000067,111953,111982
P000067,115494,115530
P000067,119571,119726
P000067,120822,120851
P000067,121273,121307
P000067,122622,122643
P000067,124082,124101
P000067,124598,124634
P000067,125299,125544
P000067,126936,126967
P000067,128103,128137
P000067,130217,130314
P000067,130775,130794
P000067,131812,131910
P000067,134060,134091
P000067,135114,135157
P000067,136805,136852
P000067,139979,140139
P000067,142092,142187
P000067,144774,144862
P000067,150580,150604
P000067,155839,156143
P000067,160093,160116
P000067,161099,161120
P000067,161391,161411
P000067,162170,162192
P000067,162445,162474
P000067,162845,162873
P000067,163664,163695
P000067,167512,167597
P000067,168767,168785
P000067,170136,170165
P000067,171952,172110
P000067,173877,173911
P000067,175171,175200
P000067,175752,175771
P000067,177038,177053
P000067,177972,177988
P000067,178887,178908
P000067,180155,180276
P000067,180556,180565
P000067,180745,180754
P000067,181014,181022
P000067,181275,181282
P000067,182221,182230
P000067,182757,182766
P000067,183577,183587
P000067,184713,184731
P000067,184944,185032
P000067,185044,185130
P000067,189307,189335
P000067,193112,193138
P000067,197013,197049
P000067,201004,201034
P000067,204030,204066
P000067,205761,205802
P000067,207819,207858
P000067,208571,208727
P000067,209746,209773
P000067,210720,210985
P000067,211107,211267
P000067,213672,213713
P000067,215013,215206
P000067,216750,216770
P000067,219316,219335
P000067,220531,220561
P000067,223781,223810
P000067,223964,224099
P000067,224192,224305
P000067,225824,225955
P000067,228303,228354
P000067,229765,229902
P000067,231720,231749
P000067,233364,233562
P000067,234025,234361
P000067,234931,235135
P000067,235569,235713
P000067,237040,237065
P000067,238497,238623
P000067,239052,239253
P000067,239636,239790
P000067,240106,240219
P000067,240430,240527
P000067,241263,241342
P000067,241428,241547
P000067,246377,246411
P000067,249026,249057
P000067,249666,249775
P000067,250293,250312
P000067,250509,250599
P000067,250957,250980
P000067,251357,251393
P000067,251783,251984
P000067,252507,252547
P000067,253550,253722
P000067,254335,254376
P000067,255156,255188
P000067,255371,255406
P000067,256113,256206
P000067,256699,256773
P000067,258203,258422
P000067,259325,259369
P000067,261603,261649
P000067,262661,262874
P000067,263552,263598
P000067,264392,264611
P000067,266364,266620
P000067,267813,267870
P000067,268698,268761
P000067,271432,271474
P000067,275352,275398
P000067,276258,276396
P000067,277064,277319
P000067,277332,277526
P000067,278876,278911
P000067,280529,280555
P000067,281892,281928
P000067,283051,283085
P000067,284933,285010
P000067,285097,285634
P000067,286332,286399
P000067,286803,286861
P000067,287424,287486
P000067,287767,287829
P000067,288952,289008
P000067,289652,289712
P000067,290739,290845
P000067,293614,293646
P000067,296048,296095
P000067,298335,298467
P000067,298777,299008
P000067,299483,299620
P000067,299992,300008
P000067,300665,300691
P000067,303069,303190
P000067,307228,307377
P000067,309420,309455
P000067,311088,311249
P000067,314237,314552
P000067,319452,319648
P000067,321073,321298
P000067,322453,322471
P000067,325561,325592
P000067,325787,325821
P000067,327290,327317
P000067,328950,328980
P000067,329152,329275
P000067,330543,330583
P000067,331335,331360
P000067,332776,332929
P000067,334990,335120
P000067,336506,336531
P000067,337753,337833
P000067,340083,340311
P000067,340998,341041
P000067,342157,342176
P000067,343640,343667
P000067,343902,343923
P000067,344403,344543
P000067,345587,345622
P000067,347038,347181
P000067,349008,349102
P000067,351340,351358
P000067,357025,357045
P000067,357840,357991
P000067,360310,360348
P000067,360615,360674
P000067,363011,363067
P000067,365830,365893
P000067,367233,367373
P000067,370107,370144
P000067,370278,370299
P000067,370747,370773
P000067,371276,371426
P000067,371627,371656
P000067,371965,371993
P000067,372192,372221
P000067,373866,373900
P000067,374372,374595
P000067,375299,375318
P000067,380334,380488
P000067,383100,383247
P000067,383259,383463
P000067,383865,383999
P000067,384670,384692
P000067,385136,385169
P000067,385718,385923
P000067,386342,386404
P000067,386551,386601
P000067,387452,387504
P000067,387928,387960
P000067,388535,388580
P000067,391438,391516
P000067,393323,393342
P000067,394289,394313
P000067,395658,395713
P000067,401706,401879
P000067,402620,402718
P000067,402912,403132
P000067,404159,404178
P000067,405126,405146
P000067,405816,405833
P000067,406970,406987
P000067,408403,408420
P000067,408928,408945
P000067,409616,409633
P000067,411338,411364
P000067,412373,412396
P000067,413051,413084
P000067,414689,414734
P000067,416086,416095
P000067,416562,416578
P000067,419349,419366
P000067,419895,420203
P000067,422776,422817
P000067,423497,423666
P000067,423810,423940
P000067,424438,424457
P000067,424762,424777
P000067,425061,425080
P000067,425586,425648
P000067,426853,426929
P000067,427778,427797
P000067,428866,428885
P000067,429297,429439
P000067,432640,432752
P000067,433147,433245
P000067,434060,434081
P000067,436165,436203
P000067,437331,437368
P000067,438310,438449
P000067,440593,440625
P000067,442906,443069
P000067,444730,444774
P000067,450855,451157
P000067,452127,452180
P000067,456242,456398
P000067,457384,457607
P000067,457794,457823
P000067,458126,458141
P000067,458806,458834
P000067,460497,460531
P000067,460913,460950
P000067,461278,461340
P000067,461877,461923
P000067,462107,462136
P000067,462222,462252
P000067,463609,463637
P000067,464458,464491
P000067,464740,464777
P000067,465062,465122
P000067,466063,466110
P000067,466334,466370
P000067,466570,466644
P000067,466826,466851
P000067,467340,467369
P000067,467670,467698
P000067,468000,468022
P000067,469243,469269
P000067,469543,469577
P000067,469729,469766
P000067,470229,470290
P000067,471329,471373
P000067,471505,471534
P000067,471687,471758
P000067,471822,471848
P000067,472006,472042
P000067,472127,472154
P000067,472371,472404
P000067,473357,473373
P000067,473608,473625
P000067,473945,473982
P000067,474663,474713
P000067,475876,475920
P000067,476223,476252
P000067,476398,476468
P000067,476611,476627
P000067,476704,476740
P000067,476976,477003
P000067,477262,477298
P000067,478430,478446
P000067,478909,478943
P000067,479588,479624
P000067,480122,480202
P000067,483139,483183
P000067,483325,483354
P000067,483434,483483
P000067,483519,483553
P000067,483694,483731
P000067,483859,483889
P000067,484482,484521
P000067,485144,485160
P000067,485460,485494
P000067,485815,485847
P000067,486362,486408
P000067,487250,487362
P000067,491616,491636
P000067,492346,492498
P000067,493496,493709
P000067,494601,494635
P000067,495931,495972
P000067,497054,497085
P000067,497882,498058
P000067,498652,498682
P000067,498980,499004
P000067,499586,499611
P000067,500024,500054
P000067,500495,500524
P000067,501039,501088
P000068,8534,8788
P000068,11957,11996
P000068,13954,13983
P000068,15417,15839
P000068,18331,18706
P000068,20876,21004
P000068,25547,25711
P000068,29768,29922
P000068,31327,31357
P000068,33396,33432
P000068,39038,39070
P000068,42237,42270
P000068,45011,45162
P000068,47367,47402
P000068,51641,51668
P000068,54495,54750
P000068,55477,55757
P000068,56512,56551
P000068,57239,57266
P000068,58046,58086
P000068,58788,58821
P000068,60910,60943
P000068,62981,63022
P000068,64363,64585
P000068,66204,66247
P000068,68027,68074
P000068,69344,69383
P000068,71629,71763
P000068,74317,74486
P000068,75911,76201
P000068,78292,78407
P000068,80373,80402
P000068,83230,83261
P000068,88163,88321
P000068,90406,90440
P000068,92389,92420
P000068,94970,95207
P000068,98688,98730
P000068,102665,102712
P000068,107009,107131
P000068,117104,117127
P000068,124664,125321
P000068,129056,129088
P000068,131122,131162
P000068,132175,132222
P000068,134083,134299
P000068,138177,138222
P000068,142995,143038
P000068,151280,151474
P000068,154849,154896
P000068,159244,159422
P000068,164631,164677
P000068,169155,169353
P000068,171813,171865
P000068,174836,175266
P000068,176204,176258
P000068,180328,180365
P000068,182098,182155
P000068,184993,185046
P000068,192650,192802
P000068,197192,197221
P000068,200113,200268
P000068,203125,203686
P000068,204422,204469
P000068,207703,207738
P000068,208986,209235
P000068,213462,213493
P000068,215223,215389
P000068,217786,217875
P000068,220441,220459
P000068,222573,222832
P000068,224527,224556
P000068,226494,226522
P000068,230664,230703
P000068,234813,234853
P000068,239543,239581
P000068,246029,246064
P000068,249089,249387
P000068,251042,251081
P000068,253955,253997
P000068,255661,256014
P000068,259800,259977
P000068,261610,261644
P000068,265082,265123
P000068,271459,271489
P000068,276645,276838
P000068,279468,279509
P000068,281779,281821
P000068,285908,286112
P000068,290038,290087
P000068,293245,293290
P000068,297118,297159
P000068,300458,300507
P000068,304686,305074
P000068,307503,307531
P000068,311254,311282
P000068,314386,314561
P000068,315890,315928
P000068,319391,319430
P000068,320446,320627
P000068,325559,325600
P000068,331346,331384
P000068,336580,336744
P000068,345157,345198
P000068,347072,347309
P000068,348585,348640
P000068,353488,353540
P000068,357331,357732
P000068,359516,359568
P000068,364634,364674
P000068,370486,370697
P000068,373371,373408
P000068,378554,378596
P000068,382301,382345
P000068,384612,384801
P000068,386745,386785
P000068,389714,389757
P000068,392889,393091
P000068,394265,394306
P000068,396854,396897
P000068,400108,400250
P000068,402348,402387
P000068,407398,407436
P000068,410962,411295
P000068,413843,413881
P000068,419046,419209
P000068,422609,422647
P000068,430979,431016
P000068,435646,435792
P000068,436812,436848
P000068,438773,439119
P000068,441445,441484
P000068,443878,444027
P000068,447069,447113
P000068,450127,450166
P000068,455592,455629
P000068,458743,458760
P000068,459477,459659
P000068,465480,465516
P000068,469045,469472
P000068,472201,472267
P000068,474832,474900
P000068,477324,477382
P000068,479912,479967
P000068,482676,482740
P000068,485165,485338
P000068,490180,490419
P000068,496437,496604
P000068,500105,500325
P000068,501893,501919
P000068,502947,502977
P000068,504313,504338
P000068,505014,505040
P000068,505749,505780
P000068,507564,507594
P000068,508405,508434
P000068,512560,512737
P000068,515007,515293
P000068,518915,518943
P000068,520660,520688
P000068,524099,524239
P000068,527215,527243
P000068,528790,528822
P000068,530993,531124
P000068,534507,534535
P000068,535815,535847
P000068,538398,538534
P000068,542563,542591
P000068,543816,543848
P000068,545960,545989
P000068,549420,549454
P000070,663,844
P000070,855,893
P000070,1623,1638
P000070,2141,2334
P000070,2700,2737
P000070,3287,3455
P000070,7195,7239
P000070,10593,10624
P000070,11491,11631
P000070,11633,11671
P000070,13264,13309
P000070,14965,15128
P000070,15130,15192
P000070,15821,15856
P000070,16102,16143
P000070,24985,25099
P000070,27474,27679
P000070,28533,28560
P000070,28848,28879
P000070,30007,30029
P000070,38436,38553
P000070,50552,50574
P000070,52794,52816
P000070,54946,55039
P000070,60573,60602
P000070,62084,62369
P000070,63629,63816
P000070,64271,64304
P000070,65792,66024
P000070,66737,66786
P000070,79791,79830
P000070,84393,84417
P000070,88956,88979
P000070,100274,100706
P000070,100972,101108
P000070,101110,101129
P000070,101133,101164
P000070,102033,102055
P000070,102311,102411
P000070,102413,102434
P000070,104363,104402
P000070,104404,104451
P000070,105322,105385
P000070,106270,106307
P000070,106479,106510
P000070,107169,107204
P000070,107206,107224
P000070,107501,107537
P000070,135892,136185
P000070,136435,136595
P000070,137105,137130
P000070,138576,138594
P000070,139333,139349
P000070,153397,153519
P000070,154246,154265
P000070,154401,154592
P000070,155709,155767
P000070,156524,156577
P000070,158112,158172
P000070,158775,159127
P000070,159263,159532
P000070,160575,160645
P000070,161404,161471
P000070,162021,162067
P000070,163824,163871
P000070,164769,164817
P000070,206194,206229
P000070,210007,210027
P000070,213654,213949
P000070,215722,215762
P000070,221853,221900
P000070,235018,235482
P000070,237713,237813
P000070,245052,245073
P000070,250246,250326
P000070,253532,253572
P000070,258718,258749
P000070,274374,274407
P000070,276871,276905
P000070,278091,278150
P000070,279019,279065
P000070,340092,340211
P000070,346045,346452
P000070,346454,346492
P000070,349377,349410
P000070,350917,350969
P000070,352790,352826
P000070,353258,353367
P000070,353842,353867
P000070,354315,354356
P000070,355766,355795
P000070,358313,358345
P000070,358812,358951
P000070,360854,360883
P000070,361212,361231
P000070,361459,361490
P000070,361800,361822
P000070,361948,362025
P000070,363169,363186
P000070,363945,364063
P000070,364463,364479
P000070,364771,364859
P000070,365336,365354
P000070,366098,366134
P000070,367602,367642
P000071,14201,14649
P000071,15530,15552
P000071,16138,16199
P000071,16345,16446
P000071,17220,17239
P000071,17496,17663
P000071,19407,19574
P000071,28394,28555
P000071,30091,30126
P000071,33297,33402
P000071,34465,34797
P000071,36214,36505
P000071,37915,37950
P000071,40490,40523
P000071,41949,41967
P000071,42424,42654
P000071,43178,43222
P000071,45649,45685
P000071,46236,46277
P000071,46498,46550
P000071,46891,47085
P000071,47868,48006
P000071,49640,49667
P000071,50254,50352
P000071,51105,51323
P000071,52401,52526
P000071,53223,53386
P000071,54243,54294
P000071,54634,54683
P000071,55614,55797
P000071,56957,56978
P000071,57610,57796
P000071,60219,60370
P000071,61005,61043
P000071,61330,61364
P000071,61758,62179
P000071,63481,63535
P000071,64054,64154
P000071,64566,64678
P000071,65060,65090
P000071,65642,65671
P000071,66527,67083
P000071,68661,68713
P000071,69837,69889
P000071,70306,70356
P000071,75431,75458
P000071,76689,76800
P000071,77242,77277
P000071,78966,78988
P000071,79507,79541
P000071,80481,80871
P000071,81801,81844
P000071,82842,82880
P000071,83159,83227
P000071,84775,84857
P000071,85421,85458
P000071,86428,86513
P000071,86757,86782
P000071,90508,90792
P000071,91979,92012
P000071,92221,92248
P000071,92467,92493
P000071,92640,92670
P000071,93038,93245
P000071,94231,94258
P000071,95378,95403
P000071,96568,96830
P000071,99723,99857
P000071,108492,108526
P000071,111450,111485
P000071,113789,113828
P000071,114908,115083
P000071,119591,119633
P000071,123444,123597
P000071,128527,128877
P000071,133086,133154
P000071,137311,137347
P000071,139778,139803
P000071,143313,143429
P000071,151438,151473
P000071,152991,153162
P000071,154255,154578
P000071,154660,154759
P000071,156678,156711
P000071,157341,157397
P000071,157777,157808
P000071,158363,158563
P000071,160004,160062
P000071,161839,162068
P000071,162675,162800
P000071,163205,163227
P000071,163704,163737
P000071,163951,163979
P000071,164190,164229
P000071,165965,166063
P000071,166657,166675
P000071,167461,167478
P000071,167982,168021
P000071,168590,168625
P000071,169023,169056
P000071,170535,170661
P000071,171069,171138
P000071,171310,171337
P000071,171427,171440
P000071,171614,171628
P000071,171791,171837
P000071,172089,172133
P000071,172347,172404
P000071,172711,173087
P000071,173180,173238
P000071,173301,173386
P000071,173459,173539
P000071,173938,173976
P000071,174475,174521
P000071,174815,174877
P000071,175102,175126
P000071,176405,176436
P000071,183509,183542
P000071,188960,189153
P000071,190685,190713
P000071,192165,192535
P000071,192550,192637
P000071,193289,193319
P000071,194512,194730
P000071,196114,196146
P000071,196339,196471
P000071,197657,197678
P000071,198950,198981
P000071,200209,200255
P000071,200535,200673
P000071,203189,203227
P000071,203817,203857
P000071,203873,204101
P000071,204620,204656
P000071,205027,205064
P000071,205507,205566
P000071,206355,206482
P000071,206553,206668
P000071,206870,206895
P000071,207103,207138
P000071,207253,207282
P000071,207583,207609
P000071,207972,208033
P000071,209735,209768
P000071,211075,211105
P000071,216020,216058
P000071,223879,223917
P000073,118,355
P000073,7309,7457
P000073,12305,12346
P000073,31770,31813
P000073,34134,34369
P000073,79044,79214
P000073,85280,85335
P000073,86994,87355
P000073,114506,114739
P000073,124846,124889
P000073,125931,125956
P000073,127126,127150
P000073,128285,128778
P000073,131469,131628
P000073,133340,133380
P000073,136332,136839
P000073,146028,146121
P000073,148879,148906
P000073,156950,157121
P000073,167967,168012
P000073,168789,168811
P000073,181095,181134
P000073,229277,229321
P000073,232893,232918
P000073,234674,234810
P000073,245608,245783
P000073,246077,246236
P000073,269344,269367
P000073,275742,275782
P000073,280839,280866
P000073,281527,281890
P000073,284713,284749
P000073,285015,285039
P000073,289738,289763
P000073,293430,293477
P000073,296446,296481
P000073,300081,300394
P000073,305588,305754
P000073,309048,309396
P000073,312097,312478
P000073,402992,403115
P000073,421653,421692
P000073,424667,425045
P000073,461025,461084
P000073,471005,471032
P000073,485931,486364
P000073,495730,495826
P000073,496350,496382
P000073,497210,497243
P000073,500752,500888
P000073,507811,507883
P000073,507929,507975
P000073,508025,508061
P000073,508495,508532
P000073,511232,511464
P000073,525221,525279
P000074,27253,27295
P000074,27706,27939
P000074,85946,86450
P000074,130092,130165
P000074,144864,145145
P000074,185292,185434
P000074,191666,192210
P000074,196532,196548
P000074,206384,206424
P000074,207255,207293
P000074,208017,208295
P000074,208435,208462
P000074,208618,208644
P000074,209361,209385
P000074,209490,209506
P000074,209631,209661
P000074,210469,210638
P000074,211096,211125
P000074,211508,211540
P000074,211909,211940
P000074,212069,212095
P000074,213298,213524
P000074,214068,214218
P000074,216852,216879
P000074,217358,217383
P000074,217658,217784
P000074,218861,218885
P000074,219466,219641
P000074,220278,220305
P000074,238472,238748
P000074,241761,241792
P000074,262172,262722
P000074,268063,268145
P000074,276505,276600
P000074,283040,283164
P000074,289743,289769
P000074,291652,292188
P000074,300306,300673
P000074,316045,316174
P000074,355624,355684
P000074,359730,359793
P000074,371672,372123
P000074,376979,377011
P000074,442184,442223
P000074,451551,451616
P000074,460394,460432
P000074,464191,464343
P000074,468954,468980
P000074,472400,472551
P000074,480454,480659
P000074,481178,481213
P000074,485981,486059
P000074,486994,487010
P000074,494847,495189
P000074,540352,540679
P000074,546183,546211
P000074,556332,556360
P000074,572868,572924
P000074,595871,595896
P000074,606134,606270
P000074,606320,606351
P000074,610428,610726
P000074,611773,611926
P000074,613122,613327
P000074,613771,613912
P000074,614495,614518
P000074,614707,614786
P000074,614819,614926
P000074,615127,615146
P000074,615291,615308
P000074,618310,618416
P000074,619007,619023
P000074,621997,622143
P000074,622249,622276
P000074,622511,622539
P000074,622725,622756
P000074,625981,626014
P000074,627575,627817
P000074,627868,628010
P000074,628821,628886
P000074,628923,628999
P000074,629200,629225
P000074,629310,629506
P000074,629712,629743
P000074,631399,631462
P000074,631611,631626
P000074,631828,631908
P000074,631985,632013
P000074,632481,632517
P000074,640275,640489
P000074,642364,642396
P000074,642720,643075
P000074,643386,643466
P000074,643746,643763
P000074,646735,646839
P000074,650151,650444
P000074,651412,651627
P000074,651937,651963
P000074,652462,652494
P000074,659602,659625
P000074,662302,662461
P000075,1075,1113
P000075,34303,34349
P000075,44476,44747
P000075,45107,45125
P000075,45321,45456
P000075,47522,47575
P000075,49499,49508
P000075,53163,53172
P000075,53251,53260
P000075,54870,54884
P000075,55321,55341
P000075,55859,55909
P000075,59741,59765
P000075,62015,62057
P000075,62862,62889
P000075,63070,63116
P000075,64556,64607
P000075,67009,67040
P000075,67423,67477
P000075,69110,69137
P000078,6892,7209
P000078,11491,11666
P000078,15024,15072
P000078,17226,17459
P000078,21768,21808
P000078,25042,25188
P000078,35699,35730
P000078,39707,39740
P000078,43106,43258
P000078,44771,44814
P000078,47320,47496
P000078,49624,49658
P000078,53724,53850
P000078,54748,54773
P000078,59176,59213
P000078,59886,59919
P000078,60342,60397
P000078,62654,63031
P000078,63360,63378
P000078,63690,63710
P000078,65376,65447
P000078,65602,65711
P000078,76152,76353
P000078,78887,78922
P000078,80269,80396
P000078,80538,80573
P000078,83365,83473
P000078,84619,84655
P000078,87419,87529
P000078,87722,87758
P000078,90050,90266
P000078,92903,92939
P000078,94131,94166
P000078,95889,95948
P000078,100217,100231
P000078,104451,104496
P000078,106964,106997
P000078,110316,110460
P000078,113422,113481
P000078,116020,116612
P000078,119157,119177
P000078,122045,122175
P000078,123845,123876
P000078,125934,126122
P000078,131140,131166
P000078,136485,136513
P000078,141649,141681
P000078,143284,143423
P000078,143565,143634
P000078,144094,144193
P000078,145493,145595
P000078,150069,150101
P000078,151737,151833
P000078,153310,153395
P000078,154019,154236
P000078,154814,154910
P000078,155609,155637
P000078,156995,157117
P000078,158373,158421
P000078,164450,164532
P000078,166521,166541
P000078,168504,168719
P000078,169379,169522
P000078,169738,169758
P000078,171714,171733
P000078,172513,172533
P000078,172963,173053
P000078,173181,173309
P000078,174680,174875
P000078,175194,175229
P000078,175823,175853
P000078,176752,176787
P000078,177924,177953
P000078,178552,178585
P000078,179659,179689
P000078,180335,180361
P000078,180805,180996
P000078,185790,185827
P000078,190726,190762
P000078,191507,191726
P000078,193310,193337
P000078,194510,194540
P000078,195341,195369
P000078,195967,195997
P000078,196929,196960
P000078,198095,198124
P000078,200128,200167
P000078,201179,201219
P000078,201705,201727
P000078,201893,202000
P000078,202506,202686
P000078,204119,204152
P000078,206261,206353
P000078,208579,208599
P000078,210174,210194
P000078,210906,210996
P000078,211135,211159
P000078,211345,211384
P000078,213205,213252
P000078,216462,216510
P000078,220070,220204
P000078,222372,222406
P000078,223629,223664
P000078,225363,225385
P000078,225556,225662
P000078,226192,226351
P000078,227418,227444
P000078,227985,228012
P000078,228630,228720
P000078,228856,229017
P000078,229721,229750
P000078,230723,230749
P000078,231106,231140
P000078,231573,231595
P000078,231767,231872
P000078,232441,232804
P000078,234498,234549
P000078,235826,235862
P000078,236979,237009
P000078,239060,239188
P000078,240812,240845
P000078,242233,242268
P000078,244691,244781
P000078,244910,245053
P000078,245923,246104
P000078,248133,248241
P000078,249291,249314
P000078,250440,250469
P000078,251401,251486
P000078,252382,252608
P000078,252976,253019
P000078,253734,253784
P000078,253996,254032
P000078,254691,254719
P000078,255285,255313
P000078,255685,255865
P000078,256276,256428
P000078,257021,257050
P000078,258627,258651
P000078,258880,258913
P000078,259631,259658
P000078,261419,261444
P000078,263493,263515
P000078,263690,263797
P000078,264419,264619
P000078,266116,266150
P000078,268881,269015
P000078,270203,270237
P000078,271484,271525
P000078,273313,273403
P000078,273702,273884
P000078,274171,274207
P000078,275344,275383
P000078,276265,276414
P000078,277337,277371
P000078,277732,277851
P000078,278873,278904
P000078,280016,280266
P000078,282307,282347
P000078,283103,283132
P000078,283705,283751
P000078,286800,287021
P000078,287889,287923
P000078,288893,288924
P000078,289792,289823
P000078,290393,290430
P000078,291405,291429
P000078,291868,291906
P000078,292764,292817
P000078,293003,293110
P000078,293850,293925
P000078,294651,294743
P000078,294935,294959
P000078,295148,295182
P000078,296199,296241
P000078,298646,298679
P000078,300420,300641
P000078,302989,303022
P000078,304069,304126
P000078,306146,306392
P000078,308288,308334
P000078,315244,315308
P000078,318195,318254
P000078,318481,318647
P000078,319273,319304
P000078,319969,320012
P000078,320969,321015
P000078,321786,321829
P000078,324108,324193
P000078,324684,324734
P000078,325963,326170
P000078,326980,327008
P000078,330253,330283
P000078,331422,331567
P000078,332270,332311
P000078,332973,333000
P000078,334773,334841
P000078,335028,335136
P000078,335931,336108
P000078,337894,337914
P000078,346413,346445
P000078,347538,347671
P000078,347863,348269
P000078,349669,349764
P000078,350792,350817
P000078,352921,352960
P000078,354852,355121
P000078,359295,359590
P000078,361105,361125
P000078,362373,362567
P000078,363849,363876
P000078,365020,365061
P000078,366764,366784
P000078,367574,367720
P000078,371131,371172
P000078,372467,372588
P000078,373262,373291
P000078,374039,374157
P000078,375629,375666
P000078,376504,376535
P000078,376755,376839
P000078,379081,379101
P000078,380866,381138
P000078,381863,381882
P000078,382341,382361
P000078,383177,383194
P000078,384052,384250
P000078,384730,384789
P000078,385350,385406
P000078,386079,386099
P000078,386619,386839
P000078,388770,388816
P000078,390463,390613
P000078,392054,392090
P000078,393922,393945
P000078,396623,396704
P000078,398161,398377
P000078,399561,399668
P000078,400216,400246
P000078,400680,400707
P000078,401174,401206
P000078,402217,402249
P000078,402754,402923
P000078,403296,403333
P000078,404616,404858
P000078,405321,405354
P000078,406124,406382
P000078,407040,407080
P000078,407434,407471
P000078,407955,408072
P000078,409493,409518
P000078,410042,410147
P000078,410852,410880
P000078,411503,411674
P000078,412422,412456
P000078,412897,412935
P000078,413334,413368
P000078,413991,414074
P000078,414323,414429
P000078,414999,415198
P000078,416269,416302
P000078,418067,418097
P000078,420208,420297
P000078,420675,420925
P000078,421655,421696
P000078,422220,422246
P000078,422630,422797
P000078,423267,423296
P000078,424245,424419
P000078,425487,425516
P000078,426652,426680
P000078,427346,427376
P000078,428417,428441
P000078,428752,428782
P000078,429424,429445
P000078,430613,430678
P000078,430826,430931
P000078,431517,431839
P000078,432725,432768
P000078,433645,433687
P000078,434408,434488
P000078,435957,435975
P000078,437535,437699
P000078,438501,438546
P000078,439174,439312
P000078,439738,439921
P000078,441858,441966
P000078,443023,443042
P000078,443884,443917
P000078,444873,444903
P000078,445636,445749
P000078,447513,447544
P000078,448576,448600
P000078,448806,448896
P000078,449229,449489
P000078,449957,450077
P000078,450453,450473
P000078,451116,451145
P000078,451564,451708
P000078,452388,452484
P000078,452977,453016
P000078,453347,453575
P000078,454134,454272
P000078,455059,455101
P000078,456325,456413
P000078,457240,457261
P000078,459911,460021
P000078,460505,460529
P000078,461001,461116
P000078,461822,461854
P000078,462344,462378
P000078,463103,463387
P000078,464349,464373
P000078,464914,464935
P000078,465374,465400
P000078,465664,465682
P000078,466271,466297
P000078,466647,466671
P000078,467381,467412
P000078,468138,468323
P000078,468712,468732
P000078,469805,470023
P000078,470691,470720
P000078,471784,471810
P000078,472209,472359
P000078,472854,472892
P000078,473340,473380
P000078,474291,474349
P000078,474542,474645
P000078,475258,475333
P000078,476363,476593
P000078,477712,477743
P000078,478192,478215
P000078,479074,479098
P000078,479511,479532
P000078,480130,480237
P000078,480924,481096
P000078,482723,482751
P000078,484395,484425
P000078,487303,487373
P000078,487375,487401
P000078,488071,488102
P000078,489256,489354
P000078,489356,489421
P000078,489733,489760
P000078,490769,490801
P000078,491857,491916
P000078,494173,494438
P000078,494979,495272
P000078,495853,495890
P000078,496847,496880
P000078,497561,497595
P000078,498675,498943
P000078,499879,499904
P000078,500495,500518
P000078,500746,500776
P000078,501258,501287
P000078,502382,502412
P000078,502640,502672
P000078,503077,503104
P000078,503302,503407
P000078,503650,503668
P000078,503932,503951
P000078,504180,504194
P000078,504339,504369
P000078,504642,504895
P000078,505105,505132
P000078,505289,505320
P000078,505667,505690
P000078,506070,506097
P000078,506358,506383
P000078,506505,506535
P000078,507371,507400
P000078,507856,507884
P000078,508041,508074
P000078,508486,508714
P000078,509155,509243
P000078,510066,510093
P000078,510653,510680
P000078,512106,512323
P000078,513185,513206
P000078,513746,513770
P000078,514296,514322
P000078,514709,514733
P000078,515131,515157
P000078,515687,515710
P000078,516177,516204
P000078,518051,518073
P000078,518551,518658
P000078,519122,519271
P000078,519762,519983
P000078,520959,521077
P000078,521902,521943
P000078,523201,523482
P000078,524769,524812
P000078,525293,525331
P000078,527062,527201
P000078,528102,528139
P000078,528801,528983
P000078,529464,529500
P000078,529967,529998
P000078,531454,531485
P000078,531959,531987
P000078,532541,532664
P000078,533149,533249
P000078,538090,538127
P000078,538999,539220
P000078,539876,539906
P000078,541754,541781
P000078,542272,542360
P000078,545689,545709
P000078,546888,546980
P000078,547573,547639
P000078,548700,548970
P000078,549573,549599
P000078,550079,550219
P000078,552309,552347
P000078,553184,553216
P000078,553807,553838
P000078,554745,554941
P000078,556071,556120
P000078,556869,556908
P000078,557782,557954
P000078,558355,558375
P000078,560197,560301
P000078,560860,560888
P000078,563014,563123
P000078,563378,563485
P000078,564031,564117
P000078,564814,564991
P000078,565410,565471
P000078,565994,566090
P000078,567036,567194
P000078,567592,567626
P000078,568733,568771
P000078,569439,569568
P000078,571048,571077
P000078,571589,571709
P000078,572216,572235
P000078,572689,572807
P000078,573503,573629
P000078,574023,574051
P000078,574979,575005
P000078,575608,575637
P000078,576500,576604
P000078,577786,577821
P000078,578129,578334
P000078,579069,579083
P000078,580057,580297
P000078,581164,581200
P000078,583403,583439
P000078,584425,584455
P000078,586925,587009
P000078,587287,587376
P000078,587952,587978
P000078,588920,589028
P000078,589673,589805
P000078,590872,590910
P000078,592018,592157
P000078,592879,592911
P000078,594480,594512
P000078,595193,595297
P000078,595971,595993
P000078,596380,596582
P000078,597434,597477
P000078,598224,598253
P000078,598664,598693
P000078,600571,600598
P000078,600968,601033
P000078,601468,601482
P000078,602280,602346
P000078,603156,603249
P000078,603630,603790
P000078,604931,604990
P000078,609019,609114
P000078,609440,609468
P000078,611038,611060
P000078,611453,611559
P000078,612035,612155
P000078,614099,614332
P000078,618353,618490
P000078,619398,619428
P000078,620121,620163
P000078,621031,621164
P000078,621748,621781
P000078,623459,623483
P000078,624797,624932
P000078,625523,625616
P000078,626693,626714
P000078,631981,632326
P000078,633081,633160
P000078,633393,633462
P000078,634358,634504
P000078,635115,635155
P000078,636821,637018
P000078,637686,637711
P000078,638245,638270
P000078,639626,639818
P000078,640958,640997
P000078,641778,641890
P000078,642310,642338
P000078,643290,643366
P000078,643899,644062
P000078,644619,644666
P000078,645607,645940
P000078,646901,646927
P000078,648167,648268
P000078,648873,648899
P000078,649965,649995
P000078,650887,651098
P000078,652975,653019
P000078,654507,654559
P000078,655639,655733
P000078,656808,657023
P000078,658027,658074
P000078,658823,658866
P000078,659331,659366
P000078,660186,660216
P000078,660605,660705
P000078,662276,662576
P000078,663556,663601
P000078,664435,664480
P000078,665370,665412
P000078,666335,666382
P000078,667377,667548
P000078,668778,668916
P000078,672080,672108
P000078,672471,672498
P000078,673020,673045
P000078,673306,673440
P000078,674214,674245
P000078,675384,675418
P000078,676424,676504
P000078,676932,676946
P000078,678846,678959
P000078,679320,679351
P000078,679862,679882
P000078,680793,680815
P000078,681162,681267
P000078,682044,682218
P000078,682707,682882
P000078,686595,686632
P000078,688250,688366
P000078,691242,691365
P000078,693335,693378
P000078,697372,697590
P000078,698537,698642
P000078,699032,699156
P000078,699769,700003
P000078,700581,700608
P000078,702782,702815
P000078,704852,704950
P000078,705523,705551
P000078,707383,707538
P000078,710829,710932
P000078,711553,711687
P000078,712565,712698
P000078,714942,714968
P000078,716425,716446
P000078,718333,718444
P000078,718940,718964
P000078,719965,719993
P000078,721168,721194
P000078,723320,723405
P000078,723794,723999
P000078,724364,724538
P000078,725915,725952
P000078,727272,727314
P000078,728741,728858
P000078,733054,733151
P000078,733817,733845
P000078,734784,734927
P000078,735350,735462
P000078,736045,736158
P000078,736888,736952
P000078,737367,737480
P000078,738169,738209
P000078,739412,739434
P000078,739724,739831
P000078,740320,740478
P000078,743728,743755
P000078,745740,745925
P000078,746644,746683
P000078,747851,747931
P000078,748624,748759
P000078,749864,749902
P000078,750681,750709
P000078,751266,751288
P000078,751541,751648
P000078,752161,752298
P000078,752719,752839
P000078,753225,753248
P000078,753691,753728
P000078,754415,754446
P000078,754706,754866
P000078,757020,757098
P000078,757398,757418
P000078,759543,759563
P000078,760216,760324
P000078,760659,760683
P000078,760949,761119
P000078,761386,761412
P000078,761797,761823
P000078,762185,762208
P000078,762631,762655
P000078,763017,763042
P000078,763769,763794
P000078,766430,766452
P000078,766668,766776
P000078,767412,767545
P000078,768185,768199
P000078,770068,770134
P000078,770365,770379
P000078,771366,771637
P000078,773235,773378
P000078,776444,776472
P000078,777551,777579
P000078,779406,779431
P000078,781032,781066
P000078,782256,782315
P000078,782686,782700
P000078,784024,784046
P000078,784300,784406
P000078,784907,785090
P000078,785580,785683
P000078,786791,786882
P000078,787573,787598
P000078,788789,788822
P000078,791057,791172
P000078,791601,791635
P000078,792596,792703
P000078,793060,793097
P000078,794642,794701
P000078,795123,795208
P000078,795706,795816
P000078,797207,797579
P000078,798137,798169
P000078,798536,798570
P000078,798957,798988
P000078,799443,799472
P000078,799862,799895
P000078,800289,800322
P000078,800689,800719
P000078,801634,801767
P000078,802558,802586
P000078,803346,803375
P000078,804157,804185
P000078,805280,805315
P000078,805986,806011
P000078,806506,806550
P000078,806878,806919
P000078,807634,807656
P000078,807930,808036
P000078,808403,808590
P000078,809730,809763
P000078,811366,811390
P000078,812539,812565
P000078,812842,812998
P000078,813439,813470
P000078,814561,814588
P000078,815536,815558
P000078,815798,815909
P000078,816421,816576
P000078,820181,820213
P000078,821205,821346
P000078,821750,821853
P000078,822277,822301
P000078,823015,823040
P000078,824014,824039
P000078,824836,824988
P000078,825367,825393
P000078,825806,825836
P000078,826593,826623
P000078,827964,827993
P000078,828327,828349
P000078,828641,828744
P000078,829313,829561
P000078,829786,829827
P000078,830485,830516
P000078,830916,830953
P000078,831526,831556
P000078,832293,832322
P000078,833633,833668
P000078,834312,834341
P000080,5997,6152
P000080,6230,6249
P000080,6737,6821
P000080,11160,11359
P000080,12922,12975
P000080,14910,14931
P000080,16727,16799
P000080,18128,18177
P000080,44319,44511
P000080,44732,44820
P000080,47402,47508
P000080,49383,49578
P000080,50218,50268
P000080,50375,50409
P000080,50770,50835
P000080,52109,52158
P000080,56972,57098
P000080,58742,58922
P000080,59222,59361
P000080,60018,60054
P000080,62154,62182
P000080,63237,63519
P000080,64300,64354
P000080,64886,64927
P000080,65290,65317
P000080,65616,65641
P000080,69696,69972
P000080,71136,71191
P000080,71835,71966
P000080,75590,75642
P000080,79456,79524
P000080,91812,91848
P000080,92863,93179
P000080,94818,94848
P000080,96392,96514
P000080,97116,97225
P000080,97788,97932
P000080,98018,98053
P000080,98575,98595
P000080,99089,99109
P000080,99860,99877
P000080,100153,100175
P000080,101172,101205
P000080,101688,101790
P000080,101989,102038
P000080,102392,102421
P000080,103829,103989
P000080,104548,104607
P000080,105290,105314
P000080,105769,105791
P000080,105972,105992
P000080,106356,106383
P000080,107431,107448
P000080,107548,107566
P000080,107905,108057
P000080,112573,112660
P000080,113160,113201
P000080,113573,113691
P000080,114292,114344
P000080,114808,114863
P000080,116935,117198
P000080,118038,118065
P000080,118338,118377
P000080,118600,118646
P000080,119049,119098
P000080,120404,120608
P000080,130216,130236
P000080,134798,134949
P000080,135418,135443
P000080,137752,137989
P000080,139541,139609
P000080,140002,140030
P000080,140634,140652
P000080,142502,142556
P000080,143067,143095
P000080,144501,144540
P000080,147857,147874
P000080,149269,149341
P000080,154339,154543
P000080,154895,154941
P000080,155034,155112
P000080,157445,157541
P000080,158057,158087
P000080,158207,158347
P000080,160860,160902
P000080,162001,162293
P000080,163076,163119
P000080,163284,163311
P000080,163824,163926
P000080,164929,164956
P000080,165421,165450
P000080,166577,166613
P000080,169043,169296
P000080,169675,169782
P000080,170529,170545
P000080,171149,171248
P000080,171337,171511
P000080,174197,174214
P000080,174790,174851
P000080,174911,174930
P000080,175755,175827
P000080,175893,175976
P000080,176302,176330
P000080,176539,176659
P000080,176890,176927
P000080,177220,177241
P000080,177648,177676
P000080,178136,178153
P000080,180346,180434
P000080,180778,180798
P000080,182087,182239
P000080,183065,183096
P000080,184580,184596
P000080,185582,185614
P000080,187272,187403
P000080,187539,187608
P000080,190365,190389
P000080,191413,191517
P000080,191796,191896
P000080,192189,192232
P000080,192389,192418
P000080,192554,192742
P000080,192794,192843
P000080,192998,193017
P000080,193442,193502
P000080,195592,195744
P000080,196274,196409
P000080,201045,201205
P000080,201412,201421
P000080,201626,201636
P000080,202042,202052
P000080,202399,202439
P000080,202659,202667
P000080,203351,203361
P000080,203513,203523
P000080,203724,203763
P000080,204450,204458
P000080,204656,204676
P000080,205267,205277
P000080,205449,205459
P000080,205695,205736
P000080,208500,208512
P000080,211431,211474
P000080,214242,214252
P000080,214464,214474
P000080,214696,214757
P000080,216361,216491
P000080,216934,216969
P000080,217288,217323
P000080,217511,217542
P000080,218026,218226
P000080,218846,218871
P000080,219344,219372
P000080,220066,220094
P000080,220596,220684
P000080,222381,222519
P000080,224853,224884
P000080,225670,225693
P000080,252704,252728
P000080,252910,252931
P000080,253076,253116
P000080,253840,253868
P000080,260931,260967
P000080,263892,263986
P000080,269421,269570
P000080,269727,269795
P000080,285358,285462
P000080,288781,288814
P000080,295488,295517
P000080,299964,300341
P000080,305176,305209
P000080,309638,309710
P000080,323100,323218
P000080,323431,323462
P000080,338357,338588
P000080,338877,338914
P000080,339148,339170
P000080,341743,341795
P000080,348917,348956
P000080,361516,361561
P000080,363301,363330
P000080,363571,363691
P000081,1188,1241
P000081,1971,2127
P000081,2954,2986
P000081,3813,3848
P000081,5933,6222
P000081,7190,7342
P000081,8169,8221
P000081,10107,10183
P000081,11270,11308
P000081,13087,13156
P000081,13911,13942
P000081,14552,14578
P000081,15022,15054
P000081,15531,15558
P000081,16020,16048
P000081,16493,16525
P000081,18798,18838
P000081,20564,20605
P000081,22583,22754
P000081,24137,24165
P000081,24306,24329
P000081,24593,24614
P000081,24969,24992
P000081,25174,25197
P000081,26176,26207
P000081,26466,26499
P000081,26891,26938
P000081,27132,27172
P000081,28302,28343
P000081,29993,30033
P000081,31142,31188
P000081,32280,32317
P000081,33763,33801
P000081,35467,35533
P000081,36919,37064
P000081,38089,38143
P000081,38592,38645
P000081,39243,39302
P000081,39863,39913
P000081,40452,40503
P000081,41151,41310
P000081,42352,42467
P000081,43324,43434
P000081,44357,44473
P000081,45356,45467
P000081,46208,46320
P000081,47463,47709
P000081,48731,48771
P000081,51066,51094
P000081,51739,51771
P000081,52439,52466
P000081,53588,53625
P000081,54497,54591
P000081,58319,58362
P000081,58942,58982
P000081,59381,59425
P000081,59803,59842
P000081,60224,60264
P000081,60757,60800
P000081,65539,65647
P000081,66095,66149
P000081,66234,66264
P000081,66730,66758
P000081,67968,67991
P000081,69514,69544
P000081,70076,70121
P000081,70834,70921
P000081,75245,75304
P000081,75993,76013
P000081,76809,76849
P000081,77474,77588
P000081,78364,78388
P000081,79583,79613
P000081,80392,80425
P000081,81218,81397
P000081,89716,89877
P000081,90334,90400
P000081,91396,91437
P000081,92416,92453
P000081,93146,93182
P000081,93877,93918
P000081,94262,94286
P000081,94769,94804
P000081,95291,95330
P000081,95858,95887
P000081,97903,97934
P000081,98675,98903
P000081,101020,101053
P000081,103320,103352
P000081,105669,105701
P000081,107251,107294
P000081,110405,110437
P000081,111317,111398
P000081,113619,113685
P000081,114630,114676
P000081,115936,115962
P000081,116873,116991
P000081,120301,120345
P000081,127675,127705
P000081,128528,128554
P000081,129062,129094
P000081,130797,130835
P000081,143071,143132
P000081,146775,146813
P000081,149263,149331
P000081,150585,150617
P000081,151705,151753
P000081,153227,153406
P000081,154060,154089
P000081,155574,155599
P000081,156571,156600
P000081,157630,157669
P000081,159372,159407
P000081,160448,160490
P000081,162535,162571
P000081,163103,163136
P000081,163854,163917
P000081,164225,164355
P000081,165932,165992
P000081,167655,167679
P000081,168397,168417
P000081,168835,168854
P000081,170187,170211
P000081,175247,175270
P000081,179041,179103
P000081,182987,183054
P000081,186379,186432
P000081,190573,190775
P000081,197146,197179
P000081,202589,202628
P000081,211265,211289
P000081,214007,214029
P000081,214924,214962
P000081,217165,217355
P000081,217574,217629
P000081,218476,218523
P000081,224901,224940
P000081,228351,228390
P000081,231284,231350
P000081,233566,233616
P000081,235346,235403
P000081,237952,238186
P000081,240077,240186
P000081,242725,242900
P000081,259045,259243
P000081,274964,275010
P000081,286262,286299
P000081,309818,309839
P000081,310390,310418
P000081,311678,312088
P000081,314007,314031
P000081,315171,315191
P000081,316722,316871
P000081,317768,317816
P000081,326576,326600
P000081,328533,328555
P000081,329344,329379
P000081,331038,331065
P000081,333204,333247
P000081,334706,334748
P000081,336694,336714
P000081,337360,337404
P000081,340164,340196
P000081,341473,341517
P000081,342475,342507
P000081,344570,344611
P000081,346323,346637
P000081,347893,348120
P000081,355766,355795
P000081,359362,359391
P000081,361097,361129
P000081,363194,363242
P000081,375515,375597
P000081,377467,377522
P000081,379834,379887
P000081,383531,383718
P000081,385153,385207
P000081,385503,385556
P000081,394221,394272
P000081,397582,397730
P000081,403149,403216
P000081,405129,405362
P000081,411218,411275
P000081,418585,418684
P000081,419275,419323
P000081,430733,430780
P000081,437990,438059
P000081,440272,440334
P000081,442289,442341
P000081,445690,445782
P000081,451918,451946
P000081,453519,453540
P000081,457259,457288
P000081,458559,458609
P000081,471149,471223
P000081,471660,471688
P000083,22185,22252
P000083,24957,25116
P000083,25780,25793
P000083,26436,26687
P000083,27792,27808
P000083,28413,28426
P000083,28974,29001
P000083,31495,31506
P000083,31605,31725
P000083,34412,34438
P000083,36856,37075
P000083,37077,37261
P000083,37362,37391
P000083,38105,38135
P000083,38290,38316
P000083,38632,38694
P000083,39762,40024
P000083,40663,40678
P000083,41126,41141
P000083,41475,41490
P000083,41981,41994
P000083,42462,42516
P000083,43400,43518
P000083,43866,44074
P000083,45543,45574
P000083,46526,46571
P000083,47427,47551
P000083,48322,48752
P000083,50833,50865
P000083,51990,52029
P000083,52832,52867
P000083,53439,53637
P000083,54656,54684
P000083,55322,55593
P000083,57616,57642
P000083,58700,58730
P000083,61039,61155
P000083,63118,63142
P000083,63882,64048
P000083,65386,65547
P000083,66633,66863
P000083,74513,74561
P000083,75861,75925
P000083,77426,77796
P000083,81409,81474
P000083,82981,83039
P000083,83486,83516
P000083,84812,84844
P000083,85273,85415
P000083,86411,86447
P000083,88679,88807
P000083,89006,89236
P000083,89942,90032
P000083,90983,91008
P000083,94415,94446
P000083,96853,96881
P000083,102227,102396
P000083,102727,103229
P000083,104617,104740
P000083,105237,105397
P000083,109298,109386
P000083,109808,110309
P000083,110852,110915
P000083,111910,111959
P000083,113603,113655
P000083,115096,115278
P000083,115934,115971
P000083,116811,116906
P000083,117437,117470
P000083,118598,119003
P000083,119561,119664
P000083,120448,120467
P000083,121386,121416
P000083,122833,122937
P000083,124667,124761
P000083,125326,125346
P000083,129785,129808
P000083,130233,130268
P000083,131498,131784
P000083,134597,134639
P000083,135617,135650
P000083,136470,136507
P000083,137506,137548
P000083,138251,138361
P000083,144883,144954
P000083,153075,153273
P000083,153583,153866
P000083,154623,154777
P000083,155036,155071
P000083,155755,155792
P000083,158575,158660
P000083,158959,158980
P000083,161855,161879
P000083,162458,162545
P000083,163028,163172
P000083,163765,163802
P000083,164479,164509
P000083,165263,165347
P000083,166039,166112
P000083,166320,166431
P000083,166808,166846
P000083,168862,168887
P000083,169506,169619
P000083,170214,170297
P000083,171678,171697
P000083,173895,173973
P000083,174501,174521
P000083,176142,176263
P000083,176637,176759
P000083,180885,180921
P000083,181472,181622
P000083,181978,182167
P000083,182899,183007
P000083,183320,183510
P000083,184922,184996
P000083,189181,189248
P000083,191783,191816
P000083,193291,193475
P000083,193902,194063
P000083,194789,195008
P000083,197875,197906
P000083,198545,198677
P000083,198927,199039
P000083,200568,200743
P000083,201517,201548
P000083,201844,201871
P000083,202408,202664
P000083,203997,204069
P000083,204592,204670
P000083,204789,204912
P000083,205843,205920
P000083,207042,207062
P000083,207977,208112
P000083,208345,208455
P000083,208739,208766
P000083,209216,209258
P000083,211259,211410
P000083,211961,212120
P000083,212426,212630
P000083,214961,215006
P000083,215910,215945
P000083,216222,216380
P000083,219494,219597
P000083,219800,219820
P000083,221073,221089
P000083,221514,221545
P000083,222721,222771
P000083,224794,224811
P000083,226300,226333
P000083,228269,228454
P000083,229388,229622
P000083,230584,230617
P000083,230845,230876
P000083,231092,231125
P000083,231342,231468
P000083,232141,232180
P000083,233081,233226
P000083,233587,233788
P000083,233962,234055
P000083,234405,234425
P000083,235787,235809
P000083,237214,237285
P000083,237287,237317
P000083,237612,237921
P000083,238521,238567
P000083,239047,239098
P000083,239738,239815
P000083,240767,240791
P000083,241747,241778
P000083,243038,243252
P000083,244276,244331
P000083,245886,245961
P000083,247021,247051
P000083,247597,247695
P000083,248446,248676
P000083,249555,249604
P000083,250861,251227
P000083,252469,252509
P000083,253548,253638
P000083,254925,254985
P000083,255478,255564
P000083,257422,257499
P000083,258814,258833
P000083,259934,260019
P000083,260288,260348
P000083,260911,261104
P000083,262491,262529
P000083,264696,264797
P000083,265297,265378
P000083,265662,265680
P000083,265834,265862
P000083,266972,267098
P000083,268000,268093
P000083,268933,269052
P000083,270464,270492
P000083,271545,271573
P000083,271951,271971
P000083,272947,273041
P000083,273189,273333
P000083,273672,273733
P000083,274280,274425
P000083,274786,274815
P000083,275312,275377
P000083,275787,275807
P000083,277422,277584
P000083,278444,278594
P000083,279235,279293
P000083,279886,280010
P000083,280595,280613
P000083,281401,281439
P000083,282048,282205
P000083,282593,282613
P000083,285480,285502
P000083,286103,286134
P000083,286941,286986
P000083,289608,289701
P000083,290130,290150
P000083,293742,293777
P000083,294494,294644
P000083,299767,299808
P000083,301227,301383
P000083,302202,302506
P000083,303255,303289
P000083,314278,314307
P000083,314506,314535
P000084,137,511
P000084,2028,2200
P000084,2687,2869
P000084,6569,6691
P000084,8804,8828
P000084,10855,10883
P000084,11736,11762
P000084,12296,12335
P000084,12844,12886
P000084,13515,13562
P000084,14070,14126
P000084,14597,14622
P000084,16258,16357
P000084,16516,16588
P000084,19363,19380
P000084,21861,22094
P000084,28392,28634
P000084,28765,28806
P000084,29160,29196
P000084,30571,30606
P000084,32242,32300
P000084,34549,34660
P000084,35122,35239
P000084,36665,36682
P000084,38524,38559
P000084,39942,40160
P000084,40713,40745
P000084,43943,43970
P000084,44777,44795
P000084,45557,45578
P000084,46715,46748
P000084,55267,55289
P000084,55954,56104
P000084,56934,56965
P000084,64187,64221
P000084,66041,66363
P000084,68337,68388
P000084,70440,70492
P000084,75528,75674
P000084,79113,79285
P000084,79721,79738
P000084,84632,84664
P000084,89140,89283
P000084,89779,90186
P000084,90701,90716
P000084,91311,91345
P000084,92031,92065
P000084,94378,94417
P000084,95750,95962
P000084,96532,96552
P000084,97370,97404
P000084,97969,98003
P000084,98947,98986
P000084,106172,106384
P000084,107259,107291
P000084,107924,107961
P000084,108740,108766
P000084,109482,109530
P000084,111125,111228
P000084,111924,111944
P000084,115645,115698
P000084,116572,116737
P000084,118061,118109
P000084,118793,118840
P000084,119662,119827
P000084,120921,121243
P000084,123367,123399
P000084,124026,124052
P000084,125042,125241
P000084,126723,126780
P000084,128533,128761
P000084,130811,130849
P000084,137020,137145
P000084,140174,140211
P000084,142501,142531
P000084,149703,149735
P000085,1400,1774
P000085,21249,21272
P000085,23717,23746
P000085,25349,25369
P000085,27070,27107
P000085,30441,30466
P000085,30892,30970
P000085,50442,50484
P000085,55408,55458
P000085,61017,61076
P000085,72766,72801
P000085,74797,74831
P000085,77662,77787
P000085,82427,82460
P000085,87026,87072
P000085,89443,89517
P000085,93449,93494
P000085,98149,98199
P000085,102138,102374
P000085,111486,111527
P000085,130058,130114
P000085,134027,134089
P000085,135933,135960
P000085,146857,146957
P000085,151527,151746
P000085,156947,156983
P000085,158364,158398
P000085,162431,162455
P000085,164429,164456
P000085,165095,165139
P000085,165776,165815
P000085,180413,180439
P000085,183310,183523
P000085,185123,185196
P000085,185382,185506
P000085,190309,190357
P000085,193728,193851
P000085,194872,194909
P000085,195673,195709
P000085,196041,196079
P000085,196369,196393
P000085,199298,199328
P000085,200381,200420
P000085,210124,210162
P000085,213113,213148
P000085,214832,214874
P000085,216076,216167
P000085,218312,218358
P000085,222006,222042
P000085,224697,224917
P000085,226238,226264
P000085,226893,226931
P000085,228441,228485
P000085,229603,229723
P000085,237827,237874
P000085,240931,241466
P000085,243965,244023
P000085,251796,251838
P000085,254690,255053
P000085,256083,256117
P000085,256550,256584
P000085,258326,258415
P000085,259006,259035
P000085,259472,259502
P000085,260481,260644
P000085,261098,261133
P000085,263555,263599
P000085,268213,268259
P000085,269037,269110
P000085,270337,270394
P000085,270810,270853
P000085,271094,271129
P000085,271438,271461
P000085,271823,271854
P000085,272182,272213
P000085,272632,272664
P000085,275694,275964
P000085,276373,276408
P000085,276742,276846
P000085,277811,277847
P000085,278126,278161
P000085,278437,278470
P000085,278734,278765
P000085,279678,279766
P000085,280121,280153
P000085,280384,280426
P000085,280614,280657
P000085,282253,282299
P000085,285891,285932
P000085,290166,290210
P000085,293617,293646
P000085,298625,298897
P000085,301376,301442
P000085,303328,303390
P000085,311793,311844
P000085,318304,318352
P000085,321007,321037
P000085,324086,324966
P000085,326470,326501
P000085,329013,329083
P000085,332503,332558
P000085,337496,337817
P000085,343316,343381
P000085,347796,347855
P000085,349966,350001
P000085,353591,353659
P000085,353807,353924
P000085,355944,356004
P000085,357263,357311
P000085,361075,361135
P000085,364873,364945
P000085,373972,374267
P000085,377388,377429
P000085,377992,378026
P000085,378266,378300
P000085,379178,379209
P000085,379769,379801
P000085,386630,386659
P000085,386874,386896
P000085,387136,387161
P000085,387828,387870
P000085,390347,390386
P000085,392505,392568
P000085,401080,401113
P000085,405408,405471
P000085,407454,407489
P000085,407964,408004
P000085,410372,410388
P000085,410983,411000
P000085,411417,411432
P000085,411925,411940
P000085,415535,415551
P000085,416831,416848
P000085,417823,417839
P000085,424159,424215
P000085,430851,430903
P000085,433354,433411
P000085,436321,436601
P000085,440733,440769
P000085,444226,444278
P000085,447631,447669
P000085,457213,457253
P000085,465210,465252
P000085,468181,468221
P000085,470725,470770
P000085,475209,475274
P000085,477480,477550
P000085,483563,483582
P000085,484854,484880
P000085,485655,485685
P000085,486637,486659
P000085,487297,487320
P000085,488342,488369
P000085,488796,488826
P000085,490111,490144
P000085,493561,493588
P000085,497594,497898
P000085,497900,497931
P000085,509730,509766
P000085,537478,537815
P000085,538488,538515
P000085,539983,540018
P000085,541879,542044
P000085,544666,544712
P000085,547382,547420
P000085,551584,551626
P000085,554755,554781
P000085,555498,555544
P000085,557830,557878
P000085,562984,563226
P000085,569840,569962
P000085,578112,578173
P000085,579037,579528
P000085,583229,583267
P000085,583969,584001
P000085,584673,584702
P000085,585684,585717
P000085,586453,586485
P000085,587147,587180
P000085,587865,587901
P000085,588900,588925
P000085,589543,589593
P000085,590267,590305
P000085,591360,591516
P000085,591896,591925
P000085,592505,592531
P000085,593095,593126
P000085,593378,593411
P000085,597789,597948
P000085,600591,601049
P000085,602358,602394
P000085,604219,604262
P000085,606505,606576
P000085,606967,607055
P000085,607361,607448
P000085,608167,608202
P000085,608444,608473
P000085,608800,608835
P000085,609087,609126
P000085,609396,609441
P000085,612475,612509
P000085,613191,613514
P000085,616287,616309
P000085,616471,616495
P000085,617972,618010
P000085,619715,619767
P000085,620499,620682
P000085,621204,621705
P000085,622021,622048
P000085,622278,622313
P000085,622678,622707
P000085,622907,622942
P000085,623315,623354
P000085,623659,623706
P000085,627832,627868
P000085,628275,628558
P000085,631338,631380
P000085,633525,633626
P000085,634157,634196
P000085,634531,634650
P000085,634921,634948
P000085,635370,635405
P000085,635800,635829
P000085,637161,637196
P000085,638246,638285
P000085,639109,639153
P000085,641718,641751
P000085,642480,642768
P000085,644092,644129
P000085,645355,645389
P000085,646149,646326
P000085,646875,646909
P000085,647236,647297
P000085,647858,647892
P000085,648169,648198
P000085,648493,648528
P000085,648840,648879
P000085,649277,649313
P000085,651390,651425
P000085,656172,656364
P000085,666036,666096
P000085,668736,668799
P000085,671612,671677
P000085,674720,674775
P000085,677731,677783
P000085,686868,687029
P000085,718501,718541
P000085,728833,728877
P000087,41788,41837
P000087,55395,55491
P000087,58129,58176
P000087,65207,65255
P000087,82206,82401
P000087,89269,89286
P000087,89781,89813
P000087,90440,90468
P000087,92474,92508
P000087,100959,101195
P000087,102916,102944
P000087,105238,105258
P000087,105718,105779
P000087,106316,106364
P000087,116872,116906
P000087,117164,117401
P000087,118413,118429
P000087,118831,118850
P000087,119935,119951
P000087,122220,122271
P000087,124774,124922
P000087,126599,126650
P000087,129048,129152
P000087,129313,129352
P000087,130370,130409
P000087,130611,130631
P000087,130856,130875
P000087,131093,131110
P000087,131448,131466
P000087,131675,131698
P000087,131969,131986
P000087,134072,134283
P000087,135733,135748
P000087,138828,138844
P000087,140450,140468
P000087,141415,141430
P000087,143467,143487
P000087,144560,144580
P000087,146409,146431
P000087,159891,159930
P000087,185109,185125
P000087,185576,185583
P000087,186994,187001
P000087,188942,188951
P000087,190992,191026
P000087,192004,192034
P000087,192376,192398
P000087,193240,193277
P000087,193551,193581
P000087,194705,194732
P000087,195539,195589
P000087,197420,197458
P000087,198547,198600
P000087,199828,199869
P000087,200747,200817
P000087,202207,202285
P000087,203580,203673
P000087,204750,204785
P000087,206752,206792
P000087,208575,208644
P000087,210099,210179
P000087,211252,211293
P000087,213367,213400
P000087,214358,214437
P000087,218178,218254
P000087,219813,219894
P000087,221859,221923
P000087,222336,222360
P000087,224296,224324
P000087,225368,225392
P000087,225486,225508
P000087,225821,225844
P000087,226394,226436
P000087,226740,226782
P000087,227089,227112
P000087,227408,227432
P000087,227752,227776
P000087,228112,228135
P000087,228474,228497
P000087,228761,228915
P000087,229310,229409
P000087,229751,229779
P000087,230118,230145
P000087,230498,230622
P000087,231554,231580
P000087,232359,232422
P000087,233008,233038
P000087,233854,233923
P000087,234408,234436
P000087,234920,234970
P000087,235397,235542
P000087,236510,236537
P000087,237607,237637
P000087,237965,238001
P000087,238992,239016
P000087,239958,240137
P000087,240452,240471
P000087,241187,241218
P000087,241571,241635
P000087,241967,242017
P000087,244562,244741
P000087,245295,245345
P000087,245895,245934
P000087,246346,246383
P000087,246595,246630
P000087,246824,246866
P000087,247053,247076
P000087,247294,247324
P000087,247516,247539
P000087,247733,247752
P000087,247962,247987
P000087,248178,248201
P000087,248435,248461
P000087,248702,248726
P000087,248935,248959
P000087,249158,249185
P000087,249404,249432
P000087,249623,249653
P000087,249860,249885
P000087,250236,250263
P000087,250758,250783
P000087,250947,250974
P000087,251136,251169
P000087,251374,251398
P000087,251586,251608
P000087,251833,251859
P000087,252041,252069
P000087,252241,252274
P000087,252489,252518
P000087,252771,252799
P000087,253000,253024
P000087,253205,253236
P000087,253491,253518
P000087,253749,253776
P000087,254098,254121
P000087,254254,254273
P000087,254530,254561
P000087,255248,255280
P000087,255570,255593
P000087,256204,256262
P000087,256418,256473
P000087,256638,256669
P000087,257476,257491
P000087,259254,259270
P000087,260774,260790
P000087,262646,262661
P000087,265455,265484
P000087,265789,265816
P000087,266223,266242
P000087,266414,266443
P000087,266660,266690
P000087,266818,266842
P000087,267153,267174
P000087,267377,267407
P000087,267586,267610
P000087,268438,268465
P000087,268660,268689
P000087,268855,268883
P000087,269089,269122
P000087,269372,269402
P000087,269625,269655
P000087,269857,269887
P000087,270162,270188
P000087,270413,270444
P000087,270691,270722
P000087,270929,270961
P000087,271275,271309
P000087,271549,271582
P000087,271946,271986
P000087,272226,272289
P000087,272671,272710
P000087,272900,272941
P000087,273154,273191
P000087,273394,273430
P000087,273588,273626
P000087,273799,273839
P000087,274008,274046
P000087,274213,274250
P000087,274409,274446
P000087,274601,274645
P000087,274814,274855
P000087,275024,275055
P000087,275328,275361
P000087,275611,275640
P000087,275853,275884
P000087,276210,276416
P000087,276643,276662
P000087,276876,276908
P000087,277322,277347
P000087,277627,277689
P000087,278030,278056
P000087,278399,278427
P000087,278666,278685
P000087,278897,278918
P000087,279140,279161
P000087,279339,279363
P000087,279573,279602
P000087,279820,279843
P000087,280074,280098
P000087,280309,280344
P000087,280537,280566
P000087,280773,280803
P000087,281004,281030
P000087,281538,281567
P000087,281753,281780
P000087,281993,282024
P000087,282388,282416
P000087,282922,282946
P000087,283271,283300
P000087,283521,283549
P000087,283763,283790
P000087,284038,284064
P000087,284491,284548
P000087,284756,284797
P000087,285005,285043
P000087,285290,285321
P000087,285563,285596
P000087,285852,285884
P000087,286083,286126
P000087,286569,286600
P000087,286824,287049
P000087,287167,287195
P000087,287444,287472
P000087,287939,287957
P000087,288129,288148
P000087,288863,288897
P000087,289080,289237
P000087,289401,289462
P000087,289586,289624
P000087,289809,289838
P000087,290767,290810
P000087,291222,291253
P000087,291446,291507
P000087,291698,291790
P000087,292065,292115
P000087,292358,292392
P000087,292591,292623
P000087,292797,292848
P000087,293109,293134
P000087,293329,293353
P000087,293521,293545
P000087,293806,293837
P000087,293985,294037
P000087,294207,294244
P000087,294400,294429
P000087,294582,294610
P000087,294773,294799
P000087,294958,294989
P000087,295219,295247
P000087,295752,295784
P000087,296002,296038
P000087,296222,296250
P000087,296662,296689
P000087,296910,296976
P000087,297164,297185
P000087,297423,297484
P000087,297964,298006
P000087,298253,298293
P000087,298665,298706
P000087,298941,298998
P000087,299574,299605
P000087,300025,300061
P000087,300223,300255
P000087,300463,300492
P000087,300639,300666
P000087,300822,300849
P000087,300990,301166
P000087,301323,301462
P000087,301878,301901
P000087,302010,302059
P000087,302225,302247
P000087,302392,302412
P000087,302578,302599
P000087,303171,303212
P000087,303538,303679
P000087,303794,303822
P000087,303956,303989
P000087,304084,304135
P000087,304351,304389
P000087,304592,304627
P000087,304845,304881
P000087,305034,305076
P000087,305236,305278
P000087,305441,305489
P000087,305638,305680
P000087,305857,305893
P000087,306083,306119
P000087,306387,306418
P000087,306736,306870
P000087,307184,307210
P000087,307547,307577
P000087,307728,307768
P000087,307933,307956
P000087,308118,308145
P000087,308337,308365
P000087,308468,308515
P000087,309377,309408
P000087,310059,310093
P000087,310422,310454
P000087,310925,310957
P000087,311266,311295
P000087,311926,311957
P000087,312545,312574
P000087,312932,312960
P000087,313528,313563
P000087,313866,313919
P000087,314086,314124
P000087,314278,314316
P000087,314480,314516
P000087,314676,314705
P000087,314908,315156
P000087,315315,315344
P000087,315546,315727
P000087,315967,315989
P000087,316191,316210
P000087,316431,316460
P000087,316677,316708
P000087,316931,316955
P000087,317609,317649
P000087,318049,318247
P000087,318432,318474
P000087,318634,318662
P000087,319339,319373
P000087,319542,319574
P000087,319906,319933
P000087,320099,320250
P000087,320456,320493
P000087,320700,320740
P000087,320975,321009
P000087,321257,321290
P000087,321698,321728
P000087,321831,321878
P000087,322668,322697
P000087,323109,323141
P000087,327348,327805
P000087,327972,328002
P000087,328169,328199
P000087,328361,328390
P000087,328550,328609
P000087,328758,328791
P000087,328958,328990
P000087,329161,329195
P000087,329357,329390
P000087,329559,329592
P000087,329757,329815
P000087,329976,330019
P000087,330187,330232
P000087,330403,330439
P000087,330597,330627
P000087,330890,330915
P000087,331022,331158
P000087,331318,331357
P000087,331523,331555
P000087,331729,331763
P000087,332118,332154
P000087,332322,332382
P000087,332534,332573
P000087,332739,332769
P000087,332927,332957
P000087,333234,333270
P000087,333456,333496
P000087,333657,333691
P000087,333931,333966
P000087,334164,334220
P000087,334384,334444
P000087,335071,335106
P000087,335190,335493
P000087,335664,335689
P000087,335857,335911
P000087,336073,336096
P000087,336277,336315
P000087,336476,336494
P000087,336682,336724
P000087,336895,336970
P000087,337166,337224
P000087,337404,337438
P000087,337639,337721
P000087,337902,337956
P000087,338244,338268
P000087,338974,339116
P000087,339225,339272
P000087,339497,339533
P000087,339744,339782
P000087,340034,340095
P000087,341220,341305
P000087,342153,342178
P000087,342720,342744
P000087,343180,343205
P000087,343576,343614
P000087,343805,343837
P000087,343997,344025
P000087,344358,344381
P000087,344694,344813
P000087,345202,345241
P000087,346274,346393
P000087,346619,346648
P000087,346840,346869
P000087,347079,347110
P000087,347260,347308
P000087,347604,347631
P000087,347883,347906
P000087,348133,348159
P000087,348412,348481
P000087,348769,348792
P000087,348998,349021
P000087,349205,349227
P000087,349731,349755
P000087,350064,350104
P000087,350520,350550
P000087,350891,350924
P000087,351157,351184
P000087,351462,351491
P000087,351941,351967
P000087,352296,352321
P000087,352765,352795
P000087,353102,353133
P000087,353453,353480
P000087,353819,353854
P000087,354298,354328
P000087,355131,355167
P000087,355407,355442
P000087,355674,355712
P000087,356133,356158
P000087,356418,356434
P000087,356939,356956
P000087,357462,357482
P000087,358207,358232
P000087,358955,358982
P000087,359514,359541
P000087,360218,360260
P000087,360618,360645
P000087,360897,360922
P000087,361430,361452
P000087,361650,361695
P000087,361851,361881
P000087,362048,362083
P000087,362246,362281
P000087,362441,362472
P000087,362843,362873
P000087,363065,363181
P000087,363505,363541
P000087,363863,363904
P000087,364224,364266
P000087,364581,364620
P000087,364957,364993
P000087,369095,369182
P000087,370372,370418
P000087,377602,377657
P000087,381785,381850
P000087,384657,384698
P000087,385233,385283
P000087,389684,389753
P000087,391269,391312
P000087,393020,393072
P000087,393578,393634
P000087,394353,394420
P000087,395076,395144
P000087,396172,396234
P000087,399015,399065
P000087,399392,399447
P000087,400108,400138
P000087,400673,400740
P000087,404047,404108
P000087,404614,404671
P000087,406315,406388
P000087,407285,407349
P000087,407683,407747
P000087,408966,409037
P000087,409685,409740
P000087,410423,410492
P000087,411036,411093
P000087,411698,411780
P000087,412460,412493
P000087,447291,447406
P000087,448499,448536
P000087,448914,448953
P000087,449710,449757
P000087,450465,450509
P000087,451450,451492
P000087,452290,452329
P000087,453002,453044
P000087,453849,453887
P000087,454658,454703
P000087,455390,455429
P000087,456202,456242
P000087,456984,457026
P000087,457720,457761
P000087,458537,458579
P000087,567251,567368
P000089,44294,44445
P000089,46039,46083
P000089,46268,46516
P000089,46607,46774
P000089,58884,58990
P000089,59766,59814
P000089,61035,61087
P000089,62377,62413
P000089,62572,62583
P000089,64099,64113
P000089,65469,65662
P000089,66411,66567
P000089,70815,70842
P000089,75559,75590
P000089,77569,77603
P000089,84784,84814
P000089,85534,85762
P000089,88511,88942
P000089,90697,90734
P000089,91117,91169
P000089,92293,92499
P000089,93453,93491
P000089,94207,94259
P000089,94598,94774
P000089,95259,95296
P000089,96003,96074
P000089,100191,100250
P000089,114174,114208
P000089,117532,117564
P000089,118766,118900
P000089,128483,128513
P000089,133292,133325
P000089,140609,140777
P000089,142928,143030
P000089,144942,144976
P000089,145159,145198
P000089,145809,145856
P000089,146789,146839
P000089,150521,150609
P000089,164191,164228
P000089,167420,167456
P000089,169041,169079
P000089,174450,174486
P000089,175001,175032
P000089,183689,183754
P000089,238676,238748
P000089,245354,245472
P000089,245826,246118
P000089,248934,248969
P000089,251147,251180
P000089,252657,252715
P000089,264614,264664
P000089,269957,270111
P000089,272729,272910
P000089,277280,277314
P000089,278830,278861
P000089,280197,280227
P000089,282448,282474
P000089,294970,295003
P000089,311210,311250
P000089,319675,319733
P000089,326149,326299
P000089,362649,362737
P000089,368486,368557
P000089,368559,368794
P000089,370857,370881
P000089,372757,372780
P000089,373444,373471
P000089,387004,387148
P000089,387219,387344
P000089,388536,388560
P000089,389801,389835
P000089,390804,390832
P000089,391577,391602
P000089,392501,392561
P000089,398132,398182
P000089,403922,403976
P000089,403978,404104
P000089,408577,408603
P000089,413936,413966
P000089,431782,431837
P000089,480720,480802
P000089,482743,483165
P000089,484010,484062
P000089,486146,486184
P000089,488913,488956
P000089,489813,490027
P000089,490558,490576
P000089,491383,491403
P000089,493920,493962
P000089,496202,496432
P000089,497190,497220
P000089,498877,498921
P000089,502160,502194
P000089,503204,503380
P000089,504419,504455
P000089,504789,504831
P000089,507443,507520
P000089,508897,509138
P000089,510160,510193
P000089,516100,516140
P000089,522024,522097
P000089,527238,527498
P000089,527915,527945
P000089,528088,528325
P000089,530432,530465
P000089,531590,531622
P000089,532166,532316
P000089,533659,533687
P000089,534701,534753
P000089,535903,536089
P000089,536738,536814
P000089,539919,539952
P000089,541462,541481
P000089,542781,542797
P000089,543300,543337
P000089,545029,545065
P000089,546413,546450
P000089,546702,546828
P000089,548821,548853
P000089,549434,549539
P000089,550579,550616
P000089,551595,551637
P000089,553039,553202
P000089,554017,554160
P000089,556318,556426
P000089,556632,556660
P000089,557002,557028
P000089,557618,557650
P000089,558907,559007
P000089,559282,559298
P000089,559632,559664
P000089,559936,559963
P000089,560819,560874
P000089,563914,563957
P000089,564418,564652
P000089,570554,570741
P000089,573581,573602
P000089,574811,574820
P000089,576720,576750
P000089,581205,581250
P000089,584656,584926
P000089,588164,588218
P000089,589086,589156
P000089,590535,590704
P000089,590896,591097
P000089,591515,591551
P000089,591861,591890
P000089,592181,592220
P000089,592578,592659
P000089,592963,593024
P000089,593472,593556
P000089,595206,595455
P000089,596312,596351
P000089,599252,599273
P000089,600036,600084
P000089,600855,600934
P000089,601702,601725
P000089,602191,602213
P000089,608054,608387
P000089,609111,609165
P000089,610484,610564
P000089,612660,612691
P000089,613372,613401
P000089,614971,615012
P000090,3963,4380
P000090,7899,8283
P000090,13594,13629
P000090,15499,15536
P000090,22978,23180
P000090,24418,24568
P000090,26033,26062
P000090,26457,26492
P000090,28484,28519
P000090,28708,28743
P000090,29461,29718
P000090,30553,30637
P000090,32783,32873
P000090,33525,33664
P000090,33811,33845
P000090,33970,34087
P000090,34834,34995
P000090,37982,38074
P000090,39184,39206
P000090,39327,39367
P000090,41928,41962
P000090,42336,42712
P000090,43669,43704
P000090,43980,43995
P000090,48145,48185
P000090,52408,52456
P000090,54048,54076
P000090,54381,54605
P000090,57798,58044
P000090,59183,59240
P000090,61199,61240
P000090,65838,66063
P000090,72938,73088
P000090,74805,74968
P000090,75139,75177
P000090,75969,76012
P000090,77063,77347
P000090,77539,77577
P000090,79344,79650
P000090,81759,81788
P000090,83624,83671
P000090,89952,89985
P000090,94199,94248
P000090,94378,94422
P000090,94677,94893
P000090,96192,96237
P000090,97588,97918
P000090,98529,98576
P000090,98656,98686
P000090,98838,98868
P000090,100673,100705
P000090,101947,102121
P000090,104286,104485
P000090,105677,105726
P000090,107301,107336
P000090,114756,114960
P000090,115713,115753
P000090,118537,118579
P000090,127764,127954
P000090,128242,128298
P000090,128615,128747
P000090,133618,133777
P000090,134375,134492
P000090,141340,141362
P000090,142106,142133
P000090,142495,142515
P000090,144236,144478
P000090,145133,145313
P000090,145708,145743
P000090,147467,147734
P000090,150354,150388
P000090,151714,151746
P000090,152074,152204
P000090,152875,152913
P000090,162901,162927
P000090,163599,163802
P000090,168484,168666
P000090,170142,170184
P000090,173332,173461
P000090,176395,176420
P000090,177978,178008
P000090,181613,181659
P000090,182241,182476
P000090,183818,183868
P000090,187431,187678
P000090,189414,189470
P000090,193872,194081
P000090,197698,197729
P000090,198944,198988
P000090,199678,199892
P000090,202542,202587
P000090,204421,204566
P000090,204925,205053
P000090,205301,205344
P000090,206426,206458
P000090,208162,208341
P000090,209273,209303
P000090,209489,209678
P000090,210279,210462
P000090,213436,213462
P000090,214425,214490
P000090,217112,217559
P000090,217904,217958
P000090,218894,218942
P000090,219985,220133
P000090,221375,221406
P000090,223146,223198
P000090,224121,224153
P000090,224973,225081
P000090,225305,225328
P000090,225579,225597
P000090,227872,228189
P000090,228768,228939
P000090,231483,231531
P000090,231740,231786
P000090,236897,236949
P000090,239659,239687
P000090,240471,240514
P000090,243481,243652
P000090,244344,244472
P000090,247493,247526
P000090,249563,249600
P000090,252609,252645
P000094,74807,74939
P000094,81523,81553
P000094,82336,82365
P000094,83326,83352
P000094,85125,85157
P000094,86025,86071
P000094,88238,88285
P000094,92186,92299
P000094,93379,93413
P000094,100023,100050
P000094,102912,102940
P000094,107155,107182
P000094,108122,108271
P000094,111485,111507
P000094,112164,112208
P000094,143180,143196
P000094,143879,143968
P000094,145205,145489
P000094,145997,146045
P000094,147007,147050
P000094,148107,148142
P000094,151151,151171
P000094,155844,155929
P000094,158097,158270
P000094,159276,159342
P000094,160486,160606
P000094,161719,161751
P000094,162927,162980
P000094,163820,163865
P000094,164693,164768
P000094,166496,166652
P000094,170622,170692
P000094,172133,172156
P000094,176467,176520
P000094,179287,179354
P000094,180150,180176
P000094,181297,181434
P000094,181896,181945
P000094,182952,182992
P000094,183679,183768
P000094,184296,184313
P000096,682,757
P000096,5577,5743
P000096,7147,7178
P000096,13454,13795
P000096,18534,18564
P000096,18745,18785
P000096,31275,31551
P000096,34857,34909
P000096,37436,37457
P000096,38578,38635
P000096,39550,39733
P000096,39882,39923
P000096,42554,42575
P000098,24973,25001
P000098,38031,38052
P000098,81012,81129
P000098,81234,81262
P000098,81379,81402
P000098,81461,81485
P000098,82751,82786
P000098,105442,105466
P000098,109238,109271
P000098,113393,113420
P000098,114142,114174
P000098,115502,115541
P000098,116914,116973
P000098,117735,117759
P000098,135267,135300
P000098,243819,243858
P000098,245333,245359
P000098,249272,249312
P000098,291320,291348
P000098,334320,334344
P000098,371431,371467
P000098,529434,529462
P000098,562805,562844
P000098,583522,583718
P000098,584005,584029
P000098,584225,584272
P000098,584589,584633
P000098,587400,587527
P000098,587835,587854
P000098,588344,588362
P000098,607205,607237
P000098,607380,607397
P000098,607500,607516
P000098,607979,608069
P000098,608494,608532
P000098,615275,615405
P000098,615720,615764
P000098,624480,624503
P000099,1181,1396
P000099,5987,6152
P000099,6268,6304
P000099,6858,7052
P000099,9614,9841
P000099,12314,12591
P000099,14670,14694
P000099,16437,16889
P000099,18429,18464
P000099,20755,20794
P000099,21227,21253
P000099,24106,24239
P000099,24828,24985
P000099,25146,25181
P000099,25262,25394
P000099,25582,25609
P000099,25930,25962
P000099,26313,26346
P000099,26724,26755
P000099,26904,27140
P000099,29340,29360
P000099,33210,33237
P000099,35749,35983
P000099,37351,37377
P000099,39445,39595
P000099,40836,40877
P000099,43329,43350
P000099,52361,52403
P000099,53776,53918
P000099,55568,55597
P000099,56002,56015
P000099,56327,56493
P000099,57309,57345
P000099,58405,58422
P000099,59068,59235
P000099,65502,65624
P000099,88121,88285
P000099,89437,89490
P000099,93624,93672
P000099,94110,94126
P000099,98513,98586
P000099,98906,98921
P000099,100540,100554
P000099,110864,110945
P000099,111237,111253
P000099,112610,112674
P000099,117461,117476
P000099,118704,118794
P000099,119360,119447
P000099,119654,119873
P000099,120096,120137
P000099,120659,120697
P000099,123081,123113
P000099,125332,125348
P000099,126277,126354
P000099,126783,126800
P000099,128596,128625
P000099,130671,130687
P000099,132857,132937
P000099,133281,133298
P000099,153385,153415
P000099,156057,156072
P000099,161716,161790
P000099,162401,162495
P000099,167126,167204
P000099,169955,170092
P000099,176142,176157
P000099,177023,177100
P000099,177648,177735
P000099,181538,181557
P000099,186177,186192
P000099,187654,187730
P000099,188210,188279
P000099,192171,192190
P000099,196582,196597
P000099,197596,197672
P000099,198073,198089
P000099,201775,201798
P000099,205772,205787
P000099,206805,206891
P000099,207838,207855
P000099,215427,215459
P000099,216596,216646
P000099,217182,217255
P000099,224483,224498
P000099,226492,226683
P000099,230473,230512
P000099,235015,235066
P000100,7335,7359
P000100,7874,7901
P000100,8495,8526
P000100,9121,9148
P000100,10583,10607
P000100,17000,17029
P000100,24313,24387
P000100,24721,24736
P000100,26160,26172
P000100,26344,26357
P000100,26488,26502
P000100,26679,26693
P000100,26859,26876
P000100,27008,27023
P000100,27653,27689
P000100,32593,32660
P000100,44581,44633
P000100,55417,55462
P000100,62516,62540
P000100,70715,70775
P000100,74771,74795
P000100,89474,89496
P000101,3260,3670
P000101,5595,5621
P000101,10205,10243
P000101,10399,10437
P000101,10668,10703
P000101,18098,18873
P000101,19155,19194
P000101,21878,22039
P000101,22339,22384
P000101,24891,24947
P000101,31019,31188
P000101,98330,99153
P000101,109375,109401
P000101,111081,111139
P000101,112263,112284
P000101,116614,116669
P000101,117599,117628
P000101,117890,117913
P000101,118296,118329
P000101,118786,118851
P000101,120434,120458
P000101,121213,121257
P000101,121755,121783
P000101,124437,124492
P000101,126395,126426
P000101,127257,127326
P000101,128891,128910
P000101,186001,186032
P000101,194178,194195
P000101,199916,199965
P000101,201341,201377
P000101,206953,206974
P000101,207743,208013
P000101,211675,211684
P000101,212366,212374
P000101,212479,212499
P000101,218543,218552
P000101,219057,219065
P000101,220203,220218
P000101,220286,220294
P000101,225627,225834
P000101,244308,244537
P000101,250716,250738
P000101,250862,250886
P000101,257971,258076
P000101,258762,258800
P000101,259829,259871
P000101,260407,260449
P000101,260743,260798
P000101,261089,261122
P000101,261269,261314
P000101,262618,263004
P000101,264796,264837
P000101,265076,265332
P000101,268054,268090
P000101,270454,270586
P000101,270949,270997
P000101,276700,276731
P000101,278134,278170
P000101,284525,284587
P000101,285064,285105
P000101,290635,290654
P000101,290704,291081
P000101,295595,295617
P000101,297449,297458
P000101,297785,297793
P000101,298449,298456
P000101,298704,298713
P000101,301243,301293
P000101,301770,301806
P000101,306859,306878
P000101,369282,369641
P000101,370609,370751
P000101,372422,372453
P000101,374421,374459
P000101,376406,376448
P000101,377628,377666
P000101,381922,382163
P000101,383780,383823
P000101,384363,384405
P000101,384778,384826
P000101,386198,386242
P000101,391559,391577
P000101,392731,392770
P000101,392852,392914
P000101,393906,393922
P000101,395626,395635
P000101,395853,395887
P000101,396226,396466
P000101,397587,397703
P000101,402113,402134
P000101,404873,404904
P000101,410231,410250
P000101,415320,415356
P000101,438632,438693
P000101,443454,443511
P000101,451029,451082
P000101,462509,463024
P000101,484641,484666
P000101,501781,501900
P000101,516860,517549
P000101,615415,615426
P000101,619502,619614
P000101,625647,625675
P000101,626872,627003
P000101,641992,642026
P000101,645927,646158
P000101,652480,652726
P000101,653983,654156
P000101,655247,655376
P000101,665206,665330
P000101,666365,666395
P000101,667535,667650
P000101,679012,679034
P000101,680701,680744
P000102,1455,1563
P000102,2604,2722
P000102,3517,3642
P000102,3873,4086
P000102,15046,15086
P000102,16634,16679
P000102,17344,17429
P000102,18568,18583
P000102,21981,21997
P000102,22103,22123
P000103,119645,119686
P000103,121009,121052
P000103,121883,121923
P000103,123086,123128
P000103,124060,124113
P000111,2101,2353
P000111,2530,2554
P000111,2780,2874
P000111,3293,3321
P000111,3405,3466
P000111,3636,3698
P000111,3781,3854
P000111,4055,4174
P000111,4222,4255
P000111,4304,4325
P000111,4762,4847
P000111,5463,5481
P000111,5601,5620
P000111,5798,5884
P000111,5943,5957
P000111,6462,6889
P000111,6995,7095
P000111,7255,7275
P000111,7413,7594
P000111,7746,7782
P000111,8012,8075
P000111,8409,8438
P000111,8745,8818
P000111,9003,9010
P000111,9139,9145
P000111,9667,9732
P000111,9980,9986
P000111,10467,10600
P000111,10769,10853
P000111,11857,12164
P000111,12216,12249
P000111,12778,12813
P000111,13016,13061
P000111,15826,15948
P000111,16342,16424
P000111,18964,19140
P000111,23437,23480
P000111,24510,24765
P000111,24854,24871
P000111,24934,25014
P000111,25206,25223
P000111,25553,25569
P000111,26042,26063
P000111,26473,26490
P000111,26546,26563
P000111,26936,26955
P000111,28842,28911
P000111,29226,29262
P000111,29621,29681
P000111,30124,30145
P000111,30386,30438
P000111,31135,31255
P000111,31309,31444
P000111,31494,31504
P000111,31670,31730
P000111,31776,31905
P000111,31987,31997
P000111,32148,32262
P000111,32661,32728
P000111,32787,32877
P000111,33044,33072
P000111,38269,38424
P000111,38508,38527
P000111,38685,38728
P000111,39186,39200
P000111,41080,41099
P000111,41467,41483
P000111,42350,42365
P000111,42482,42499
P000111,43009,43116
P000111,43255,43273
P000111,43396,43449
P000111,44753,44767
P000111,45817,45836
P000111,45964,45980
P000111,46460,46475
P000111,46767,46784
P000111,47909,48019
P000111,48123,48141
P000111,48266,48310
P000111,50886,50900
P000111,51372,51501
P000111,51577,51609
P000111,51660,51700
P000111,52913,52929
P000111,53796,53811
P000111,54080,54097
P000111,54491,54684
P000111,60014,60172
P000111,60384,60422
P000111,60957,60980
P000111,61066,61091
P000111,61171,61195
P000111,62144,62397
P000111,62634,62652
P000111,62828,62960
P000111,63116,63143
P000111,63271,63289
P000111,63415,63429
P000111,64115,64134
P000111,64524,64585
P000111,65326,65345
P000111,65527,65542
P000111,65839,65856
P000111,66031,66099
P000111,66237,66255
P000111,66490,66553
P000111,67377,67443
P000111,67737,67755
P000111,67901,67962
P000111,68181,68206
P000111,68342,68390
P000111,69136,69155
P000111,69679,69740
P000111,71084,71103
P000111,71316,71331
P000111,71586,71603
P000111,74452,74531
P000111,74667,74685
P000111,74798,74859
P000111,75171,75196
P000111,75514,75528
P000111,76126,76145
P000111,76683,76800
P000111,77320,77362
P000111,78007,78229
P000111,78352,78415
P000111,78529,78550
P000111,78771,78788
P000111,78839,78854
P000111,79060,79077
P000111,79368,79446
P000111,79590,79608
P000111,79693,79754
P000111,80945,80970
P000111,81382,81396
P000111,82920,82939
P000111,83707,83818
P000111,84040,84118
P000111,84378,84404
P000111,84805,84885
P000111,84953,84971
P000111,85045,85060
P000111,85413,85430
P000111,85802,85881
P000111,85979,85997
P000111,86136,86197
P000111,86244,86269
P000111,86388,86402
P000111,86699,86718
P000111,86913,86929
P000111,87348,87374
P000111,87775,87792
P000111,87925,87940
P000111,88228,88245
P000111,88492,88796
P000111,89477,89536
P000111,96255,96506
P000111,97032,97098
P000111,98055,98076
P000111,98582,98590
P000111,99583,99741
P000111,101041,101138
P000111,103727,103793
P000111,103935,103955
P000111,107282,107447
P000111,108005,108024
P000111,108328,108516
P000111,109067,109090
P000111,109245,109275
P000111,109806,109836
P000111,109990,110016
P000111,110180,110317
P000111,110492,110533
P000111,111667,111687
P000111,111805,111817
P000111,111977,111994
P000111,112100,112117
P000111,112536,112558
P000111,112798,112813
P000111,114533,114816
P000111,114980,115009
P000111,115070,115079
P000111,115181,115190
P000111,115233,115241
P000111,115747,115754
P000111,122853,123148
P000111,123671,123708
P000111,124067,124104
P000111,124873,124910
P000111,125100,125126
P000111,125249,125278
P000111,125363,125400
P000111,125847,125891
P000111,126285,126663
P000111,126788,126965
P000111,127117,127245
P000111,127386,127429
P000111,127800,127808
P000111,128344,128488
P000111,128810,128859
P000111,129099,129157
P000111,129622,129674
P000111,129921,129976
P000111,130222,130280
P000111,130556,130620
P000111,130904,130965
P000111,131342,131407
P000111,131678,131733
P000111,132122,132170
P000111,132383,132448
P000111,133098,133265
P000111,133305,133338
P000111,133381,133412
P000111,133577,133913
P000111,133975,134020
P000111,134073,134118
P000111,134170,134302
P000111,134347,134373
P000111,134460,134492
P000111,134569,134603
P000111,135049,135106
P000111,135198,135217
P000111,135591,135631
P000111,135671,135805
P000111,135960,135979
P000111,136224,136249
P000111,136650,137218
P000111,137654,137693
P000111,137785,137942
P000111,137971,137995
P000111,138022,138043
P000111,138137,138159
P000111,138199,138229
P000111,138442,138474
P000111,138524,138568
P000111,155636,155740
P000111,156144,156188
P000111,156615,156845
P000111,158130,158151
P000111,161913,161935
P000111,161989,162094
P000111,165144,165171
P000111,169032,169067
P000111,175677,175691
P000111,176584,176593
P000111,176916,176925
P000111,177219,177227
P000111,177464,177471
P000111,177779,177788
P000111,178057,178066
P000111,178313,178323
P000111,178930,178938
P000111,179096,179105
P000111,181905,181914
P000111,183005,183014
P000111,184893,184901
P000111,185549,185572
P000111,185774,186147
P000111,189463,189483
P000111,189603,189630
P000111,189861,189897
P000111,192194,192344
P000111,192458,192486
P000111,192596,192605
P000111,192740,192762
P000111,193017,193272
P000111,193421,193439
P000111,193641,193683
P000111,194019,194064
P000111,195468,195483
P000111,195858,196066
P000111,204142,204151
P000111,207985,207994
P000111,208477,208486
P000111,211201,211271
P000111,211419,211438
P000111,211560,211594
P000111,214798,214948
P000111,215012,215046
P000111,219800,219898
P000111,220574,220583
P000111,221068,221077
P000111,221654,221663
P000111,221728,221737
P000111,222363,222436
P000111,222647,222666
P000111,222821,222855
P000111,223928,224013
P000111,226695,226704
P000111,226928,227052
P000111,227124,227162
P000111,227208,227240
P000111,227289,227378
P000111,227595,227634
P000111,227845,227854
P000111,232234,232340
P000111,232743,232758
P000111,232873,232894
P000111,233416,233425
P000111,233763,233808
P000111,237235,237244
P000111,237980,237989
P000111,239424,239439
P000111,243635,243669
P000111,244024,244055
P000111,244544,244617
P000111,244775,244860
P000111,244894,244941
P000111,247771,247796
P000111,258745,258876
P000111,259157,259174
P000111,259294,259313
P000111,259431,259538
P000111,259750,259787
P000111,259938,259966
P000111,260418,260540
P000111,260929,260946
P000111,263184,263193
P000111,264171,264193
P000111,264331,264339
P000111,264451,264460
P000111,264593,264602
P000111,264905,264914
P000111,265219,265228
P000111,265411,265560
P000111,265665,265689
P000111,265948,265965
P000111,266337,266362
P000111,267495,267513
P000111,268295,268344
P000111,268629,268661
P000111,268792,268813
P000111,269020,269038
P000111,269108,269185
P000111,269384,269593
P000111,270724,270814
P000111,271221,271229
P000111,271414,271457
P000111,271719,271734
P000111,271929,271944
P000111,273827,273855
P000111,274063,274169
P000111,275761,275878
P000111,276141,276173
P000111,276339,276387
P000111,276487,276515
P000111,277343,277360
P000111,277604,277672
P000111,277860,277903
P000111,278618,278633
P000111,279490,279505
P000111,280289,280335
P000111,280542,280551
P000111,281017,281049
P000111,285751,285760
P000111,286504,286536
P000111,286762,286799
P000111,288703,288738
P000111,289486,289494
P000111,289762,289771
P000111,290431,290440
P000111,291695,291704
P000111,292246,292255
P000111,293101,293109
P000111,293264,293273
P000111,293515,293524
P000111,293883,293891
P000111,294134,294143
P000111,294371,294380
P000111,294801,294860
P000111,295058,295072
P000111,295245,295271
P000111,295441,295575
P000111,296017,296026
P000111,299004,299206
P000111,299567,299581
P000111,300420,300467
P000111,300644,300658
P000111,301540,301578
P000111,301895,301991
P000111,302460,302474
P000111,303944,304188
P000111,304511,304530
P000111,307065,307091
P000111,308262,308292
P000111,309339,309441
P000111,309614,309631
P000111,309717,309736
P000111,309961,309984
P000111,310114,310250
P000111,311530,311576
P000111,317487,317762
P000111,318754,318772
P000111,318931,319058
P000111,319199,319296
P000111,319427,319450
P000111,319937,319945
P000111,322216,322225
P000111,323218,323269
P000111,324065,324090
P000111,324352,324381
P000111,325061,325110
P000111,325719,325728
P000111,326045,326054
P000111,326848,326862
P000111,327328,327337
P000111,327888,327897
P000111,328297,328305
P000111,328942,328968
P000111,329172,329264
P000111,331537,331591
P000111,332229,332254
P000111,332758,332767
P000111,333566,333591
P000111,334515,334523
P000111,335678,335687
P000111,335967,335993
P000111,338628,338682
P000111,342269,342278
P000111,343333,343394
P000111,345192,345220
P000111,345341,345455
P000111,345653,345672
P000111,345934,345953
P000111,346507,346535
P000111,346819,346854
P000111,347199,347274
P000111,347383,347402
P000111,349088,349111
P000111,349599,349624
P000111,350287,350303
P000111,350486,350503
P000111,350650,350690
P000111,350811,350823
P000111,351347,351359
P000111,351622,351645
P000111,352016,352029
P000111,352242,352263
P000111,352384,352400
P000111,352756,352770
P000111,353044,353059
P000111,353649,353668
P000111,354082,354098
P000111,354652,354798
P000111,354836,354886
P000111,355650,355662
P000111,355885,355915
P000111,357733,357742
P000111,359137,359444
P000111,359531,359904
P000111,360449,360480
P000111,366990,366999
P000111,367377,367402
P000111,367887,367899
P000111,368003,368011
P000111,368159,368168
P000111,368739,368758
P000111,368912,368944
P000111,370989,371003
P000111,372743,372773
P000111,375525,375696
P000111,376131,376164
P000111,376292,376311
P000111,376847,376882
P000111,377146,377362
P000111,377540,377567
P000111,377835,377870
P000111,378654,378716
P000111,378949,378962
P000111,379139,379264
P000111,380262,380298
P000111,380643,380658
P000111,386578,386589
P000111,386733,386974
P000111,387474,387497
P000111,387782,387820
P000111,391111,391127
P000111,392372,392386
P000111,392540,393030
P000111,393912,393995
P000111,394255,394354
P000111,395143,395243
P000111,395876,396030
P000111,396305,396322
P000111,399653,399772
P000111,400019,400036
P000111,400252,400271
P000111,400378,400397
P000111,400585,400734
P000111,401135,401244
P000111,404085,404130
P000111,405347,405401
P000111,405503,405585
P000111,405842,405873
P000111,406057,406092
P000111,409835,409895
P000111,410500,410589
P000111,410821,410846
P000112,256221,256248
P000112,257453,257494
P000112,258804,258828
P000112,260429,260450
P000112,261630,261660
P000112,263769,263803
P000112,264647,264685
P000112,266338,266381
P000112,266559,266590
P000112,266715,266750
P000112,266953,266979
P000112,335657,335687
P000112,337068,337122
P000112,344197,344239
P000112,354862,354899
P000114,4404,4423
P000114,12655,12958
P000114,13570,13593
P000114,29970,30010
P000114,30971,31010
P000114,31631,31774
P000114,40238,40290
P000114,44911,45029
P000114,47852,47992
P000114,48416,48446
P000114,58717,58851
P000114,73328,73451
P000114,76974,77101
P000114,79495,79520
P000114,81534,81594
P000114,120351,120527
P000114,134283,134379
P000114,135240,135350
P000114,137041,137055
P000114,143699,143736
P000114,145709,145903
P000114,147526,147632
P000114,153015,153172
P000114,161992,162032
P000114,162866,162895
P000114,174854,174877
P000114,183225,183299
P000114,186934,186979
P000114,190869,190902
P000114,194484,194525
P000114,195035,195132
P000114,199854,199978
P000114,201642,201811
P000114,203080,203112
P000114,203930,203972
P000114,204715,204744
P000115,111136,111237
P000115,112201,112544
P000115,116093,116247
P000115,124181,124355
P000115,126555,126716
P000115,128131,128281
P000115,130099,130201
P000115,130732,130880
P000115,134456,134624
P000115,136302,136374
P000115,138884,138965
P000115,141125,141554
P000115,141649,141694
P000115,142187,142308
P000115,146637,146807
P000115,147645,147759
P000115,148187,148259
P000115,148633,148791
P000115,157342,158041
P000115,166735,166897
P000115,170193,170261
P000115,173020,173100
P000115,182102,182172
P000115,194372,194470
P000115,197087,197154
P000115,197893,197991
P000115,198864,198899
P000115,205479,205710
P000115,206156,206263
P000115,207458,207546
P000115,208091,208126
P000115,208793,208945
P000115,209477,209509
P000115,209842,209874
P000115,210614,210846
P000115,210975,211227
P000115,211763,211804
P000115,212519,212704
P000115,213166,213210
P000115,215407,215451
P000115,216807,216929
P000115,218144,218189
P000115,223119,223385
P000115,224585,224722
P000115,226023,226050
P000115,226784,226820
P000115,227340,227374
P000115,227975,228039
P000115,230394,230421
P000115,231045,231190
P000115,232381,232511
P000115,235410,235503
P000115,264271,264541
P000115,268213,268435
P000115,268792,268816
P000115,269444,269486
P000115,270325,270397
P000115,273606,274257
P000115,276260,276334
P000115,283242,283287
P000115,283931,283979
P000115,284512,284552
P000115,284924,284960
P000115,285136,285370
P000115,285980,286026
P000115,287945,287980
P000115,288953,289075
P000115,290932,291082
P000115,291744,291775
P000115,291987,292012
P000115,292391,292802
P000115,295248,295297
P000115,298586,298774
P000115,299260,299289
P000115,299526,299586
P000115,304960,305296
P000115,316221,316256
P000115,316606,316623
P000115,323755,323811
P000115,327195,327449
P000115,327688,327806
P000115,331872,332009
P000115,333502,333559
P000115,334777,335026
P000115,336694,337358
P000115,341051,341100
P000115,341353,341407
P000115,341964,342016
P000115,343034,343050
P000115,343380,343475
P000115,343953,344029
P000115,344417,344451
P000115,345409,345496
P000115,353243,353521
P000115,354984,355261
P000115,355901,355927
P000115,356398,356509
P000115,356989,357002
P000115,357485,357501
P000115,357907,358043
P000115,358396,358472
P000115,358949,358987
P000115,361265,361457
P000115,376279,376466
P000115,376682,376738
P000115,377394,377439
P000115,378848,378888
P000115,379338,379574
P000115,386634,386876
P000115,388473,388580
P000115,389261,389468
P000115,402763,402994
P000115,405448,405562
P000115,405878,405918
P000115,407115,407316
P000115,415744,415883
P000115,432466,432666
P000115,434247,434298
P000115,435750,435905
P000115,436543,436579
P000115,439384,439422
P000115,440052,440224
P000115,441948,442291
P000115,443820,444072
P000115,445434,445593
P000115,448175,448270
P000115,448404,448422
P000115,456712,456997
P000115,461789,461896
P000115,466140,466277
P000115,472601,472704
P000115,475956,476305
P000115,476853,476897
P000115,478265,478711
P000115,478986,479101
P000115,535469,535607
P000115,543385,543509
P000115,546666,546843
P000115,548907,549015
P000115,552367,552531
P000115,553282,553479
P000115,558731,558837
P000115,559103,559258
P000115,561055,561155
P000115,562304,562518
P000115,563272,563441
P000115,570684,570931
P000115,571639,571739
P000115,585578,585753
P000115,587603,587726
P000115,591488,591576
P000115,613140,613341
P000115,637856,638106
P000115,639159,639295
P000115,639909,639985
P000115,644228,644292
P000115,645172,645326
P000115,653413,653662
P000115,654017,654048
P000115,655892,655925
P000115,656820,656977
P000115,657729,657804
P000115,658568,658632
P000115,659620,659741
P000115,662304,662377
P000115,662994,663035
P000115,672599,672887
P000115,675899,676000
P000115,676049,676158
P000115,701272,701490
P000115,704257,704336
P000118,156,701
P000118,3610,3648
P000118,4218,4328
P000118,5948,5976
P000118,10022,10142
P000118,13489,13695
P000118,16966,16999
P000118,18451,18482
P000118,19913,19928
P000118,20652,20757
P000118,20954,21119
P000118,22428,22470
P000118,25619,25814
P000118,26520,26570
P000118,28989,29017
P000118,30387,30432
P000118,34894,35084
P000118,36436,36566
P000118,37535,37570
P000118,39156,39187
P000118,40411,40448
P000118,41316,41357
P000118,41859,41891
P000118,42964,42996
P000118,44027,44072
P000118,45438,45468
P000118,46668,46705
P000118,48574,48614
P000118,51167,51209
P000118,53052,53108
P000118,57331,57473
P000118,57703,58143
P000118,59185,59241
P000118,62510,62601
P000118,63771,63797
P000118,65082,65212
P000118,68843,69002
P000118,69867,69896
P000118,71001,71028
P000118,71760,71900
P000118,74897,74932
P000118,79753,79800
P000119,4246,4450
P000119,4452,4664
P000119,8130,8390
P000119,8524,8559
P000119,9045,9077
P000119,9397,9438
P000119,10337,10363
P000119,10898,10957
P000119,11843,11861
P000119,12724,13030
P000119,13871,13943
P000119,14856,14907
P000119,15487,15595
P000119,15597,15643
P000119,16539,16566
P000119,18408,18427
P000119,20693,20810
P000119,21163,21179
P000119,21594,21608
P000119,22261,22325
P000119,22781,22798
P000119,28547,28682
P000119,28876,28896
P000119,29315,29336
P000119,32309,32523
P000119,33181,33227
P000119,33549,33748
P000119,34391,34425
P000119,34863,34897
P000119,35776,35818
P000119,37381,37398
P000119,40039,40166
P000119,40193,40325
P000119,40352,40368
P000119,40415,40431
P000119,40901,40932
P000119,41153,41242
P000119,41509,41527
P000119,42212,42404
P000119,42946,42978
P000119,43172,43387
P000119,43801,43822
P000119,48880,48904
P000119,49063,49107
P000119,49280,49375
P000119,49539,49700
P000119,50450,50487
P000119,50806,50904
P000119,53427,53464
P000119,53567,53655
P000119,58032,58064
P000119,58095,58192
P000119,58687,58837
P000119,58876,58902
P000119,58936,58970
P000119,59365,59508
P000119,63117,63267
P000119,65060,65259
P000119,65418,65446
P000119,68649,68677
P000119,69346,69370
P000119,70316,70350
P000119,71112,71147
P000119,74170,74301
P000119,75252,75280
P000119,75379,75550
P000119,78202,78220
P000119,78786,78880
P000119,78882,79222
P000119,80164,80180
P000119,81101,81123
P000119,82179,82224
P000119,82308,82428
P000119,83098,83132
P000119,83280,83311
P000119,83493,83510
P000119,84025,84046
P000119,84637,84673
P000119,93632,93887
P000119,94136,94184
P000119,94673,94950
P000119,100458,100544
P000119,108440,108479
P000119,119554,119857
P000119,120099,120130
P000119,120259,120277
P000119,120491,120504
P000119,120506,120525
P000119,120927,120946
P000119,121287,121308
P000119,121410,121448
P000119,130053,130088
P000119,139845,139961
P000119,140742,140761
P000119,141519,141539
P000119,141737,141763
P000119,143034,143045
P000119,196490,196529
P000119,218157,218423
P000119,250742,250768
P000119,251568,251759
P000119,259635,259666
P000119,273630,273684
P000119,326818,326844
P000119,339814,339960
P000119,365890,365921
P000119,399198,399293
P000119,399295,399358
P000119,406801,406865
P000119,429282,429544
P000119,443560,443621
P000119,470897,470951
P000119,493501,493526
P000119,494136,494165
P000119,495012,495210
P000119,497417,497443
P000119,500737,500779
P000119,524630,524694
P000119,540127,540185
P000122,398,433
P000122,3549,3812
P000122,6422,6459
P000122,13308,13348
P000122,13883,14217
P000122,17234,17271
P000122,37797,37837
P000122,38001,38491
P000122,40857,40894
P000122,50013,50053
P000122,50279,50305
P000122,51180,51352
P000122,51864,51900
P000122,53476,53517
P000122,53655,54003
P000122,57864,57901
P000122,64063,64103
P000122,64231,64257
P000122,67952,67988
P000122,70042,70319
P000122,71856,71893
P000122,76216,76257
P000122,76994,77167
P000122,77370,77406
P000122,78100,78141
P000123,6045,6073
P000123,9003,9303
P000123,15066,15312
P000123,15607,15659
P000123,16365,16400
P000123,21269,21277
P000123,21392,21401
P000123,21765,22156
P000123,22256,22471
P000123,22902,22926
P000123,23210,23236
P000123,23289,23611
P000123,24817,24826
P000123,25447,25456
P000123,25728,25756
P000123,26048,26179
P000123,26341,26460
P000123,26570,26788
P000123,27143,27172
P000123,27446,27636
P000123,29141,29163
P000123,30028,30285
P000123,30459,30625
P000123,30839,30904
P000123,31144,31181
P000123,31534,31553
P000123,32083,32112
P000123,32456,32482
P000123,32856,32892
P000123,33313,33482
P000123,34541,34558
P000123,34918,34999
P000123,35505,35522
P000123,35657,35752
P000123,36292,36309
P000123,36729,36818
P000123,38015,38042
P000123,38200,38224
P000123,38433,38469
P000123,38983,39007
P000123,40067,40095
P000123,40172,40452
P000123,40553,40581
P000123,40775,40901
P000123,41174,41195
P000123,41492,41543
P000123,41606,41626
P000123,41745,41768
P000123,42009,42025
P000123,42438,42452
P000123,42798,42816
P000123,42914,42931
P000123,43040,43067
P000123,43152,43178
P000123,43278,43301
P000123,43521,43540
P000123,43997,44049
P000123,44184,44453
P000123,44746,44768
P000123,44838,44859
P000123,45042,45066
P000123,45121,45140
P000123,45356,45374
P000123,45444,45468
P000123,45539,45558
P000123,45747,45828
P000123,45907,45930
P000123,46214,46253
P000123,46442,46463
P000123,46578,46596
P000123,46754,46774
P000123,47104,47360
P000123,47534,47855
P000123,58764,58831
P000123,75803,75810
P000123,94404,94413
P000123,112069,112321
P000123,113853,113886
P000123,114202,114523
P000123,115064,115203
P000123,115551,115728
P000123,116493,116535
P000123,116971,117040
P000123,117474,117668
P000123,117798,117834
P000123,117914,117948
P000123,118337,118352
P000123,118968,119004
P000123,120033,120307
P000123,122145,122357
P000123,122744,122825
P000123,123069,123088
P000123,123166,123192
P000123,123235,123330
P000123,123435,123451
P000123,123755,123782
P000123,124322,124478
P000123,125089,125118
P000123,125314,125345
P000123,125422,125446
P000123,125648,125815
P000123,126205,126260
P000123,127992,128033
P000123,131046,131166
P000123,131243,131280
P000123,132936,133099
P000123,137476,137735
P000123,137807,137824
P000123,138160,138374
P000123,139066,139099
P000123,141092,141106
P000123,141572,141614
P000123,141670,141715
P000123,141822,141875
P000123,141994,142038
P000123,142608,142654
P000123,144093,144126
P000123,147821,147859
P000123,148513,148573
P000123,153095,153150
P000123,153242,153266
P000123,157274,157323
P000123,161767,161824
P000123,169313,169381
P000123,171951,171991
P000123,175090,175195
P000123,179837,180070
P000123,180207,180381
P000123,180625,180645
P000123,180899,180928
P000123,181162,181288
P000123,181350,181593
P000123,181829,181862
P000123,182105,182123
P000123,182478,182496
P000123,182906,182923
P000123,183312,183331
P000123,184370,184433
P000123,184477,184549
P000123,186021,186107
P000123,187536,187599
P000123,190558,190633
P000123,192137,192211
P000123,193306,193362
P000123,194348,194491
P000123,195161,195291
P000123,195834,195926
P000123,196477,196520
P000123,197052,197122
P000123,198128,198201
P000123,198558,198588
P000123,198856,198891
P000123,199876,199952
P000123,200312,200336
P000123,202909,202964
P000123,205653,205721
P000123,206981,207039
P000123,208124,208177
P000123,209640,209707
P000123,210225,210266
P000123,212157,212231
P000123,212798,212944
P000123,212973,213298
P000123,213450,213623
P000123,214278,214293
P000123,215530,215560
P000123,216286,216316
P000123,217712,217749
P000123,218010,218125
P000123,218354,218473
P000123,220102,220133
P000123,225893,226067
P000123,226115,226399
P000123,226580,226715
P000123,227014,227038
P000123,231013,231048
P000123,233571,233629
P000123,233977,234087
P000123,234284,234310
P000123,234352,234378
P000123,234510,234620
P000123,235513,235529
P000123,235611,235629
P000123,236188,236218
P000123,238816,238848
P000123,238924,238974
P000123,239306,239361
P000123,239723,239779
P000123,240811,240861
P000123,241241,241282
P000123,241766,241790
P000123,242965,243089
P000123,243605,243685
P000123,245269,245422
P000123,245640,245747
P000123,245917,246037
P000123,246178,246249
P000123,246342,246410
P000123,246469,246489
P000123,246953,247033
P000123,247741,247801
P000123,248013,248084
P000123,248161,248179
P000123,248383,248459
P000123,248715,248742
P000123,249941,250345
P000123,252088,252137
P000123,252193,252234
P000123,252842,252884
P000123,253063,253102
P000123,253371,253413
P000123,253463,253501
P000123,253696,253735
P000123,253830,253999
P000123,254534,254558
P000123,255043,255065
P000123,255304,255328
P000123,255404,255443
P000123,256770,256807
P000123,256976,257146
P000123,260638,260795
P000123,260907,260948
P000123,261017,261072
P000123,261129,261385
P000123,261797,261845
P000123,261997,262042
P000123,264124,264273
P000123,264451,264470
P000123,269469,269500
P000123,270557,270773
P000123,270866,270895
P000123,271126,271141
P000123,271409,271450
P000123,271608,271793
P000123,271956,271980
P000123,272123,272156
P000123,272211,272245
P000123,272361,272394
P000123,272456,272475
P000123,272582,272770
P000123,273074,273112
P000123,278962,279005
P000123,280985,281064
P000123,281594,282092
P000123,282159,282176
P000123,282874,282953
P000123,283810,283840
P000123,283942,283964
P000123,284059,284185
P000123,284450,284479
P000123,284514,284545
P000123,285876,285911
P000123,285938,286037
P000123,287019,287084
P000123,288387,288422
P000123,289620,289653
P000123,290650,290687
P000123,291584,291627
P000123,292525,292587
P000123,293517,293571
P000123,296228,296324
P000123,298039,298065
P000123,298208,298465
P000123,306697,306982
P000123,307238,307781
P000123,307988,308019
P000123,308135,308163
P000123,308204,308235
P000123,308278,308310
P000123,308345,308531
P000123,308547,308561
P000123,308598,308614
P000123,308648,308660
P000123,308693,308705
P000123,308762,308855
P000123,309177,309206
P000123,310235,310441
P000123,310897,310912
P000123,311575,311596
P000123,311747,311770
P000123,312022,312154
P000123,312182,312257
P000123,312321,312339
P000123,312397,312412
P000123,312582,312599
P000123,312850,312888
P000123,313367,313452
P000123,313495,313556
P000123,313758,313833
P000123,313893,314025
P000123,314960,314991
P000123,315194,315220
P000123,320937,320946
P000123,322027,322254
P000123,322373,322427
P000123,324423,324446
P000123,330678,330725
P000123,336737,336802
P000123,337523,337561
P000123,338421,338449
P000123,339997,340049
P000123,340051,340124
P000123,341924,341957
P000123,343827,343848
P000123,345004,345127
P000123,345692,345724
P000123,346005,346067
P000123,346455,346487
P000123,346766,346882
P000123,347754,347778
P000123,348585,348659
P000123,348725,348764
P000123,351088,351112
P000123,352877,352929
P000123,353756,353783
P000123,353943,353982
P000123,354050,354256
P000123,355157,355199
P000123,356573,356587
P000123,357133,357522
P000123,357799,357857
P000123,357988,358184
P000123,358640,358667
P000123,359882,359915
P000123,360186,360211
P000123,360395,360426
P000123,360606,360642
P000123,361131,361167
P000123,361407,361448
P000123,362593,362619
P000123,362696,362738
P000123,362888,362927
P000123,363029,363056
P000123,363090,363125
P000123,364357,364379
P000123,365371,365407
P000123,365432,365464
P000123,365690,365764
P000123,366709,366778
P000123,366969,367034
P000123,367297,367345
P000123,368911,368997
P000123,369218,369241
P000123,369484,369519
P000123,369660,369685
P000123,369696,369728
P000123,370075,370113
P000123,370404,370429
P000123,370519,370553
P000123,370632,370664
P000123,371844,371883
P000123,374166,374205
P000123,375343,375435
P000123,376364,376666
P000123,379242,379300
P000123,380631,380663
P000123,380916,381002
P000123,381262,381313
P000123,382312,382354
P000123,383270,383320
P000123,384242,384278
P000123,385219,385255
P000123,386212,386251
P000123,387195,387241
P000123,388266,388314
P000123,389351,389398
P000123,390423,390475
P000123,391497,391531
P000123,392433,392469
P000123,393567,393597
P000123,394588,394624
P000123,396018,396053
P000123,397419,397465
P000123,398588,398655
P000123,401050,401248
P000123,401647,401684
P000123,401817,401855
P000123,402283,402312
P000127,19324,19459
P000127,20757,20851
P000127,21599,21621
P000127,23847,23890
P000127,24500,24529
P000127,117770,117798
P000127,118226,118380
P000127,123799,123848
P000127,125770,125810
P000127,127921,128034
P000127,130265,130302
P000127,131202,131256
P000127,134052,134089
P000127,138812,138855
P000127,141554,141592
P000127,142831,142860
P000127,147557,147579
P000127,147830,147853
P000127,148171,148298
P000127,149290,149370
P000127,155543,155573
P000127,156437,156457
P000127,210378,210399
P000127,210844,210863
P000127,210984,211008
P000128,273,406
P000128,532,541
P000128,543,775
P000128,777,1066
P000128,1284,1293
P000128,1447,1457
P000128,1684,2051
P000128,2052,2061
P000128,2061,2075
P000128,2075,2085
P000128,2085,2246
P000128,2247,2256
P000128,2258,2267
P000128,4360,4369
P000128,4370,4666
P000128,4666,4677
P000128,5127,5137
P000128,5380,5389
P000128,5390,5479
P000128,5742,5752
P000128,6103,6272
P000128,6273,6299
P000128,6380,6399
P000128,6476,6865
P000128,7017,7335
P000128,7482,7570
P000128,7727,7800
P000128,8069,8511
P000128,8622,8691
P000128,8845,8919
P000128,9069,9139
P000128,9286,9354
P000128,10305,10488
P000128,10876,10899
P000128,11254,11294
P000128,12086,12117
P000128,12265,12607
P000128,12835,12888
P000128,13038,13091
P000128,13321,13372
P000128,13522,13631
P000128,13737,13756
P000128,14805,14919
P000128,15191,15217
P000128,15581,15600
P000128,16127,16514
P000128,17642,17961
P000128,19407,19496
P000128,22136,22210
P000128,25455,25897
P000128,27854,27924
P000128,30243,30318
P000128,32056,32127
P000128,33891,33960
P000128,58915,59098
P000128,61471,61495
P000128,63996,64037
P000128,68196,68229
P000128,69922,70264
P000128,71803,71857
P000128,74235,74289
P000128,75375,75427
P000128,76010,76119
P000128,76649,76670
P000128,81001,81347
P000128,81623,81650
P000128,82014,82034
P000128,82606,83006
P000128,83951,84283
P000128,85411,85500
P000128,87070,87134
P000128,88465,88917
P000128,90119,90189
P000128,91088,91163
P000128,92000,92071
P000128,93223,93293
P000128,102127,102316
P000128,104490,104513
P000128,106616,106656
P000128,110876,110907
P000128,111907,112257
P000128,113081,113134
P000128,113898,113951
P000128,115037,115088
P000128,115673,115785
P000128,116315,116335
P000129,4608,4944
P000129,5231,5250
P000129,5406,5528
P000129,20769,21031
P000129,21033,21054
P000129,23977,24198
P000129,34295,34348
P000129,41792,42100
P000129,43702,43772
P000129,44423,44484
P000129,45145,45266
P000129,48263,48293
P000129,49490,49516
P000129,51165,51191
P000129,52738,52782
P000129,55404,55433
P000129,57334,57635
P000129,58108,58217
P000129,59866,59894
P000129,60666,60706
P000129,64113,64143
P000129,64974,65003
P000129,66123,66151
P000129,66704,66753
P000129,68274,68322
P000129,69555,69580
P000129,70861,70888
P000129,72660,72709
P000129,74314,74431
P000129,75509,75673
P000129,76625,76695
P000129,79606,79646
P000129,80219,80298
P000129,81230,81281
P000129,86514,86549
P000129,96390,96538
P000129,98541,98654
P000129,99891,99945
P000129,100762,100863
P000129,101862,101944
P000129,103511,103589
P000129,104682,105042
P000129,106410,106487
P000129,107857,108131
P000129,109127,109342
P000129,110828,110858
P000129,113085,113176
P000129,116250,116300
P000129,118314,118344
P000129,119792,119855
P000129,120785,120828
P000129,121774,122097
P000129,130439,130546
P000129,133295,133328
P000129,137486,137554
P000129,142265,142521
P000129,144251,144286
P000129,145445,145480
P000129,146312,146341
P000129,149968,150011
P000129,150933,151020
P000129,152642,152726
P000129,154098,154312
P000129,155111,155196
P000129,156322,156382
P000129,157092,157126
P000129,157733,157772
P000129,158602,158635
P000129,159490,159541
P000129,160322,160360
P000129,161371,161414
P000129,162282,162332
P000129,163407,163507
P000129,164196,164224
P000129,165998,166125
P000129,167109,167133
P000129,168693,168871
P000129,169833,169872
P000129,171084,171116
P000129,171905,171945
P000129,172542,172577
P000129,173439,173475
P000129,174183,174203
P000129,175390,175804
P000129,178199,178793
P000129,180661,180699
P000129,182538,182704
P000129,183505,183534
P000129,184620,184728
P000129,185688,185725
P000129,186545,186573
P000129,186969,187088
P000129,189226,189423
P000129,190525,190587
P000129,192478,192588
P000129,193902,193925
P000129,195358,195422
P000129,197850,198142
P000129,198952,198990
P000129,199687,199737
P000129,200804,200836
P000129,202303,202321
P000129,203009,203485
P000129,203717,203762
P000129,203964,203996
P000129,204259,204283
P000129,204775,204802
P000129,206035,206063
P000129,206565,206596
P000129,206993,207037
P000129,207646,207676
P000129,208165,208217
P000129,209118,209149
P000129,209771,209833
P000129,210470,210597
P000129,212741,212859
P000129,218211,218536
P000129,219750,219788
P000129,220955,220991
P000129,222583,222622
P000129,223283,223307
P000129,223947,223989
P000129,224649,224711
P000129,225465,225671
P000129,230434,230615
P000129,231784,231930
P000129,232780,232797
P000129,233760,233779
P000129,235329,235371
P000129,236837,237009
P000129,237636,237691
P000129,239240,239264
P000129,240080,240105
P000129,241110,241134
P000129,242363,242553
P000129,243751,243770
P000129,248166,248206
P000129,251589,251648
P000129,254903,255003
P000129,258974,259241
P000129,260013,260191
P000129,264093,264145
P000129,269061,269101
P000129,271048,271253
P000129,271796,271828
P000129,274380,274622
P000129,276104,276155
P000129,277126,277186
P000129,277818,278515
P000129,288359,288411
P000129,291658,291695
P000129,292893,292925
P000129,293109,293159
P000129,293381,293419
P000129,294556,294591
P000129,295029,295073
P000129,295889,295928
P000129,296421,296461
P000129,297697,297734
P000129,298796,298839
P000129,299537,299578
P000129,303605,303651
P000129,303881,303923
P000129,304480,304538
P000129,304832,304864
P000129,309190,309229
P000129,310696,310739
P000129,312959,312997
P000129,320399,320445
P000129,326280,326311
P000129,327843,327902
P000129,330092,330130
P000129,331596,331628
P000129,344273,344311
P000129,350993,351034
P000129,354321,354369
P000129,357387,357441
P000129,366480,366523
P000129,371069,371167
P000129,396003,396043
P000129,398624,398756
P000129,400648,400670
P000129,405033,405093
P000129,406315,406375
P000129,408059,408088
P000129,412751,412988
P000129,413728,413748
P000129,415388,415408
P000129,418273,418308
P000129,429607,429725
P000129,431936,432231
P000129,434766,434793
P000129,435825,435886
P000129,441055,441109
P000129,441945,442105
P000129,442816,443061
P000129,445083,445107
P000129,445580,445627
P000129,446034,446057
P000129,446381,446411
P000129,447024,447269
P000129,450524,450744
P000129,455445,455530
P000129,456611,456731
P000129,459556,459607
P000129,462282,462320
P000129,465686,465706
P000129,466322,466567
P000129,468526,468657
P000129,475910,475965
P000129,484187,484309
P000129,495897,495940
P000129,498287,498339
P000132,2392,2569
P000132,3030,3057
P000132,3301,3526
P000132,4175,4226
P000132,5704,6093
P000132,7816,7851
P000132,8525,8622
P000132,10304,10322
P000132,11834,11927
P000132,12952,12970
P000132,13762,13811
P000132,15604,15723
P000132,16098,16125
P000132,16562,16588
P000132,16919,17087
P000132,17531,17657
P000132,18641,18673
P000132,19299,19332
P000132,19972,20004
P000132,20708,20739
P000132,21317,21346
P000132,22312,22340
P000132,23388,23433
P000132,25152,25238
P000132,25783,26102
P000132,26114,26226
P000132,27442,27468
P000132,28400,28431
P000132,31391,31424
P000132,37041,37127
P000132,37442,37462
P000132,44485,44615
P000132,46523,46556
P000132,47418,47584
P000132,50653,50799
P000132,52783,52901
P000132,56938,56966
P000132,58427,58456
P000132,60381,60495
P000132,62117,62136
P000132,63655,63833
P000132,64829,64978
P000132,66428,66457
P000132,67300,67333
P000132,67819,67923
P000132,68292,68310
P000132,68586,68676
P000132,69126,69153
P000132,71024,71045
P000132,71699,71726
P000132,72134,72460
P000132,73786,73934
P000132,77196,77241
P000132,78079,78112
P000132,78752,78781
P000132,80398,80434
P000132,81615,81654
P000132,82382,82615
P000132,83177,83217
P000132,86283,86321
P000132,87221,87245
P000132,87623,87698
P000132,87795,87922
P000132,89022,89047
P000132,89861,89887
P000132,90687,90713
P000132,91582,91611
P000132,91783,91984
P000132,93484,93502
P000132,93804,93884
P000132,94784,94805
P000132,95066,95087
P000132,95846,95865
P000132,97170,97187
P000132,97732,97753
P000132,99557,99582
P000132,100258,100317
P000132,102454,102575
P000132,104430,104459
P000132,107214,107232
P000132,107571,107719
P000132,109711,109826
P000132,111889,111960
P000132,112647,112668
P000132,113093,113112
P000132,113993,114010
P000132,114501,114532
P000132,115199,115224
P000132,115698,115737
P000132,119219,119269
P000132,120754,121138
P000132,122390,122596
P000132,122961,122985
P000132,123367,123460
P000132,123658,123860
P000132,124332,124437
P000132,125181,125200
P000132,125880,125897
P000132,126294,126313
P000132,126909,126927
P000132,127443,127533
P000132,127823,127901
P000132,127912,127991
P000132,128621,128648
P000132,129415,129457
P000132,129918,129944
P000132,131557,131668
P000132,132600,132622
P000132,132954,132978
P000132,135095,135211
P000132,136648,136684
P000132,140721,140755
P000132,142780,143105
P000132,143805,143829
P000132,144084,144108
P000132,144362,144382
P000132,144548,144567
P000132,144762,144786
P000132,144974,144999
P000132,146054,146080
P000132,146338,146359
P000132,146763,146901
P000132,148344,148403
P000132,151498,151596
P000132,151773,151797
P000132,152002,152107
P000132,152915,152946
P000132,154877,154910
P000132,155860,155902
P000134,3009,3399
P000134,4410,4576
P000134,6169,6271
P000134,8598,8643
P000134,10860,10964
P000134,11749,11797
P000134,13032,13064
P000134,14063,14099
P000134,17942,17979
P000135,4161,4244
P000135,6043,6059
P000135,7254,7273
P000135,10774,10797
P000135,10994,11011
P000135,11438,11455
P000135,11837,11853
P000135,12498,12513
P000135,12985,13002
P000135,13440,13457
P000135,13944,13962
P000135,16992,17009
P000135,20609,20663
P000135,27895,28050
P000135,29642,29683
P000135,30123,30159
P000135,30522,30553
P000135,30684,30751
P000135,31541,31614
P000135,32372,32412
P000135,33710,33909
P000135,34560,34590
P000135,37994,38130
P000135,38549,38567
P000135,38699,38717
P000135,40585,40656
P000135,41841,41867
P000135,42419,42451
P000135,43488,43525
P000135,43590,43616
P000135,45138,45175
P000135,45337,45361
P000135,47024,47071
P000135,49596,49638
P000135,49911,49945
P000135,49970,50036
P000135,50238,50275
P000135,50685,50722
P000135,50803,50840
P000135,50953,50991
P000135,51991,52022
P000135,52293,52394
P000135,54431,54495
P000135,54837,54930
P000135,55840,55857
P000135,56270,56323
P000135,56364,56394
P000135,56644,56665
P000135,57107,57133
P000135,57278,57317
P000135,58989,59052
P000135,59286,59321
P000135,59509,59534
P000135,63000,63126
P000135,64075,64173
P000135,64558,64576
P000135,65142,65160
P000135,69406,69523
P000136,970,1062
P000136,14611,14721
P000136,20793,20964
P000136,22363,22418
P000136,24039,24111
P000136,27001,27057
P000136,28326,28761
P000136,30241,30290
P000136,36251,36673
P000136,39746,39844
P000136,41553,41616
P000136,43543,43595
P000136,45428,45473
P000136,48015,48079
P000136,50117,50195
P000140,13512,13701
P000140,44365,44595
P000140,50031,50107
P000140,108032,108237
P000140,139807,140403
P000140,145206,145246
P000140,160405,160544
P000140,167654,167668
P000140,168715,168759
P000140,170374,170576
P000140,174793,174958
P000140,175532,175549
P000140,176222,176245
P000140,177014,177081
P000140,178845,178863
P000140,179181,179256
P000140,179629,179646
P000140,180657,180764
P000140,197414,197445
P000140,212859,212868
P000140,213512,213521
P000140,219249,219257
P000140,238036,238112
P000140,268019,268218
P000140,302170,302200
P000140,307660,307690
P000140,324694,324829
P000140,337586,337617
P000140,338355,338511
P000140,346461,346494
P000140,349866,349898
P000140,369015,369437
P000140,370877,370903
P000140,373035,373118
P000140,373449,373498
P000140,383800,384093
P000140,388600,388760
P000140,390418,390455
P000140,426200,426277
P000140,450666,450916
P000140,451329,451372
P000140,455752,455996
P000140,456309,456360
P000140,460998,461100
P000140,461829,461873
P000140,468541,468617
P000140,516494,516589
P000140,517004,517020
P000140,517772,517815
P000140,524876,524910
P000140,526265,526427
P000140,544648,544718
P000140,545604,545675
P000140,546959,546977
P000140,547404,547535
P000140,553262,553287
P000140,553345,553474
P000140,555240,555320
P000140,557645,557668
P000140,564389,564577
P000140,605298,605394
P000140,623222,623261
P000140,633290,633320
P000140,636483,636524
P000141,126,486
P000141,958,1040
P000141,1415,1434
P000141,3571,3645
P000141,3960,4034
P000141,4047,4142
P000141,5363,5480
P000141,8184,8295
P000141,10333,10510
P000141,13265,13301
P000141,20045,20084
P000141,23033,23066
P000141,23753,23898
P000141,24460,24493
P000141,24889,24908
P000141,26117,26256
P000141,26605,26639
P000141,27624,27660
P000141,28175,28212
P000141,30009,30143
P000141,30810,31030
P000141,33390,33429
P000141,34579,34596
P000141,35204,35446
P000141,37330,37414
P000141,38923,38947
P000141,41222,41245
P000141,42394,42433
P000141,44437,44590
P000141,45208,45231
P000141,45641,45668
P000141,46124,46147
P000141,51954,51982
P000141,53445,53683
P000141,54177,54196
P000141,58595,58614
P000141,62333,62408
P000141,65615,65638
P000141,67544,67566
P000141,71084,71293
P000141,71610,71851
P000141,75512,75543
P000141,76356,76389
P000141,77188,77294
P000141,79282,79443
P000141,80143,80190
P000141,82096,82122
P000141,84814,84860
P000144,10263,10764
P000144,11498,11525
P000144,12297,12325
P000144,17531,17992
P000144,21093,21126
P000144,25534,25570
P000144,26564,26821
P000144,28185,28226
P000144,29569,29618
P000144,31415,31454
P000144,32231,32348
P000144,33694,33730
P000144,35149,35248
P000144,36875,37156
P000144,37483,37517
P000144,38725,38757
P000144,39913,39948
P000144,41426,41553
P000144,41953,42087
P000144,43311,43335
P000144,44923,44963
P000144,46485,46624
P000144,48921,48965
P000144,52256,52408
P000144,53694,53881
P000144,54284,54327
P000144,54628,54726
P000144,55288,55607
P000144,56179,56211
P000144,58665,58764
P000144,59402,59435
P000144,60905,61003
P000144,61822,61856
P000144,63541,63577
P000144,67338,67371
P000144,71573,71601
P000144,74856,74890
P000144,78372,78517
P000144,79588,79622
P000144,79985,80020
P000144,89463,89690
P000144,90864,90883
P000144,91837,91954
P000144,94066,94094
P000144,95478,95842
P000144,96481,96504
P000144,96781,96809
P000144,97350,97368
P000144,98015,98042
P000144,98625,98654
P000144,99544,99781
P000144,100895,100941
P000144,101849,101884
P000144,104172,104310
P000144,107853,107930
P000144,108353,108596
P000144,109692,109718
P000144,110586,110617
P000144,112219,112258
P000144,114115,114157
P000144,115902,116032
P000144,116629,116663
P000144,120152,120178
P000144,121479,121668
P000144,122380,122408
P000144,124861,124920
P000144,127036,127086
P000144,128523,128838
P000144,130434,130476
P000144,131764,131911
P000144,132877,132905
P000144,134375,134668
P000144,136654,136702
P000144,137372,137436
P000144,137994,138053
P000144,138981,139019
P000144,140611,140649
P000144,141797,141957
P000144,142577,142608
P000144,143158,143190
P000144,143586,143839
P000144,144906,144949
P000144,145751,145788
P000144,146777,146806
P000144,147343,147375
P000144,147761,147792
P000144,148477,148670
P000144,149451,149484
P000144,150366,150392
P000144,151075,151118
P000144,152427,152527
P000144,153199,153216
P000144,154472,154631
P000144,156180,156212
P000144,156552,156734
P000144,160326,160405
P000144,161412,161514
P000144,162067,162166
P000144,163517,163664
P000144,170441,170485
P000144,174159,174278
P000144,175292,175322
P000144,176933,176949
P000144,181324,181341
P000144,209748,209969
P000144,212072,212113
P000144,214145,214193
P000145,5954,6276
P000145,7791,7939
P000145,9235,9271
P000145,11601,11633
P000145,14403,14661
P000145,15530,15566
P000145,16858,16890
P000145,26265,26398
P000145,28121,28165
P000145,31978,32127
P000145,35839,36135
P000145,38094,38130
P000145,41282,41316
P000145,42580,42614
P000145,44063,44102
P000145,49282,49548
P000145,53023,53060
P000145,55957,56080
P000145,57404,57559
P000145,58362,58735
P000145,61332,61441
P000145,63323,63355
P000145,64934,64965
P000145,65604,65743
P000145,67109,67135
P000145,71451,71482
P000145,72048,72551
P000145,74378,74436
P000145,76874,76931
P000145,79082,79265
P000145,81295,81441
P000145,82883,82970
P000145,84317,84335
P000145,86584,86745
P000145,87351,87395
P000145,88152,88294
P000145,89562,89688
P000145,92057,92267
P000145,93979,94024
P000145,96956,96975
P000145,98642,98667
P000145,100992,101012
P000145,103912,103946
P000145,105992,106014
P000145,106399,106560
P000145,109226,109256
P000145,111058,111089
P000145,112740,112959
P000145,113778,113797
P000145,114801,114821
P000145,115743,115760
P000145,117119,117368
P000145,118816,118896
P000145,120199,120254
P000145,122976,123213
P000145,125102,125237
P000145,125587,125618
P000145,126167,126474
P000145,127020,127070
P000145,129583,129632
P000145,130761,131019
P000145,133102,133408
P000145,135151,135292
P000145,137198,137236
P000145,138445,138491
P000145,142089,142125
P000145,146019,146242
P000145,147645,147676
P000145,148827,148861
P000145,150425,150460
P000145,152903,153249
P000145,155401,155442
P000145,157375,157413
P000145,158939,158959
P000145,160414,160569
P000145,161828,161859
P000145,164071,164101
P000145,166436,166473
P000145,167688,167848
P000145,169499,169530
P000145,171930,172173
P000145,174598,174631
P000145,176587,176618
P000145,177658,177689
P000145,177928,177960
P000145,184311,184342
P000145,187451,187586
P000145,191884,192026
P000145,195407,195442
P000145,199670,199807
P000145,203066,203096
P000145,206608,206704
P000145,206705,206737
P000145,209216,209247
P000145,211422,211614
P000145,213411,213435
P000145,214355,214405
P000145,217332,217475
P000145,218729,218764
P000145,222014,222056
P000145,223659,223854
P000145,227849,227940
P000145,227941,227970
P000145,231532,231559
P000145,233676,233972
P000145,236713,236762
P000145,238757,238906
P000145,241193,241285
P000145,242758,242798
P000151,1262,1323
P000151,3398,3439
P000151,5985,6035
P000151,11360,11388
P000151,24237,24349
P000151,27236,27378
P000151,27606,27917
P000151,30152,30180
P000151,30848,30904
P000151,34573,34605
P000151,35393,35449
P000151,36460,36756
P000151,37626,37687
P000151,40004,40021
P000151,42909,42939
P000151,59135,59181
P000151,72918,72949
P000151,74611,74633
P000151,77923,77941
P000151,78370,78382
P000151,80418,80546
P000151,80782,80903
P000151,81592,81614
P000151,82475,82512
P000151,84488,84549
P000151,85091,85153
P000151,85441,85466
P000151,85624,85649
P000151,86290,86304
P000151,97001,97087
P000151,97967,98013
P000151,98293,98334
P000151,98789,98830
P000151,99225,99288
P000151,100550,100664
P000151,107530,107559
P000151,111007,111036
P000151,111273,111289
P000151,111813,111852
P000151,112261,112303
P000151,112392,112433
P000151,112619,112660
P000151,112853,112891
P000151,113198,113241
P000151,113997,114032
P000151,114209,114245
P000151,114982,115009
P000151,130067,130528
P000151,130925,130946
P000151,131033,131056
P000151,131493,131544
P000151,132213,132244
P000151,133129,133456
P000151,134032,134072
P000151,134566,134620
P000151,134944,134998
P000151,135291,135333
P000151,136430,136472
P000151,149104,149296
P000151,149492,149511
P000151,152790,152817
P000151,153014,153190
P000151,154625,154655
P000151,155452,155612
P000151,156149,156167
P000151,156543,156601
P000151,156749,156955
P000151,157426,157450
P000151,158264,158290
P000151,158430,158490
P000151,158943,159001
P000151,159329,159408
P000151,169733,169761
P000151,170048,170612
P000151,170614,170633
P000151,170894,170915
P000151,171274,171695
P000151,172385,172431
P000151,173731,173753
P000151,174212,174233
P000151,179767,179796
P000151,181510,181526
P000151,183153,183166
P000151,185054,185238
P000151,189226,189281
P000151,198247,198265
P000151,198927,198981
P000151,204462,204783
P000151,206149,206195
P000151,206505,206548
P000151,207417,207459
P000151,208751,208775
P000151,211113,211140
P000151,212143,212169
P000151,215274,215290
P000151,215963,215980
P000151,217042,217060
P000151,218169,218277
P000151,220541,220577
P000151,222876,222909
P000151,231592,231610
P000151,232090,232276
P000151,233909,234075
P000151,234962,234994
P000151,235384,235432
P000151,236638,236667
P000151,237646,237674
P000151,238067,238454
P000151,238458,238466
P000151,245143,245159
P000151,246862,246879
P000151,260547,260563
P000151,261983,261998
P000151,266951,267166
P000151,267712,267741
P000151,267924,267945
P000151,268108,268125
P000151,268629,268639
P000151,276244,276260
P000151,277180,277228
P000151,278692,278708
P000151,279569,279615
P000151,281584,281666
P000151,282295,282312
P000151,282915,282928
P000151,283270,283289
P000151,283573,283639
P000151,284275,284289
P000151,284485,284499
P000151,284629,284641
P000151,284873,284885
P000151,285958,285966
P000151,286247,286258
P000151,286736,286746
P000151,291039,291051
P000151,294890,294921
P000151,295732,295765
P000151,297479,297511
P000151,298543,298573
P000151,299779,299805
P000151,301547,301594
P000151,302509,302587
P000151,303011,303084
P000151,303333,303355
P000151,303871,303915
P000151,304022,304055
P000151,313528,313557
P000151,313836,313850
P000151,314151,314211
P000151,315450,315478
P000151,315658,315691
P000151,316262,316308
P000151,318809,318845
P000151,319334,319368
P000151,319567,319591
P000151,319889,319931
P000151,320185,320202
P000151,320403,320412
P000151,320522,320537
P000151,320615,320626
P000151,320721,320736
P000151,321746,321773
P000151,321943,321962
P000151,322052,322087
P000151,328249,328274
P000151,329655,329677
P000151,333809,334048
P000151,336521,336550
P000151,338248,338274
P000151,338364,338389
P000151,340591,340619
P000151,341626,341819
P000151,341837,341862
P000151,343255,343306
P000151,404665,405181
P000151,405574,405587
P000151,405685,405707
P000151,405886,405905
P000151,406745,406755
P000151,406999,407023
P000151,408644,408663
P000151,412505,412515
P000151,419594,419621
P000151,419767,419778
P000151,420025,420037
P000151,420547,420557
P000151,426855,426865
P000151,427321,427350
P000151,427752,427773
P000151,429640,429725
P000151,438457,438483
P000151,448335,448425
P000151,448917,449067
P000151,449477,449600
P000151,450461,450491
P000151,452276,452304
P000151,453792,453820
P000151,454487,454641
P000151,457944,457983
P000151,461267,461612
P000151,463611,463642
P000151,464042,464067
P000151,464352,464388
P000151,464619,464645
P000151,465133,465159
P000151,465427,465582
P000151,466115,466211
P000151,466382,466401
P000151,466554,466584
P000151,466780,466813
P000151,467355,467478
P000151,467878,467911
P000151,471210,471237
P000151,474722,474873
P000151,477270,477437
P000151,477691,477715
P000151,479205,479226
P000151,482637,482663
P000151,483192,483214
P000151,483620,483641
P000151,484469,484506
P000151,487141,487265
P000151,487944,487957
P000151,488703,488955
P000151,489151,489226
P000151,489449,489497
P000151,489700,489732
P000151,489993,490030
P000151,490287,490313
P000151,493310,493778
P000151,498878,498915
P000151,499537,499581
P000151,502417,502671
P000151,503104,503141
P000151,503483,503661
P000151,503797,503848
P000151,503971,504020
P000151,505360,505381
P000151,506581,506596
P000151,506852,507007
P000152,40054,40162
P000152,269429,269501
P000152,602312,602402
P000152,802887,802950
P000153,2289,2329
P000153,3024,3056
P000153,8248,8329
P000153,9186,9272
P000153,10227,10270
P000153,11363,11573
P000153,11742,11910
P000153,12928,12975
P000153,14349,14657
P000153,16069,16105
P000153,18251,18340
P000153,18997,19022
P000153,20620,20730
P000153,21634,21671
P000153,23809,23925
P000153,24082,24196
P000153,24298,24573
P000153,25580,25606
P000153,28938,28968
P000153,31224,31256
P000153,33703,33725
P000153,40292,40309
P000153,41215,41308
P000153,41577,41635
P000153,42079,42102
P000153,46277,46297
P000153,46823,46842
P000153,48306,48479
P000153,50641,50677
P000153,55717,55755
P000153,60859,60897
P000153,62272,62400
P000153,63746,63768
P000153,65476,65580
P000153,67007,67031
P000153,67701,67734
P000153,68468,68960
P000153,69679,69722
P000153,72134,72165
P000153,73886,73923
P000153,74740,74784
P000153,75935,75967
P000153,77925,77961
P000153,80938,81043
P000153,84963,84997
P000153,85435,85471
P000153,85974,86015
P000153,87751,87789
P000153,87863,87907
P000153,89888,89918
P000153,90457,90548
P000153,90550,90614
P000153,90634,90666
P000153,91235,91327
P000153,91466,91510
P000153,92436,92457
P000153,93417,93434
P000153,94468,94573
P000153,94575,94642
P000153,94661,94694
P000153,95807,96022
P000153,96430,96457
P000153,98002,98119
P000153,99479,99516
P000153,105992,106259
P000153,106741,106848
P000153,109316,109338
P000153,110405,110431
P000153,112004,112031
P000153,113494,113592
P000153,118013,118037
P000153,120423,120448
P000153,123399,123772
P000153,124688,124720
P000153,126289,126327
P000153,128494,128548
P000153,130466,130498
P000153,131085,131201
P000153,131436,131841
P000153,133245,133392
P000153,134730,134767
P000153,136937,136986
P000153,139129,139277
P000153,143340,143584
P000153,144293,144341
P000153,145398,145444
P000153,147313,147356
P000153,149196,149231
P000153,153927,153992
P000153,156713,156962
P000153,156964,157000
P000153,158162,158203
P000153,160225,160257
P000153,161379,161431
P000153,162405,162449
P000155,5403,5700
P000155,8623,8648
P000155,9826,10497
P000155,12203,12247
P000155,13238,13269
P000155,13919,13960
P000155,14504,14537
P000155,14738,14784
P000155,18070,18307
P000155,19300,19600
P000155,21572,21620
P000155,25613,25743
P000155,28390,28428
P000155,32924,32959
P000155,33150,33275
P000155,41473,41665
P000155,43144,43188
P000155,45492,45542
P000155,46508,46530
P000155,49712,49747
P000155,54616,54990
P000155,56070,56256
P000155,61739,61803
P000155,63850,63910
P000155,65308,65369
P000155,72617,72664
P000155,73564,73891
P000155,78135,78205
P000155,93983,94285
P000155,94779,95062
P000155,98361,98405
P000155,100512,100558
P000155,101836,101898
P000155,102376,102435
P000155,103968,104031
P000155,105881,105958
P000155,108360,108570
P000155,110124,110187
P000155,110424,110461
P000155,111046,111070
P000155,111437,111465
P000155,112102,112140
P000155,114151,114173
P000155,116350,116398
P000155,118153,118185
P000155,120377,120436
P000155,123071,123120
P000155,124614,124655
P000155,129103,129146
P000155,130708,130735
P000155,131792,131844
P000155,134822,134973
P000155,135358,135472
P000155,135982,136034
P000155,137149,137188
P000155,138180,138229
P000155,139666,139700
P000155,140292,140326
P000155,141316,141376
P000155,142243,142285
P000155,143104,143153
P000155,143391,143451
P000155,144153,144216
P000155,145375,145459
P000155,146494,146547
P000155,146870,146900
P000155,149747,149791
P000155,150207,150250
P000155,150385,150437
P000155,150922,150978
P000155,151539,151582
P000155,151898,151963
P000155,152313,152368
P000155,153406,153559
P000155,155265,155291
P000157,2145,2373
P000157,2558,2577
P000157,3447,3484
P000157,3687,3715
P000157,4324,4356
P000157,4706,4729
P000157,9640,9869
P000157,13020,13078
P000157,13945,14028
P000157,14380,14417
P000157,14911,14942
P000157,15078,15120
P000157,16331,16372
P000157,16665,17053
P000157,18238,18296
P000157,18695,18722
P000157,21313,21344
P000157,23602,23622
P000157,24279,24300
P000157,25222,25416
P000157,25629,25646
P000157,26066,26092
P000157,27937,27961
P000157,28019,28048
P000157,28287,28304
P000157,28665,28687
P000157,29952,29968
P000157,30352,30372
P000157,31219,31247
P000157,31980,32024
P000157,32583,32930
P000157,34536,34586
P000157,35238,35470
P000157,36053,36094
P000157,36727,36767
P000157,37196,37235
P000157,37541,37609
P000157,38806,38839
P000157,40151,40183
P000157,41251,41283
P000157,42174,42204
P000157,42660,42697
P000157,43366,43537
P000157,44502,44537
P000157,44954,45071
P000157,46687,46750
P000157,47910,47934
P000157,48521,48754
P000157,49685,49723
P000157,49981,50019
P000157,50373,50563
P000157,51222,51318
P000157,52513,52552
P000157,52939,52979
P000157,54340,54375
P000157,56177,56219
P000157,57310,57721
P000157,58462,58663
P000157,60181,60209
P000157,60499,60526
P000157,60928,60957
P000157,61803,62041
P000157,62965,62996
P000157,63727,63761
P000157,64788,64819
P000157,65255,65287
P000157,65614,65652
P000157,66542,66570
P000157,66911,66948
P000157,67320,67349
P000157,68083,68109
P000157,68572,68590
P000157,69331,69357
P000157,69665,69931
P000157,70526,70568
P000157,70996,71126
P000157,71872,71917
P000157,72812,72860
P000157,73629,73674
P000157,74946,75060
P000157,75743,75787
P000157,76303,76415
P000157,76951,77025
P000157,77953,78004
P000157,78246,78384
P000157,80391,80435
P000157,80779,80874
P000157,81433,81473
P000157,81829,81868
P000157,82318,82396
P000157,83171,83204
P000157,83773,83950
P000157,84340,84386
P000157,84806,84842
P000157,85074,85116
P000157,85352,85389
P000157,87298,87403
P000157,88312,88507
P000157,89132,89178
P000157,89667,89719
P000157,90863,90888
P000157,91699,91760
P000157,92646,92804
P000157,93626,93775
P000157,94032,94059
P000157,94667,94718
P000157,94966,94989
P000157,95436,95462
P000157,96404,96428
P000157,97453,97488
P000157,97643,97671
P000157,98258,98459
P000157,98594,98603
P000157,98838,98870
P000157,98997,99032
P000157,99236,99259
P000157,99321,99349
P000157,99897,99951
P000157,102043,102055
P000157,102168,102177
P000157,102251,102260
P000157,102828,102838
P000157,103045,103195
P000157,104383,104423
P000157,105680,105709
P000157,106154,106360
P000157,106998,107246
P000157,107944,108100
P000157,108428,108449
P000157,109083,109107
P000157,109954,109988
P000157,111520,111552
P000157,111846,111877
P000157,111978,112051
P000157,112732,112791
P000157,113006,113042
P000157,114170,114190
P000157,115390,115456
P000157,115706,115729
P000157,117023,117233
P000157,118067,118105
P000157,118703,118744
P000157,119015,119057
P000157,119433,119471
P000157,120117,120181
P000157,120410,120490
P000157,121522,121562
P000157,122490,122525
P000157,123767,123803
P000157,124103,124171
P000157,125144,125165
P000157,126428,126449
P000157,127442,127566
P000157,127801,128144
P000157,128447,128474
P000157,129133,129160
P000157,130827,130889
P000157,131998,132066
P000157,133141,133191
P000157,134177,134248
P000157,134535,134581
P000157,135366,135424
P000157,136094,136115
P000157,136828,136864
P000157,137508,137546
P000157,137798,137836
P000157,138094,138255
P000157,138555,138691
P000157,138947,138981
P000157,139935,140112
P000157,140448,140472
P000157,141257,141286
P000157,141706,141802
P000157,142275,142544
P000157,143655,143678
P000157,143944,143977
P000157,144494,144785
P000157,145740,146123
P000157,146353,146384
P000157,146643,146724
P000157,148684,148728
P000157,149633,149678
P000157,149956,150284
P000157,150951,150972
P000157,151332,151356
P000157,152060,152112
P000157,152447,152526
P000157,152770,152806
P000157,153108,153150
P000157,153650,153857
P000157,154176,154231
P000157,154733,154767
P000157,156413,156442
P000157,157083,157122
P000157,157559,157630
P000157,157931,157953
P000157,159310,159337
P000157,161492,161517
P000157,162701,162792
P000157,163605,163644
P000157,164101,164132
P000157,164671,164709
P000157,164949,164976
P000157,165488,165527
P000157,166026,166063
P000157,166377,166409
P000157,167154,167204
P000157,168083,168123
P000157,168388,168413
P000157,168606,168635
P000157,169169,169338
P000157,170080,170158
P000157,171196,171224
P000157,171353,171420
P000157,171947,172278
P000157,172792,172822
P000157,173116,173162
P000157,173653,173690
P000157,174291,174351
P000157,174773,174788
P000157,175624,175640
P000157,176457,176492
P000157,176826,177030
P000157,178815,178848
P000157,181051,181080
P000157,181603,181631
P000157,182089,182114
P000157,182577,182669
P000157,183544,183597
P000157,184455,184502
P000157,186300,186336
P000157,186772,186792
P000157,188119,188263
P000157,189068,189165
P000157,189481,189512
P000157,190528,190555
P000157,191689,191807
P000157,192234,192274
P000157,192631,192734
P000157,193369,193411
P000157,194178,194215
P000157,194585,194631
P000157,195287,195327
P000157,196118,196209
P000157,197261,197305
P000157,198233,198276
P000157,199388,199431
P000157,199784,199829
P000157,200780,201057
P000157,202017,202101
P000157,202743,202790
P000157,203479,203512
P000157,204713,204808
P000157,205400,205442
P000157,205992,206083
P000157,206732,206783
P000157,207119,207160
P000157,207380,207572
P000157,207951,208005
P000157,208273,208352
P000157,208629,208675
P000157,209154,209358
P000157,209927,209948
P000157,211120,211158
P000157,211601,211629
P000157,211842,211926
P000157,212589,212610
P000157,212870,212918
P000157,213523,213554
P000157,213834,213865
P000157,214596,214639
P000157,214994,215019
P000157,215594,215634
P000157,216102,216121
P000157,216761,216886
P000157,217393,217561
P000157,217877,218005
P000157,218259,218330
P000157,219143,219182
P000157,220889,220913
P000157,221565,221580
P000157,221918,221945
P000157,222244,222327
P000157,222862,223023
P000157,224454,224481
P000157,226672,226707
P000157,227675,227708
P000157,228117,228149
P000157,228412,228528
P000157,229406,229568
P000157,230417,230467
P000157,231154,231199
P000157,232048,232137
P000157,232748,232795
P000157,234293,234312
P000157,234486,234609
P000157,235729,235756
P000157,236349,236402
P000157,236577,236631
P000157,237416,237497
P000157,238596,238639
P000157,239964,240002
P000157,240421,240445
P000157,240942,240964
P000157,242095,242127
P000157,242503,242574
P000157,243702,243723
P000157,244681,244709
P000157,245236,245478
P000157,245729,245808
P000157,246062,246277
P000157,246824,246939
P000157,247814,247844
P000157,250384,250422
P000157,250723,250756
P000157,251961,251995
P000157,252700,252773
P000157,253694,253730
P000157,254221,254254
P000157,255178,255210
P000157,256041,256069
P000157,256324,256397
P000157,256684,256744
P000157,257084,257123
P000157,257981,258019
P000157,259569,259606
P000157,262030,262067
P000157,263396,263441
P000157,265005,265046
P000157,265903,265943
P000157,269183,269221
P000157,270636,270669
P000157,271929,272040
P000157,272286,272566
P000157,273036,273068
P000157,274372,274396
P000157,277366,277390
P000157,278621,278654
P000157,279651,279678
P000157,280933,280963
P000157,281654,281711
P000157,281940,282099
P000157,283174,283201
P000157,284313,284354
P000157,285503,285551
P000157,287025,287054
P000157,288418,288448
P000157,289778,289842
P000157,290222,290281
P000157,293501,293543
P000157,294417,294456
P000157,295602,295642
P000157,297013,297041
P000157,297327,297365
P000157,299085,299118
P000157,300753,300788
P000157,302299,302333
P000157,303751,303785
P000157,304424,304458
P000157,305794,306068
P000157,307391,307613
P000157,310572,310609
P000157,317276,317313
P000157,317562,317591
P000157,320271,320439
P000157,320926,320955
P000157,321692,321720
P000157,322536,322572
P000157,324101,324142
P000157,324722,324766
P000157,325568,325611
P000157,326888,326928
P000157,328126,328212
P000157,329339,329362
P000157,329920,329947
P000157,330492,330520
P000157,331194,331220
P000157,332053,332135
P000157,333009,333048
P000157,333941,333969
P000157,334564,334590
P000157,335494,335513
P000157,335720,335760
P000157,337046,337074
P000157,337745,337832
P000157,339251,339284
P000157,340361,340401
P000157,341438,341477
P000157,342606,342649
P000157,344922,344965
P000157,347731,347766
P000157,348948,348985
P000157,349832,349861
P000157,350902,351031
P000157,352032,352120
P000157,353135,353170
P000157,353698,353728
P000157,354367,354404
P000157,355155,355183
P000157,356200,356243
P000157,357732,357812
P000157,360320,360363
P000157,361284,361329
P000157,363229,363485
P000157,364025,364051
P000157,364073,364094
P000157,364159,364219
P000157,365525,365554
P000157,366437,366500
P000157,366665,366692
P000157,367459,367486
P000157,367635,367664
P000157,368708,368731
P000157,368875,369020
P000157,369628,369710
P000157,370745,370781
P000157,372037,372074
P000157,372908,372933
P000157,373422,373532
P000157,374248,374271
P000157,376123,376165
P000157,376900,376962
P000157,378515,378535
P000157,379033,379071
P000157,379288,379315
P000157,381305,381379
P000157,382207,382237
P000157,383338,383647
P000157,384206,384288
P000157,386174,386215
P000157,387842,387908
P000157,388130,388166
P000157,389205,389240
P000157,389970,390142
P000157,391381,391504
P000157,393191,393222
P000157,394789,394824
P000157,397324,397365
P000157,397609,397678
P000157,399055,399112
P000157,400051,400089
P000157,401261,401297
P000157,403059,403132
P000157,403780,403803
P000157,404684,404712
P000157,405974,406004
P000157,407481,407517
P000157,408701,408740
P000157,409620,409811
P000157,410329,410359
P000157,412266,412298
P000157,412686,412716
P000157,413445,413488
P000157,414294,414375
P000157,414897,414937
P000157,415765,415804
P000157,416340,416428
P000157,416786,416831
P000157,417903,417944
P000157,419196,419243
P000157,419971,420002
P000157,420580,420616
P000157,421357,421398
P000157,422159,422271
P000157,422814,422835
P000157,422990,423006
P000157,423197,423211
P000157,423357,423382
P000157,424584,424600
P000157,425022,425496
P000157,426278,426606
P000157,427396,427440
P000157,429191,429238
P000157,431393,431451
P000157,431885,431906
P000157,432070,432115
P000157,432556,432635
P000157,434512,434544
P000157,435622,435746
P000157,436238,436280
P000157,436802,436844
P000157,437583,437615
P000157,438003,438042
P000157,439771,439815
P000157,440476,440553
P000157,441161,441200
P000157,441357,441402
P000157,441917,441955
P000157,442393,442443
P000157,442867,442902
P000159,43009,43356
P000159,54727,54800
P000159,57652,57676
P000159,63442,63485
P000159,71026,71384
P000159,80377,80435
P000159,80998,81048
P000159,81561,81601
P000159,82773,82812
P000159,83289,83321
P000159,83603,83632
P000159,84077,84131
P000159,87647,87668
P000159,88453,88507
P000159,89181,89217
P000159,92739,92764
P000159,94591,94634
P000159,95248,95285
P000159,95489,95519
P000159,95999,96044
P000159,96727,96773
P000159,97016,97050
P000159,97603,97642
P000159,98165,98193
P000159,98489,98526
P000159,98909,98940
P000159,99263,99291
P000159,100035,100110
P000159,101439,101481
P000159,102659,102701
P000159,103079,103125
P000159,103458,103501
P000159,104428,104466
P000159,107034,107062
P000159,108104,108121
P000159,109143,109154
P000159,111032,111040
P000159,112116,112248
P000159,125110,125244
P000159,132500,132523
P000159,133944,133969
P000159,168609,168737
P000159,168910,169035
P000159,169881,170026
P000159,173170,173201
P000159,179624,179736
P000159,179988,180150
P000159,195847,195870
P000159,198005,198036
P000159,200846,200932
P000159,201484,201520
P000159,202116,202153
P000159,202861,202938
P000159,204090,204195
P000159,208047,208119
P000159,222535,222571
P000159,224100,224136
P000159,225973,226017
P000159,227943,227976
P000159,228331,228350
P000159,230259,230286
P000159,231222,231257
P000159,232354,232382
P000159,233650,233679
P000159,234957,234987
P000159,242258,242310
P000159,243275,243306
P000159,252928,253102
P000159,257249,257273
P000159,262074,262104
P000159,263722,263744
P000159,263945,263979
P000159,274258,274336
P000159,282335,282409
P000159,286970,286988
P000159,287292,287308
P000159,288337,288372
P000159,289043,289074
P000159,291641,291672
P000159,295756,295785
P000159,296971,297007
P000159,297815,297852
P000159,298355,298394
P000159,302470,302494
P000159,305395,305510
P000159,306497,306559
P000159,312541,312663
P000159,312765,312795
P000159,315132,315160
P000159,321067,321113
P000159,322444,322508
P000159,332719,332746
P000159,333705,333724
P000159,335875,335923
P000159,339080,339126
P000159,340454,340479
P000159,350884,350923
P000159,352527,352565
P000159,353470,353515
P000159,356236,356292
P000159,366224,366253
P000159,368742,368793
P000159,370647,370699
P000159,371360,371429
P000159,372392,372517
P000159,372947,373037
P000159,375027,375105
P000159,378509,378582
P000159,379644,379788
P000159,380037,380192
P000159,382801,382903
P000159,391143,391207
P000159,392076,392110
P000159,395869,395939
P000159,400364,400495
P000159,406271,406363
P000159,408278,408309
P000159,412571,412607
P000159,416483,416509
P000159,419431,419465
P000159,424519,424571
P000159,428701,428742
P000159,430355,430391
P000159,433075,433426
P000159,444174,444194
P000159,444436,444453
P000159,444995,445021
P000159,445719,445734
P000159,446108,446125
P000159,446622,446651
P000159,447237,447259
P000159,448967,448983
P000159,449699,449732
P000159,450424,450449
P000159,450846,450878
P000159,451119,451135
P000159,451305,451333
P000159,453135,453266
P000159,491340,491565
P000159,491908,492050
P000159,496532,496566
P000159,501115,501141
P000159,506016,506118
P000159,545005,545050
P000159,606199,606254
P000159,616286,616314
P000160,38690,38778
P000160,39713,39753
P000160,40012,40249
P000160,41347,41375
P000160,42309,42757
P000160,44077,44316
P000160,46180,46304
P000160,46433,46448
P000160,47955,47971
P000160,48238,48262
P000160,49970,50187
P000160,51066,51159
P000160,51649,51676
P000160,52069,52095
P000160,52586,52905
P000160,53633,53813
P000160,54359,54410
P000160,59071,59198
P000160,61060,61084
P000160,62091,62121
P000160,63160,63291
P000160,63480,63668
P000160,64131,64327
P000160,64431,64595
P000160,66539,66607
P000160,66677,66838
P000160,67220,67376
P000160,68295,68345
P000160,68579,68601
P000160,69578,69591
P000160,70672,70686
P000160,72081,72134
P000160,72226,72321
P000160,72353,72415
P000160,73303,73319
P000160,73490,73512
P000160,73712,73757
P000160,74005,74037
P000160,74084,74226
P000160,74269,74400
P000160,76415,76466
P000160,76863,76911
P000160,77010,77052
P000160,78732,78750
P000160,80545,80560
P000160,80887,80899
P000160,81953,81967
P000160,82453,82479
P000160,82892,82910
P000160,84235,84396
P000160,86072,86124
P000160,86211,86303
P000160,86812,86850
P000160,88447,88503
P000160,88652,88751
P000160,91152,91170
P000160,92615,92635
P000160,93741,93754
P000160,98888,99028
P000160,99102,99228
P000160,100813,100860
P000160,101829,101894
P000160,102215,102243
P000160,102551,102567
P000160,103226,103303
P000160,104782,104974
P000160,106075,106124
P000160,107748,107790
P000160,111297,111377
P000160,112006,112044
P000160,112406,112451
P000160,112937,113083
P000160,115112,115244
P000160,115331,115388
P000160,117787,117804
P000160,119398,119461
P000160,127074,127093
P000160,129972,130026
P000160,130170,130236
P000160,130867,130887
P000160,131342,131361
P000160,132121,132380
P000160,132746,132863
P000160,133218,133260
P000160,134059,134104
P000160,134282,134296
P000160,134554,134636
P000160,137674,137714
P000160,139229,139239
P000160,139332,139365
P000160,139688,139711
P000160,140180,140341
P000160,140852,140971
P000160,141173,141204
P000160,141467,141505
P000160,141612,141698
P000160,141970,141995
P000160,142608,142693
P000160,142889,142907
P000160,143384,143433
P000160,143717,143731
P000160,143991,144088
P000160,144432,144485
P000160,145151,145171
P000160,145367,145373
P000160,147818,147839
P000160,148534,149041
P000160,149271,149464
P000160,150057,150071
P000160,150729,150743
P000160,151420,151433
P000160,152123,152135
P000160,152861,152875
P000160,153439,153453
P000160,154539,154593
P000160,154707,154916
P000160,155126,155132
P000160,155419,155425
P000160,157056,157061
P000160,157842,157846
P000160,158193,158199
P000160,158788,159045
P000160,160208,160358
P000160,161254,161260
P000160,162138,162230
P000160,163276,163321
P000160,163392,163464
P000160,163815,163821
P000160,164704,164736
P000160,165078,165084
P000160,165513,165553
P000160,165768,165774
P000160,166315,166332
P000160,166994,167010
P000160,168851,168946
P000160,169331,169458
P000160,170619,170752
P000160,171473,171488
P000160,175202,175273
P000160,175603,175739
P000160,176408,176414
P000160,177374,177407
P000160,178337,178505
P000160,178830,178927
P000160,180046,180233
P000160,181091,181120
P000160,181807,181835
P000160,182799,182847
P000160,183419,183438
P000160,183889,183972
P000160,184313,184375
P000160,184608,184697
P000160,185726,185763
P000160,186154,186160
P000160,186648,186664
P000160,187415,187469
P000160,187533,187749
P000160,188112,188216
P000160,190388,190418
P000160,193099,193105
P000160,193897,193971
P000160,194386,194426
P000160,197651,197657
P000160,198148,198154
P000160,198418,198424
P000160,199455,199497
P000160,199789,199820
P000160,200148,200227
P000160,201203,201209
P000160,201757,201763
P000160,202393,202398
P000160,202697,202763
P000160,203075,203091
P000160,204072,204106
P000160,204455,204485
P000160,204737,204765
P000160,205022,205028
P000160,205249,205255
P000160,206205,206210
P000160,206673,206677
P000160,207146,207196
P000160,208111,208178
P000160,208672,208767
P000160,208929,208985
P000160,210595,210632
P000160,211833,211929
P000160,213271,213301
P000160,213589,213638
P000160,215948,216012
P000160,217097,217127
P000160,217341,217482
P000160,218116,218122
P000160,219006,219076
P000160,219609,219670
P000160,220835,220889
P000160,222004,222025
P000160,222348,222414
P000160,222662,222692
P000160,222838,223107
P000160,223210,223401
P000160,223670,223770
P000160,223863,223990
P000160,224473,224479
P000160,229130,229223
P000160,231629,231770
P000160,232059,232457
P000160,232722,232782
P000160,234162,234193
P000160,235071,235086
P000160,236104,236280
P000160,237156,237178
P000160,237863,237869
P000160,239206,239307
P000160,239594,239682
P000160,242308,242374
P000160,243831,244171
P000160,246062,246086
P000160,247405,247421
P000160,247920,247973
P000160,250452,250638
P000160,251250,251333
P000160,251451,251555
P000160,251833,251876
P000160,252140,252221
P000160,253422,253526
P000160,253643,253695
P000160,255147,255219
P000160,255870,255935
P000160,256894,257046
P000160,257989,258053
P000160,258875,259025
P000160,259389,259488
P000160,259597,259709
P000160,262464,262510
P000160,263368,263413
P000160,264347,264393
P000160,265959,265974
P000160,266394,266425
P000160,267357,267417
P000160,267792,267953
P000160,269553,269759
P000160,271572,271601
P000160,272735,272847
P000160,276342,276506
P000160,281424,281530
P000160,282146,282370
P000160,284700,284741
P000160,285026,285148
P000160,289741,289802
P000160,292073,292091
P000160,292437,292470
P000160,293503,293606
P000160,293984,294193
P000160,294788,294946
P000160,295745,295816
P000160,296273,296346
P000160,297851,297981
P000160,298437,298529
P000160,302949,303123
P000160,303709,303750
P000160,304029,304085
P000160,304514,304627
P000160,306191,306232
P000160,306555,306656
P000160,307053,307110
P000160,308296,308385
P000160,313093,313295
P000160,316818,316964
P000160,320355,320418
P000160,321666,321793
P000160,322044,322096
P000160,324275,324318
P000160,324429,324490
P000160,326362,326405
P000160,326530,326583
P000160,328758,328791
P000160,329345,329403
P000160,329614,329665
P000160,331247,331294
P000160,331902,331936
P000160,333509,333715
P000160,334691,334723
P000160,337830,337847
P000160,338510,338704
P000160,339552,339639
P000160,341489,341607
P000160,347531,347665
P000160,354284,354445
P000160,356845,356881
P000160,357300,357462
P000160,360785,360821
P000160,363307,363340
P000160,369516,369556
P000160,370416,370572
P000160,372603,372635
P000160,373524,373554
P000160,377278,377316
P000160,377992,378026
P000160,382757,382797
P000160,385980,386013
P000160,403878,403916
P000160,434612,434640
P000160,434797,434826
P000160,434925,434951
P000160,438681,438738
P000160,439236,439322
P000160,440150,440433
P000160,440785,440959
P000160,441194,441203
P000160,441741,441848
P000160,442210,442245
P000160,442547,442614
P000160,442979,443013
P000160,444055,444085
P000160,444394,444548
P000160,444678,444848
P000160,445400,445420
P000160,446965,446996
P000160,447579,447617
P000160,447957,448033
P000160,448443,448460
P000160,448977,449085
P000160,449522,449749
P000160,450416,450435
P000160,450575,450594
P000160,451262,451296
P000160,451486,451526
P000160,451681,451719
P000160,453327,453627
P000160,454899,454928
P000160,456315,456366
P000160,457669,457727
P000160,457847,457894
P000160,459462,459499
P000160,460672,460708
P000160,462560,462595
P000160,463829,463861
P000160,465311,465343
P000160,465895,465935
P000160,466210,466250
P000160,467433,467470
P000160,468399,468437
P000160,469377,469438
P000160,471337,471375
P000160,472661,472706
P000160,474094,474144
P000160,478558,478658
P000160,478920,478937
P000160,479216,479334
P000160,479555,479579
P000160,483760,483781
P000160,484791,484847
P000160,487596,487620
P000160,488333,488355
P000160,489694,489761
P000160,490746,490767
P000160,492736,492834
P000160,495844,495885
P000160,496838,496865
P000160,497610,497636
P000160,498300,498326
P000160,498590,498692
P000160,498885,498894
P000160,499047,499056
P000160,500232,500252
P000160,502653,502696
P000160,502812,502832
P000160,503247,503270
P000160,503643,503836
P000160,504107,504306
P000160,505455,505522
P000160,505858,505918
P000160,506245,506299
P000160,507393,507436
P000160,507670,507727
P000160,507981,508027
P000160,508291,508376
P000160,508463,508504
P000160,508656,508679
P000160,509325,509348
P000160,509755,509806
P000160,510078,510103
P000160,510221,510326
P000160,510640,510701
P000160,511092,511235
P000160,511644,511756
P000160,512071,512145
P000160,512644,512715
P000160,513266,513331
P000160,513838,513916
P000160,514298,514315
P000160,514411,514540
P000160,514859,515252
P000160,515762,515860
P000160,516427,516482
P000160,516736,516786
P000160,517663,517735
P000160,518535,518605
P000160,518912,518952
P000160,519307,519347
P000160,519614,519650
P000160,520068,520161
P000160,520724,520768
P000160,521446,521539
P000160,521791,521837
P000160,522184,522287
P000160,522531,522573
P000160,522793,522837
P000160,523581,523654
P000160,524313,524334
P000160,524911,524982
P000160,525289,525304
P000160,525397,525533
P000160,525780,526047
P000160,526314,526362
P000160,526864,526919
P000160,527255,527305
P000160,527608,527650
P000160,528322,528371
P000160,529004,529052
P000160,529511,529609
P000160,530392,530464
P000160,531199,531247
P000160,532864,533072
P000160,533756,534049
P000160,534275,534287
P000160,534725,534741
P000160,535059,535080
P000160,535551,535567
P000160,535932,535954
P000160,536334,536347
P000160,536769,536788
P000160,537232,537250
P000160,537879,537927
P000160,538255,538340
P000160,538565,538589
P000160,538953,539023
P000160,539159,539213
P000160,539439,539464
P000160,539608,539628
P000160,539721,539739
P000160,539835,539847
P000160,540280,540309
P000160,540547,540564
P000160,540708,540753
P000160,541134,541146
P000160,541317,541348
P000160,541453,541494
P000160,542040,542059
P000160,542459,542488
P000160,542682,542744
P000160,543766,543792
P000160,544031,544184
P000160,544740,544803
P000160,546052,546076
P000160,546749,546771
P000160,547177,547200
P000160,547423,547459
P000160,547557,547591
P000160,547733,547766
P000160,547913,547947
P000160,548139,548165
P000160,548396,548436
P000160,548779,548811
P000160,548899,548967
P000160,549206,549241
P000160,549571,549627
P000160,549716,549820
P000160,550268,550319
P000160,550561,550615
P000160,551130,551184
P000160,551590,551636
P000160,551941,552011
P000160,552295,552312
P000160,552411,552540
P000160,552639,552861
P000160,552957,553053
P000160,555181,555232
P000160,555617,555671
P000160,556109,556158
P000160,556259,556301
P000160,556530,556577
P000160,557886,557926
P000160,558153,558194
P000160,558520,558565
P000160,558798,558852
P000160,558999,559047
P000160,559427,559495
P000160,559779,559923
P000160,560131,560321
P000160,560545,560598
P000160,560996,561015
P000160,561468,561490
P000160,561823,561903
P000160,562064,562103
P000160,562206,562230
P000160,562331,562354
P000160,562986,563000
P000160,564294,564317
P000160,564416,564433
P000160,564620,564674
P000160,565042,565074
P000160,565317,565343
P000160,565902,566076
P000160,566583,566613
P000160,567074,567092
P000160,569481,569617
P000160,570294,570374
P000160,570682,570718
P000160,570902,571084
P000160,571179,571231
P000160,571328,571359
P000160,571638,571662
P000160,572178,572203
P000160,572301,572384
P000160,572539,572572
P000160,572904,573127
P000160,573374,573416
P000160,573921,573975
P000160,574355,574429
P000160,574709,574739
P000160,574936,574967
P000160,575152,575182
P000160,575525,575610
P000160,576175,576239
P000160,576427,576498
P000160,576685,576700
P000160,576794,576929
P000160,577021,577458
P000160,577690,577699
P000160,578001,578071
P000160,578253,578278
P000160,578696,578726
P000160,579295,579373
P000160,582239,582288
P000160,582736,582756
P000160,583032,583111
P000160,583963,583992
P000160,584233,584270
P000160,584549,584721
P000160,584944,584980
P000160,585252,585280
P000160,585427,585453
P000160,585596,585623
P000160,585963,585994
P000160,586240,586303
P000160,586494,586526
P000160,586889,586925
P000160,587065,587101
P000160,587283,587311
P000160,587539,587611
P000160,588280,588310
P000160,588728,588766
P000160,589151,589227
P000160,589514,589542
P000160,589922,589949
P000160,590145,590426
P000160,591153,591185
P000160,591401,591433
P000160,591587,591600
P000160,591714,591725
P000160,591857,591869
P000160,592020,592061
P000160,592245,592275
P000160,592397,592422
P000160,592536,592598
P000160,592967,592990
P000160,593366,593404
P000160,593782,593801
P000160,593945,593963
P000160,594397,594427
P000160,594680,594786
P000160,595181,595220
P000160,595613,595684
P000160,595947,595964
P000160,596071,596198
P000160,596435,596637
P000160,597035,597079
P000160,597399,597513
P000160,598122,598260
P000160,598549,598672
P000160,599253,599276
P000160,599464,599518
P000160,599666,599706
P000160,600028,600072
P000160,600570,600595
P000160,600744,600783
P000160,601635,601798
P000160,601925,601952
P000160,602271,602289
P000160,602447,602509
P000160,602709,602743
P000160,603093,603119
P000160,603216,603371
P000160,603508,603530
P000160,603627,603649
P000160,604154,604170
P000160,604297,604324
P000160,604571,604595
P000160,604829,604899
P000160,605102,605138
P000160,605346,605385
P000160,605622,605658
P000160,605843,605880
P000160,605974,606014
P000160,606108,606157
P000160,606366,606437
P000160,606636,606653
P000160,606748,606870
P000160,607138,607308
P000160,607509,607544
P000160,607688,607717
P000160,607855,607883
P000160,607979,608150
P000160,608311,608345
P000160,608441,608470
P000160,608608,608776
P000160,608949,608984
P000160,609129,609168
P000160,609387,609427
P000160,609597,609635
P000160,609836,609879
P000160,610002,610041
P000160,610228,610256
P000160,610408,610440
P000160,610492,610534
P000160,610717,610734
P000160,610786,610823
P000160,610920,610975
P000160,611106,611128
P000160,611361,611384
P000160,611476,611504
P000160,611637,611666
P000160,611764,611824
P000160,611973,612032
P000160,612258,612277
P000160,612479,612499
P000160,612687,612710
P000160,612763,612793
P000160,612894,612924
P000160,613047,613104
P000160,613196,613224
P000160,613530,613550
P000160,613599,613626
P000160,613702,613719
P000160,613785,613815
P000160,613884,613949
P000160,614045,614085
P000160,614186,614222
P000160,614315,614355
P000160,614453,614491
P000160,614634,614656
P000160,614753,614782
P000160,614895,615066
P000160,615214,615242
P000160,615384,615407
P000160,615584,615606
P000160,615704,615732
P000160,615909,615934
P000160,616077,616099
P000160,616307,616334
P000160,616505,616585
P000160,616829,616879
P000160,618069,618136
P000160,618378,618395
P000160,618483,618620
P000160,618715,618871
P000160,619130,619173
P000160,619632,619667
P000160,619859,619910
P000160,620108,620144
P000160,620374,620429
P000160,620938,621109
P000160,621415,621442
P000160,621732,621754
P000160,621944,621960
P000160,622198,622218
P000160,622556,622585
P000160,622958,622990
P000160,623286,623407
P000160,623778,623807
P000160,624073,624100
P000160,624196,624350
P000160,624748,624772
P000160,625071,625099
P000160,625279,625362
P000160,625544,625562
P000160,625852,625926
P000160,626027,626095
P000160,626359,626468
P000160,626679,626715
P000160,626928,626963
P000160,627144,627179
P000160,627367,627401
P000160,627602,627643
P000160,627846,627881
P000160,628305,628383
P000160,628537,628593
P000160,629128,629179
P000160,629394,629422
P000160,630210,630231
P000160,630368,630405
P000160,630571,630603
P000160,630741,630762
P000160,631047,631163
P000160,631359,631430
P000160,631544,631569
P000160,632101,632165
P000160,632258,632288
P000160,632540,632564
P000160,632798,633006
P000160,633824,633863
P000160,635336,635374
P000160,635471,635513
P000160,635956,636164
P000160,636269,636305
P000160,636518,636554
P000160,637045,637081
P000160,639168,639201
P000160,639691,639802
P000160,639925,639991
P000160,640519,640592
P000160,640932,640960
P000160,641067,641096
P000160,641291,641341
P000160,641784,641816
P000160,642012,642047
P000160,642239,642274
P000160,642556,642591
P000160,642762,642797
P000160,642979,643065
P000160,643199,643231
P000160,643522,643572
P000160,643773,643816
P000160,644521,644564
P000160,644909,644969
P000160,645211,645270
P000160,645606,645662
P000160,645983,646040
P000160,646173,646231
P000160,646420,646477
P000160,646710,646763
P000160,647066,647121
P000160,647445,647500
P000160,647858,647899
P000160,648562,648642
P000160,650176,650208
P000160,651437,651474
P000160,651718,651763
P000160,651994,652063
P000160,652285,652302
P000160,652415,652579
P000160,652680,652980
P000160,653243,653285
P000160,654126,654344
P000160,654429,654458
P000160,654648,654679
P000160,655106,655235
P000160,655607,655677
P000160,656012,656422
P000160,657343,657635
P000160,658116,658180
P000160,658837,658907
P000160,659208,659274
P000160,659485,659519
P000160,659905,659991
P000160,660630,660661
P000160,660871,660913
P000160,661710,661781
P000160,662117,662155
P000160,662730,662764
P000160,663610,663805
P000160,665165,665430
P000160,666068,666165
P000160,668742,668772
P000160,669298,669368
P000160,669997,670035
P000160,670315,670420
P000160,671021,671076
P000160,671387,671432
P000160,671830,671906
P000160,672209,672243
P000160,672584,672612
P000160,672986,673057
P000160,673257,673274
P000160,673379,673541
P000160,673943,674147
P000160,675205,675470
P000160,676263,676307
P000160,676502,676544
P000160,676747,676789
P000160,676939,676977
P000160,677204,677253
P000160,677961,678066
P000160,678947,678983
P000160,679261,679299
P000160,679600,679635
P000160,679934,679968
P000160,680446,680486
P000160,680949,680988
P000160,682787,682827
P000160,683213,683251
P000160,684226,684269
P000160,684540,684582
P000160,684824,684863
P000160,685121,685162
P000160,685622,685665
P000160,686370,686464
P000160,686676,686716
P000160,687524,687562
P000160,687817,687859
P000160,688026,688065
P000160,688479,688518
P000160,688892,688936
P000160,689348,689395
P000160,690110,690149
P000160,690472,690515
P000160,691560,691603
P000160,691791,691834
P000160,692001,692072
P000160,692387,692404
P000160,692528,692683
P000160,692961,693284
P000160,693728,693770
P000160,694531,694609
P000160,694847,694909
P000160,695182,695237
P000160,696096,696129
P000160,697037,697406
P000160,697858,697919
P000160,699510,699548
P000160,699948,699980
P000160,700217,700308
P000160,700515,700553
P000160,700700,700741
P000160,700902,700937
P000160,701037,701070
P000160,701203,701241
P000160,701371,701407
P000160,701547,701584
P000160,701792,701839
P000160,702389,702476
P000160,702830,702848
P000160,703405,703455
P000160,703958,703979
P000160,704543,704587
P000160,704983,705001
P000160,705274,705323
P000160,705868,705886
P000160,707389,707548
P000160,707790,707922
P000160,708926,708979
P000160,709201,709253
P000160,709556,709741
P000160,710476,710517
P000160,710886,710965
P000160,711597,711631
P000160,712370,712402
P000160,713354,713390
P000160,713624,713668
P000160,713994,714023
P000160,714903,714939
P000160,715199,715250
P000160,715621,715649
P000160,716034,716064
P000160,716414,716480
P000160,717035,717066
P000160,717215,717248
P000160,717517,717690
P000160,718079,718217
P000160,719556,719582
P000160,721158,721191
P000160,721788,721818
P000160,722251,722324
P000160,722556,722591
P000160,723702,723715
P000160,723871,723885
P000160,724110,724125
P000160,725054,725068
P000160,727666,727679
P000160,730553,730572
P000160,731457,731488
P000160,731996,732063
P000160,732440,732457
P000160,732594,732731
P000160,732924,733032
P000160,733202,733375
P000160,733865,733894
P000160,734504,734532
P000160,735316,735344
P000160,735590,735618
P000160,737210,737480
P000160,738210,738245
P000160,738441,738483
P000160,738712,738787
P000160,739575,739615
P000160,740289,740322
P000160,740782,740823
P000160,741347,741432
P000160,741668,741708
P000160,742546,742588
P000160,744716,744799
P000160,745285,745326
P000160,745900,745929
P000160,746188,746218
P000160,746448,746477
P000160,746988,747062
P000160,747485,747522
P000160,747642,747683
P000160,747823,747864
P000160,747987,748025
P000160,748159,748202
P000160,748487,748528
P000160,748763,748809
P000160,749170,749241
P000160,749507,749524
P000160,749658,749798
P000160,750260,750499
P000160,750965,751013
P000160,751763,752102
P000160,752452,752485
P000160,753115,753137
P000160,754084,754171
P000160,754800,754837
P000160,755412,755452
P000160,755716,755870
P000160,756223,756348
P000160,756949,756980
P000160,757492,757516
P000160,757762,757790
P000160,758166,758197
P000160,759128,759155
P000160,759330,759383
P000160,760034,760056
P000160,760467,760530
P000160,761501,761539
P000160,761740,761780
P000160,762020,762087
P000160,762300,762663
P000160,763437,763491
P000160,763856,763917
P000160,764075,764095
P000160,764339,764360
P000160,764541,764569
P000160,764750,764769
P000160,764951,765025
P000160,765563,765592
P000160,765820,765849
P000160,766182,766207
P000160,766473,766506
P000160,767161,767188
P000160,768060,768094
P000160,769469,769689
P000160,770288,770327
P000160,770733,770766
P000160,771587,771653
P000160,771959,771995
P000160,772278,772359
P000160,772752,772794
P000160,773508,773552
P000160,774015,774073
P000160,775192,775215
P000160,775562,775610
P000160,777363,777430
P000160,777733,777750
P000160,777857,777933
P000160,778469,778506
P000160,779020,779063
P000160,779567,779618
P000161,38919,39038
P000161,42797,42896
P000161,44182,44306
P000161,50699,50795
P000161,60396,60490
P000161,133513,133547
P000161,137626,137656
P000161,138887,139055
P000161,142023,142076
P000161,143040,143074
P000161,145290,145320
P000161,147755,147838
P000161,148855,148908
P000161,149275,149345
P000161,149605,149646
P000161,149921,149961
P000161,150779,150865
P000161,151991,152052
P000161,152738,152790
P000161,153275,153316
P000161,155102,155126
P000161,156141,156175
P000161,158036,158077
P000161,158700,158750
P000161,159461,159618
P000161,160363,160403
P000161,161971,162014
P000161,162834,162883
P000161,163435,163467
P000161,164017,164024
P000161,164530,164568
P000161,165104,165124
P000161,165880,165914
P000161,166362,166398
P000161,167634,167738
P000161,168701,168811
P000161,169528,169564
P000161,170290,170330
P000161,170857,170901
P000161,172455,172488
P000161,172800,172867
P000161,173365,173400
P000161,175148,175208
P000161,177210,177418
P000161,179898,179994
P000161,181784,181840
P000161,183399,183438
P000161,184698,184742
P000161,185396,185437
P000161,186745,186817
P000161,188467,188515
P000161,189081,189206
P000161,189874,189913
P000161,190578,190649
P000161,191597,191677
P000161,192274,192326
P000161,193078,193120
P000161,194005,194042
P000161,194741,194799
P000161,195237,195292
P000161,195875,195948
P000161,196552,196649
P000161,198042,198081
P000161,198940,198985
P000161,199249,199284
P000161,199687,199715
P000161,200323,200358
P000161,201723,201746
P000161,202291,202312
P000161,202997,203034
P000161,203869,203983
P000161,204725,204842
P000161,205431,205465
P000161,205989,206014
P000161,207110,207142
P000161,207908,207939
P000161,208641,208670
P000161,209187,209213
P000161,209982,210018
P000161,210652,210698
P000161,211568,211652
P000161,214076,214121
P000161,214438,214578
P000161,215438,215491
P000161,216685,216739
P000161,217662,217735
P000161,218499,218560
P000161,218952,219036
P000161,219600,219691
P000161,220338,220413
P000161,221188,221259
P000161,221808,221849
P000161,222569,222613
P000161,223292,223338
P000161,223976,223998
P000161,224510,224578
P000161,225082,225104
P000161,225992,226031
P000161,226708,226761
P000161,228311,228341
P000161,229179,229272
P000161,230186,230233
P000161,230271,230311
P000161,230949,230965
P000161,231391,231420
P000161,232516,232547
P000161,232935,232955
P000161,235448,235525
P000161,236173,236219
P000161,237374,237398
P000161,238503,238546
P000161,240510,240560
P000161,240892,240925
P000161,242067,242115
P000161,242505,242550
P000161,243401,243435
P000161,245174,245672
P000161,246298,246388
P000161,249461,249551
P000161,251959,252015
P000161,254605,254665
P000161,255248,255424
P000161,256914,256976
P000161,258329,258348
P000161,260161,260216
P000161,263599,263862
P000161,266193,266232
P000161,267825,267853
P000161,268440,268482
P000161,269261,269484
P000161,270562,270859
P000161,271855,271900
P000161,273480,273516
P000161,274574,274596
P000161,275136,275397
P000161,277382,277407
P000161,282113,282499
P000161,287467,287496
P000161,288997,289029
P000161,291539,291569
P000161,293392,293415
P000161,293816,293837
P000161,294298,294625
P000161,295581,295619
P000161,296030,296074
P000161,297897,297959
P000161,299768,299814
P000161,300650,300812
P000161,303069,303110
P000161,303787,303815
P000161,304466,304553
P000161,305730,305802
P000161,307010,307036
P000161,308789,308918
P000161,309517,309555
P000161,309792,309821
P000161,310281,310325
P000161,311285,311321
P000161,311977,312023
P000161,312489,312511
P000161,314102,314141
P000161,315326,315359
P000161,316111,316157
P000161,316883,316907
P000161,317428,317463
P000161,318606,318726
P000161,319503,319525
P000161,320907,320940
P000161,322198,322229
P000161,323481,323509
P000161,324111,324201
P000161,325113,325147
P000161,325954,326012
P000161,326569,326595
P000161,327980,328030
P000161,328376,328399
P000161,329314,329338
P000161,330313,330341
P000161,332320,332357
P000161,334260,334298
P000161,335188,335250
P000161,336429,336449
P000161,338370,338409
P000161,339505,339546
P000161,340116,340142
P000161,341183,341254
P000161,341557,341597
P000161,342072,342104
P000161,343726,343767
P000161,345214,345265
P000161,345758,345796
P000161,346261,346311
P000161,346833,346877
P000161,347867,347947
P000161,349274,349419
P000161,350165,350189
P000161,351178,351206
P000161,351983,352019
P000161,352850,352897
P000161,354059,354120
P000161,355046,355075
P000161,356957,356985
P000161,358371,358428
P000161,359485,359546
P000161,360754,360780
P000161,361511,361686
P000161,363925,363950
P000161,365024,365063
P000161,366238,366315
P000161,367172,367208
P000161,367900,367929
P000161,368275,368314
P000161,369883,369914
P000161,371269,371301
P000161,371949,371990
P000161,372682,372712
P000161,373637,373684
P000161,374323,374408
P000161,375805,375844
P000161,376678,376729
P000161,377815,377863
P000161,378124,378171
P000161,379235,379304
P000161,380063,380086
P000161,380749,380783
P000161,381405,381614
P000161,382397,382460
P000161,384623,384668
P000161,385428,385503
P000161,386340,386380
P000161,426774,426878
P000161,436108,436463
P000161,438105,438153
P000161,439381,439457
P000161,441001,441057
P000161,442173,442211
P000161,444022,444063
P000161,444773,444870
P000161,447059,447101
P000161,448190,448275
P000161,449345,449375
P000161,450004,450034
P000161,450664,450704
P000161,451384,451517
P000161,453074,453293
P000161,453943,453977
P000161,454267,454313
P000161,454876,454906
P000161,455682,455727
P000161,456234,456278
P000161,457579,457677
P000161,458322,458352
P000161,458908,458942
P000161,460158,460203
P000161,461556,461618
P000161,462619,462652
P000161,463758,463799
P000161,464635,464663
P000161,465793,465816
P000161,466672,466700
P000161,467439,467476
P000161,468367,468478
P000161,469265,469302
P000161,469713,469746
P000161,470653,470708
P000161,471214,471248
P000161,471999,472123
P000161,473304,473346
P000161,474118,474149
P000161,474484,474498
P000161,475173,475209
P000161,475596,475633
P000161,476382,476409
P000161,476906,477151
P000161,477361,477392
P000161,478657,478688
P000161,479430,479487
P000161,480328,480356
P000161,480692,480727
P000161,482232,482301
P000161,482873,482935
P000161,483510,483523
P000161,484038,484075
P000161,485440,485505
P000161,485751,485776
P000161,486447,486470
P000161,486991,487123
P000161,488082,488114
P000161,488668,488711
P000161,489327,489415
P000161,489680,489714
P000161,490455,490484
P000161,491493,491526
P000161,492030,492066
P000161,492415,492446
P000161,493211,493309
P000161,494013,494046
P000161,494351,494384
P000161,494980,495067
P000161,495433,495462
P000161,495818,495849
P000161,496098,496130
P000161,496775,496863
P000161,497253,497277
P000161,497531,497626
P000161,498202,498238
P000161,498735,498755
P000161,499377,499581
P000161,500182,500206
P000161,500586,500606
P000161,500833,500908
P000161,501404,501448
P000161,502204,502253
P000161,503059,503091
P000161,503338,503357
P000161,503915,503951
P000161,504542,504582
P000161,505024,505157
P000161,505785,505818
P000161,505969,505992
P000161,506346,506406
P000161,507180,507223
P000161,508696,508735
P000161,510697,510745
P000161,511332,511376
P000161,511896,511929
P000161,512380,512414
P000161,512943,513023
P000161,513356,513394
P000161,513945,513985
P000161,514390,514431
P000161,514922,514951
P000161,515374,515534
P000161,515973,516020
P000161,516692,516763
P000161,517277,517305
P000161,517959,518041
P000161,518645,518721
P000161,519066,519211
P000161,519704,519752
P000161,520359,520411
P000161,520601,520651
P000161,521132,521183
P000161,521675,521727
P000161,522329,522363
P000162,7300,7329
P000162,8111,8245
P000162,10530,10565
P000162,11212,11235
P000162,12663,13020
P000162,15451,15492
P000162,29754,29793
P000162,38541,38747
P000162,42353,42383
P000162,50250,50398
P000162,57369,57712
P000162,64299,64418
P000162,70497,70523
P000162,70743,70788
P000162,76263,76290
P000162,76401,76545
P000162,85296,85334
P000162,97222,97294
P000162,119161,119265
P000162,119681,119890
P000162,126151,126182
P000162,130823,130849
P000162,131463,131705
P000162,141232,141316
P000162,151905,151928
P000162,157034,157101
P000162,160810,160893
P000162,162351,162372
P000162,169835,169861
P000162,175461,175489
P000162,189911,189930
P000162,190147,190171
P000162,190252,190278
P000162,190711,190727
P000162,190946,190973
P000164,3550,3646
P000164,3659,3774
P000164,5212,5364
P000164,8148,8198
P000164,11819,11854
P000164,13430,13569
P000164,14750,14770
P000164,17963,18267
P000164,23624,23638
P000164,24584,24597
P000164,25663,25675
P000164,29760,29786
P000164,29884,30002
P000164,32686,32712
P000164,35102,35317
P000164,35333,35534
P000164,36084,36101
P000164,36486,36503
P000164,36819,36835
P000164,37193,37221
P000164,38771,38828
P000164,39411,39580
P000164,40307,40330
P000164,40777,40803
P000164,41055,41080
P000164,42842,42875
P000164,44065,44322
P000164,45798,45811
P000164,46250,46264
P000164,46588,46600
P000164,47034,47060
P000164,47512,47564
P000164,48458,48563
P000164,48907,49112
P000164,57348,57384
P000164,58570,58594
P000164,59499,59524
P000164,60281,60306
P000164,60638,60653
P000164,61457,61500
P000164,62778,62901
P000164,63685,64081
P000164,66600,66630
P000164,68452,68488
P000164,69342,69375
P000164,70523,70747
P000164,72500,72526
P000164,73170,73416
P000164,74483,74522
P000164,75254,75285
P000164,75839,75880
P000164,77088,77110
P000164,78314,78342
P000164,80968,81083
P000164,83800,83823
P000164,84818,84978
P000164,86338,86389
P000164,87080,87096
P000164,87684,87715
P000164,87815,87844
P000164,88210,88237
P000164,88435,88452
P000164,88717,88880
P000164,89792,89851
P000164,90236,90252
P000164,90825,90842
P000164,90997,91016
P000164,92450,92462
P000164,92544,92561
P000164,92914,92930
P000164,93226,93454
P000164,95814,95843
P000164,96739,96763
P000164,97865,97895
P000164,98662,98687
P000164,100362,100388
P000164,101656,101686
P000164,103781,103838
P000164,105442,105503
P000164,107270,107623
P000164,113738,113794
P000164,116457,116514
P000164,117193,117221
P000164,118644,118676
P000164,119814,119857
P000164,127263,127386
P000164,127569,127798
P000164,128659,128749
P000164,129684,129710
P000164,133370,133402
P000164,135784,135934
P000164,136023,136040
P000164,136286,136352
P000164,136466,136483
P000164,136615,136634
P000164,136743,136771
P000164,139483,139510
P000164,139926,139954
P000164,147870,148032
P000164,148357,148548
P000164,149406,149423
P000164,149808,149824
P000164,150737,150752
P000164,151578,151592
P000164,152155,152582
P000164,153051,153170
P000164,153840,153996
P000164,154753,154839
P000164,155222,155674
P000164,157039,157098
P000164,159933,159980
P000164,163311,163361
P000164,168497,168658
P000164,169397,169431
P000164,169525,169659
P000164,171107,171198
P000164,171931,171959
P000164,174292,174639
P000164,175272,175371
P000164,176578,176595
P000164,177899,177927
P000164,179856,179959
P000164,184008,184099
P000164,184898,184916
P000164,187161,187238
P000164,195196,195217
P000164,195797,195832
P000164,196964,196987
P000164,197300,197320
P000164,197858,198152
P000164,202002,202042
P000164,203096,203127
P000164,203948,203983
P000164,205053,205093
P000164,205787,205898
P000164,208265,208297
P000164,208499,208512
P000164,209210,209309
P000164,210225,210249
P000164,210634,210650
P000164,211590,211606
P000164,213123,213140
P000164,214081,214152
P000164,216648,216691
P000164,220915,220940
P000164,221220,221243
P000164,221658,221680
P000164,222061,222090
P000164,222411,222438
P000164,222935,222959
P000164,223341,223359
P000164,223850,223867
P000164,224262,224298
P000164,225469,225492
P000164,226017,226040
P000164,226791,226981
P000164,227512,227781
P000164,228960,229110
P000164,229532,229566
P000164,230315,230350
P000164,234641,234724
P000164,235186,235205
P000164,240761,240783
P000164,241445,241530
P000164,242026,242171
P000164,242504,242540
P000164,243694,243722
P000164,244680,244841
P000164,245001,245018
P000164,245404,245432
P000164,245571,245586
P000164,245769,245785
P000164,246713,246777
P000164,247535,247617
P000164,249589,249660
P000164,249858,249962
P000164,250341,250378
P000164,252543,252566
P000164,253192,253309
P000164,254776,254854
P000164,256460,256476
P000164,260400,260476
P000164,261148,261166
P000164,263668,263793
P000164,264160,264280
P000164,268539,268575
P000164,269191,269335
P000164,269690,269875
P000164,271959,272060
P000164,272872,273052
P000164,274867,274939
P000164,280321,280386
P000164,283574,283607
P000164,285109,285286
P000164,285749,285906
P000164,287684,287869
P000164,288572,288590
P000164,291056,291076
P000164,294044,294124
P000164,294289,294317
P000164,296847,297055
P000164,300392,300421
P000164,301792,301930
P000164,302252,302270
P000164,304885,305040
P000164,306064,306094
P000164,306381,306416
P000164,309285,309541
P000164,311932,312003
P000164,312525,312602
P000164,312820,312835
P000164,315133,315210
P000164,316796,316814
P000164,318068,318199
P000164,318429,318532
P000164,319360,319385
P000164,320182,320227
P000164,322470,322619
P000164,323413,323559
P000164,323891,324012
P000164,327389,327436
P000164,328390,328399
P000164,328743,328900
P000164,332211,332281
P000164,332523,332541
P000164,333954,333968
P000164,334484,334515
P000164,335822,335847
P000164,338270,338296
P000164,340012,340045
P000164,342324,342507
P000164,344202,344426
P000164,345881,345906
P000164,346395,346424
P000164,346952,346982
P000164,347338,347462
P000164,348633,348670
P000164,350310,350456
P000164,351647,351818
P000164,354755,354777
P000164,355186,355204
P000164,355857,355957
P000164,356254,356563
P000164,357495,357539
P000164,358226,358275
P000164,359046,359124
P000164,360782,360805
P000164,362097,362128
P000164,363754,363964
P000164,365206,365259
P000164,367062,367133
P000164,368779,368815
P000164,370016,370104
P000164,371576,371787
P000164,373561,373607
P000164,374269,374285
P000164,374942,374959
P000164,375339,375357
P000164,375765,376130
P000164,379482,379523
P000164,380756,380841
P000164,382194,382252
P000164,382863,382947
P000164,385179,385257
P000164,386927,386959
P000164,388485,388565
P000164,389149,389203
P000164,389787,389983
P000164,391962,391998
P000164,396122,396213
P000164,397100,397177
P000164,397650,397666
P000164,398154,398180
P000164,399976,400101
P000164,401010,401097
P000164,402290,402405
P000164,404224,404250
P000164,405785,405811
P000164,406509,406529
P000164,407600,407688
P000164,407962,408104
P000164,408502,408561
P000164,409570,409702
P000164,410315,410342
P000164,411238,411323
P000164,412229,412247
P000164,415307,415446
P000164,416390,416523
P000164,417201,417257
P000164,418215,418336
P000164,418992,419008
P000164,419895,419948
P000164,420775,420919
P000164,421341,421359
P000164,425267,425285
P000164,426156,426187
P000164,427475,427520
P000164,431205,431296
P000164,432145,432163
P000164,432935,433211
P000164,434189,434234
P000164,435122,435162
P000164,436056,436097
P000164,437352,437382
P000164,438598,438633
P000164,440621,440770
P000164,446817,446856
P000164,448664,448858
P000164,449855,450181
P000164,450800,450832
P000164,461807,461834
P000164,462234,462381
P000164,464064,464111
P000167,976,1010
P000167,1373,1427
P000167,1644,1689
P000167,1967,2082
P000167,3788,3808
P000167,4259,4281
P000167,4630,4654
P000167,4885,4925
P000167,5300,5341
P000167,5742,5758
P000167,6101,6144
P000167,6612,6634
P000167,7474,7524
P000167,7898,7918
P000167,8239,8397
P000167,8558,8612
P000168,1614,2004
P000168,2984,3250
P000168,7284,7455
P000168,20220,20244
P000168,36970,37195
P000168,49093,49136
P000168,63249,63489
P000168,79559,79616
P000168,81891,81952
P000168,84055,84335
P000168,102772,102828
P000168,103371,103438
P000168,106936,107005
P000168,108861,108965
P000168,114439,114704
P000168,119460,119528
P000168,121868,121947
P000168,127391,127422
P000169,4608,4625
P000169,13260,13331
P000169,14326,14506
P000169,15531,15544
P000169,16230,16245
P000169,20356,20440
P000169,22782,22801
P000169,24306,24598
P000169,27660,27689
P000169,29372,29399
P000169,30869,30892
P000169,32956,33495
P000169,35695,35722
P000169,37310,37655
P000169,39201,39240
P000169,39896,40306
P000169,41058,41103
P000169,41854,41936
P000169,42653,42724
P000169,43392,43461
P000169,43803,43849
P000169,45797,45942
P000169,50568,50596
P000169,51682,51816
P000169,52600,52796
P000169,56383,56440
P000169,58673,58722
P000169,65133,65146
P000169,65272,65789
P000169,67903,67948
P000169,72793,72824
P000169,73906,74042
P000169,77996,78028
P000169,84741,84775
P000169,88720,88748
P000169,89888,89920
P000169,90425,90452
P000169,94362,94395
P000169,96503,96646
P000169,97329,97345
P000169,97636,97853
P000169,101708,101962
P000169,106494,106521
P000169,112802,112913
P000169,113209,113359
P000169,132833,132857
P000169,140088,140128
P000169,150036,150062
P000169,150870,150883
P000169,151050,151555
P000169,154470,154514
P000169,156141,156193
P000169,156794,156837
P000169,159383,159541
P000169,162611,162635
P000169,164085,164118
P000169,165928,165976
P000169,168553,168580
P000169,171788,171908
P000169,177692,177729
P000169,178671,178895
P000169,185519,185809
P000169,193375,193384
P000169,194668,194874
P000169,197588,197597
P000169,200081,200090
P000169,203856,204057
P000169,208718,208762
P000169,212744,212789
P000169,219322,219658
P000169,221470,221634
P000169,225668,225709
P000169,231065,231110
P000169,233566,233695
P000169,234118,234243
P000169,236597,236629
P000169,239055,239389
P000169,244956,244992
P000169,253063,253267
P000169,258539,258579
P000169,265255,265407
P000169,266319,266337
P000169,270249,270301
P000169,273179,273331
P000169,278980,279009
P000169,279782,279795
P000169,279900,280098
P000169,286746,286850
P000169,287690,288185
P000169,292509,292546
P000169,298532,298576
P000169,305352,305401
P000169,310820,310877
P000169,315603,315633
P000169,321863,322091
P000169,323515,323585
P000169,333206,333460
P000169,337009,337067
P000169,343392,343455
P000169,346566,346802
P000169,347437,347587
P000169,347887,348057
P000169,348995,349247
P000169,354990,355042
P000169,356549,356614
P000169,364047,364124
P000169,364488,364679
P000169,372828,372903
P000169,374744,374880
P000169,376672,376708
P000169,380152,380193
P000169,381517,381539
P000169,383413,383434
P000169,383863,383977
P000169,387286,387318
P000169,387989,388002
P000169,388115,388346
P000169,389425,389496
P000169,390176,390500
P000169,392026,392084
P000169,398132,398193
P000169,402591,402635
P000169,408618,408703
P000169,409389,409678
P000169,411646,411685
P000169,421346,421384
P000169,424711,424756
P000169,429130,429161
P000169,431765,431936
P000169,432997,433192
P000169,434457,434587
P000169,447703,447712
P000169,448978,448998
P000169,449320,449443
P000169,450798,451127
P000169,453884,453915
P000169,455341,455386
P000169,459574,459623
P000169,462047,462155
P000169,462484,462669
P000169,467273,467321
P000169,468742,468787
P000169,472118,472249
P000169,478667,478768
P000169,480928,480952
P000169,486125,486169
P000169,487542,487555
P000169,487663,487834
P000169,490166,490490
P000169,490924,490957
P000169,493475,493517
P000169,498947,499253
P000169,501081,501113
P000169,507767,507807
P000169,517501,517538
P000169,521497,521538
P000169,524630,524768
P000169,537185,537224
P000169,538891,539160
P000169,542067,542243
P000169,548088,548124
P000169,549302,549520
P000169,552722,552774
P000169,554036,554079
P000169,557621,557946
P000169,560653,560689
P000169,561565,561608
P000169,562328,562506
P000169,566799,566833
P000169,569413,569450
P000169,569879,569907
P000169,571805,571948
P000169,572873,572910
P000169,573579,573667
P000169,574050,574232
P000169,577277,577316
P000169,577690,577742
P000169,578516,578682
P000169,580923,581318
P000169,582996,583142
P000169,587576,587671
P000169,591363,591394
P000169,595249,595268
P000169,596384,596438
P000169,597620,597665
P000169,600459,600642
P000169,601898,601965
P000169,611728,611741
P000169,611858,612002
P000169,620492,620858
P000169,673709,673750
P000169,674883,674930
P000169,678374,678417
P000169,684071,684240
P000169,685118,685140
P000169,685252,685288
P000169,685409,685448
P000170,1261,1555
P000170,1585,1619
P000170,4119,4279
P000170,6260,6408
P000170,6498,6621
P000170,6724,6766
P000170,7008,7157
P000170,7835,7870
P000170,10461,10599
P000170,10662,10728
P000170,17585,17673
P000170,17956,17975
P000170,18205,18224
P000170,18360,18401
P000170,19189,19220
P000170,20029,20088
P000170,22923,23021
P000170,23335,23354
P000170,23489,23526
P000170,25199,25309
P000170,25349,25541
P000170,25581,25619
P000170,25889,26071
P000170,26540,26582
P000170,27776,28072
P000170,28802,28819
P000170,30117,30180
P000170,30356,30427
P000170,30601,30609
P000170,30876,31051
P000170,31356,31399
P000170,31538,31580
P000170,31722,31764
P000170,34338,34541
P000170,34993,35020
P000170,35338,35385
P000170,37303,37429
P000170,37854,37894
P000170,39457,39466
P000170,40017,40155
P000170,69868,69955
P000170,70363,70381
P000170,70520,70620
P000170,73462,73478
P000170,74594,74610
P000170,75975,76083
P000170,76312,76402
P000170,87508,87546
P000170,89156,89174
P000170,98508,98671
P000170,99314,99536
P000170,99608,99639
P000170,101065,101114
P000170,110506,110535
P000170,122602,122644
P000170,131531,131566
P000170,131650,131676
P000170,132920,132955
P000170,133058,133083
P000170,133609,133696
P000170,138725,138762
P000170,139557,139674
P000170,139724,139745
P000170,139900,139928
P000170,140052,140096
P000170,146813,146837
P000170,147062,147083
P000170,149699,149721
P000170,162443,162467
P000170,196361,196390
P000171,307700,307871
P000171,318281,318362
P000171,320330,320352
P000171,323103,323131
P000171,324047,324099
P000171,332877,332937
P000171,333769,333790
P000171,334332,334355
P000171,335529,335547
P000171,336509,336529
P000171,337814,337835
P000171,338423,338466
P000171,339151,339194
P000171,339922,339977
P000171,341138,341169
P000171,341955,341983
P000171,342373,342403
P000171,342866,342893
P000171,370919,371000
P000171,371965,371997
P000171,388136,388150
P000171,388854,389020
P000171,389689,389710
P000171,390422,390449
P000171,391549,391585
P000171,393013,393235
P000171,398139,398215
P000171,398366,398406
P000171,398659,398703
P000171,399188,399230
P000171,399649,399694
P000171,402372,402488
P000172,8236,9185
P000172,9482,9510
P000172,11302,11485
P000172,11629,11667
P000172,11822,11874
P000172,12252,12532
P000172,12622,12639
P000172,12758,12832
P000172,12925,12942
P000172,13068,13130
P000172,13219,13236
P000172,13366,13676
P000172,13806,13823
P000172,13921,14023
P000172,14165,14182
P000172,14230,14331
P000172,14469,14486
P000172,14532,14576
P000172,15240,16021
P000172,16200,16217
P000172,16287,16355
P000172,16530,16547
P000172,16585,16725
P000172,16926,16943
P000172,17026,17114
P000172,17314,17331
P000172,17445,17595
P000172,17789,17862
P000172,17966,17983
P000172,18097,18173
P000172,18280,18297
P000172,18433,18595
P000172,18799,18816
P000172,18897,18995
P000172,19204,19221
P000172,19309,19471
P000172,19658,19673
P000172,20310,20341
P000172,20453,20528
P000172,20716,20731
P000172,21108,21315
P000172,21428,21445
P000172,21590,21675
P000172,21784,21799
P000172,22682,22764
P000172,22951,22966
P000172,24261,24514
P000172,24677,24720
P000172,24859,24905
P000172,25010,25069
P000172,25199,25235
P000172,26008,26114
P000172,26308,26326
P000172,26581,26640
P000172,26760,26893
P000172,26983,27000
P000172,27272,27354
P000172,27442,27453
P000172,27540,27611
P000172,27727,27738
P000172,27791,27861
P000172,28040,28051
P000172,28656,28729
P000172,29275,29290
P000172,29971,30162
P000172,30381,30392
P000172,30882,30967
P000172,31253,31264
P000172,31899,31970
P000172,32234,32251
P000172,32304,32378
P000172,32485,32500
P000172,33530,33604
P000172,33793,33963
P000172,34236,34405
P000172,34519,34558
P000172,34672,34709
P000172,34839,34903
P000172,34978,34993
P000172,35469,35549
P000172,35858,35876
P000172,35951,36026
P000172,36103,36114
P000172,37004,37344
P000172,37429,37439
P000172,37573,37697
P000172,39139,39154
P000172,40562,40654
P000172,40823,40840
P000172,40926,40982
P000172,41772,41824
P000172,42044,42092
P000172,42719,42769
P000172,44321,44392
P000172,44580,44591
P000172,45139,45266
P000172,47545,47703
P000172,47972,48044
P000172,48160,48171
P000172,48542,48603
P000172,48685,48696
P000172,49019,49146
P000172,49457,49625
P000172,49627,49645
P000172,49790,49801
P000172,49873,49952
P000172,50101,50112
P000172,50416,50596
P000172,50699,50885
P000172,51013,51207
P000172,51378,51393
P000172,53360,53453
P000172,53628,54100
P000172,54272,54340
P000172,54532,54606
P000172,54785,54858
P000172,55046,55503
P000172,55696,55743
P000172,55908,56082
P000172,56243,56290
P000172,56466,56628
P000172,56782,56824
P000172,57079,57171
P000172,57312,57323
P000172,59218,59414
P000172,59641,59733
P000172,59820,59837
P000172,59932,59952
P000172,60042,60078
P000172,60168,60199
P000172,60500,60529
P000172,62724,62987
P000172,64657,64682
P000172,64789,64970
P000172,65068,65085
P000172,65173,65263
P000172,65362,65379
P000172,67691,67757
P000172,67826,67936
P000172,68015,68090
P000172,68190,68275
P000172,68308,68326
P000172,68361,68393
P000172,68507,68591
P000172,68699,68725
P000172,68924,69006
P000172,69106,69132
P000172,69419,69505
P000172,69588,69614
P000172,69894,70027
P000172,70415,70439
P000172,71760,71795
P000173,2260,2522
P000173,7043,7067
P000173,9632,10383
P000173,13237,13256
P000173,14570,14588
P000173,17539,17661
P000173,17972,18618
P000173,22067,22273
P000173,25448,25490
P000173,26320,26360
P000173,27428,27695
P000173,28963,28992
P000173,29298,29334
P000173,30039,30076
P000173,30473,30516
P000173,31220,31248
P000173,36094,36125
P000173,36747,36822
P000173,39525,39563
P000173,42534,42571
P000173,46391,46417
P000173,49043,49086
P000173,50120,50164
P000173,55630,55679
P000173,61907,62139
P000173,65758,66997
P000173,71908,71953
P000173,78150,78346
P000173,79714,79764
P000173,81498,81541
P000173,83353,83813
P000173,85509,85573
P000173,87055,87117
P000173,88419,88525
P000173,89975,90171
P000173,93241,93405
P000173,93960,93996
P000173,94440,94474
P000173,97462,97504
P000175,1158,1241
P000175,1733,1750
P000175,10721,10743
P000175,20024,20054
P000175,22993,23166
P000175,27805,27828
P000175,28468,28485
P000175,28677,29063
P000175,29760,29900
P000175,30517,30537
P000175,30808,30875
P000175,31890,31946
P000175,32228,32291
P000175,34352,34370
P000175,34847,34911
P000175,36066,36084
P000175,37537,37568
P000175,38019,38206
P000175,40594,40679
P000175,41425,41458
P000175,41755,41861
P000175,43128,43174
P000175,43771,43795
P000175,43949,44270
P000175,45607,45641
P000175,46940,47226
P000175,47793,47811
P000175,48307,48355
P000175,50368,50405
P000175,51101,51136
P000175,51488,51884
P000175,52313,52338
P000175,53225,53358
P000175,54290,54322
P000175,54582,54615
P000175,55518,55613
P000175,55961,56069
P000175,56757,56792
P000175,57520,57540
P000175,58053,58320
P000175,61208,61244
P000175,62827,62968
P000175,66009,66151
P000175,67590,67629
P000175,70236,70337
P000175,71918,71945
P000175,73052,73209
P000175,74153,74427
P000175,75820,75866
P000175,76424,76469
P000175,76672,76693
P000175,76823,76852
P000175,78033,78071
P000175,78951,78988
P000175,79776,80059
P000175,80878,80924
P000175,81706,81749
P000175,82416,83068
P000175,83871,84085
P000175,84383,84423
P000175,84718,84753
P000175,85295,85363
P000175,90459,90635
P000175,91270,91320
P000175,91538,91742
P000175,91934,91966
P000175,92663,92701
P000175,93095,93138
P000175,93413,93585
P000175,93807,93853
P000175,94116,94157
P000175,94679,94718
P000175,95052,95083
P000175,95547,95743
P000175,97899,97922
P000175,98253,98382
P000175,98741,98772
P000175,99541,99741
P000175,100908,100953
P000175,101239,101360
P000175,101685,101724
P000175,103709,104039
P000175,104609,104627
P000175,105154,105290
P000175,105913,105951
P000175,106516,106551
P000175,107069,107227
P000175,107892,107948
P000175,108505,108949
P000175,109524,109583
P000175,109972,109984
P000175,110488,110700
P000175,111542,111576
P000175,112688,112935
P000175,113269,113302
P000175,114230,114266
P000175,114699,114729
P000175,115330,115661
P000175,116729,116760
P000175,117572,117602
P000175,117807,117849
P000175,118580,118739
P000175,119070,119178
P000175,119598,119625
P000175,120124,120169
P000175,121643,121778
P000175,122726,122772
P000175,123426,123472
P000175,124087,124119
P000175,124757,124905
P000175,125144,125175
P000175,126632,126682
P000175,127358,127532
P000175,128196,128233
P000175,129045,129382
P000175,129935,129987
P000175,130441,130478
P000175,131132,131165
P000175,131730,131804
P000175,133092,133453
P000175,135727,135757
P000175,136782,136834
P000175,137755,137921
P000175,138760,138811
P000175,139639,139894
P000175,141442,141469
P000175,142858,142896
P000175,146223,146257
P000175,146668,146840
P000175,148160,148202
P000175,148857,149007
P000175,149811,149846
P000175,152107,152191
P000175,152533,152551
P000175,153188,153554
P000175,154469,154586
P000175,156413,156447
P000175,158739,158758
P000175,158962,159060
P000175,159857,159877
P000175,160485,160714
P000175,161573,161723
P000175,162086,162172
P000175,162758,162784
P000175,163210,163600
P000175,167682,167772
P000175,168269,168312
P000175,168578,168752
P000175,170139,170171
P000175,171350,171456
P000175,172379,172397
P000175,173238,173265
P000175,174113,174134
P000175,174866,174920
P000175,175479,176001
P000175,176956,176967
P000175,177254,177363
P000175,177622,177649
P000175,178115,178260
P000175,178896,179087
P000175,179962,180003
P000175,180454,180497
P000175,180887,181114
P000175,181997,182047
P000175,182387,182419
P000175,183203,183223
P000175,183861,183902
P000175,184799,184989
P000175,185646,185927
P000175,186386,186413
P000175,186822,186860
P000175,187872,187921
P000175,188750,188782
P000175,189314,189420
P000175,190136,190156
P000175,191733,191842
P000175,192423,192449
P000175,193871,194040
P000175,194353,194372
P000175,194590,194613
P000175,194670,194795
P000175,196924,197408
P000175,198852,198931
P000175,199939,200166
P000175,200331,200365
P000175,200766,200800
P000175,201430,201545
P000175,202082,202111
P000175,202626,202651
P000175,204361,204435
P000175,205176,205195
P000175,205659,205829
P000175,206765,206804
P000175,207916,207955
P000175,209556,209654
P000175,209737,209758
P000175,211662,211936
P000175,212732,212875
P000175,213809,213841
P000175,214300,214344
P000175,215054,215238
P000175,216097,216126
P000175,217823,217873
P000175,218646,218815
P000175,219727,219758
P000175,220587,220620
P000175,221481,221766
P000175,221768,221817
P000175,231075,231252
P000175,232023,232122
P000175,232834,232877
P000175,234259,234293
P000175,236108,236133
P000175,237893,237921
P000175,238496,238639
P000175,238685,238723
P000175,239322,239698
P000175,240642,240680
P000175,245089,245120
P000175,245998,246033
P000175,246980,247014
P000175,247730,247760
P000175,248653,248760
P000175,250292,250315
P000175,252501,252767
P000175,252769,252966
P000175,254518,254546
P000175,255105,255220
P000175,255538,255678
P000175,257829,257854
P000175,258463,258489
P000175,258561,258732
P000175,258935,258956
P000175,259943,259962
P000175,260167,260199
P000175,260373,260405
P000175,261087,261382
P000175,261781,261821
P000175,263145,263173
P000175,263999,264073
P000175,265409,265423
P000175,265779,265813
P000175,266538,266575
P000175,267221,267450
P000175,267481,267644
P000175,268705,268728
P000175,269368,269390
P000175,269885,269906
P000175,270739,270774
P000175,271478,271746
P000175,272722,272760
P000175,273443,273495
P000175,274298,274477
P000175,275244,275293
P000175,275951,275992
P000175,276322,276478
P000175,276480,276583
P000175,277739,277782
P000175,278306,278370
P000175,279781,280097
P000175,281165,281206
P000175,281948,282027
P000175,283979,283995
P000175,284295,284480
P000175,284663,284691
P000175,286202,286239
P000175,286561,286745
P000175,287398,287425
P000175,288011,288044
P000175,288915,289042
P000175,289457,289591
P000175,290131,290164
P000175,290606,290627
P000175,290844,291046
P000175,291083,291140
P000175,291778,292059
P000175,292748,292792
P000175,294037,294208
P000175,295450,295578
P000175,295939,295972
P000175,296407,296603
P000175,297058,297293
P000175,297445,297494
P000175,297627,297677
P000175,297864,297913
P000175,298067,298087
P000175,298516,298559
P000175,299035,299071
P000175,299815,299935
P000175,300433,300456
P000175,301030,301127
P000175,301637,301663
P000175,303349,303533
P000175,307052,307128
P000175,307743,307809
P000175,308365,308440
P000175,309396,309512
P000175,310711,310733
P000175,311892,312631
P000175,313336,313388
P000175,314428,314493
P000175,315172,315229
P000175,317364,317820
P000175,318663,318780
P000175,320247,320312
P000175,323445,323534
P000175,324830,325235
P000175,326396,326483
P000175,327329,327414
P000175,328151,328218
P000175,329234,329491
P000175,330350,330436
P000175,331357,332088
P000175,333450,333521
P000175,334328,334398
P000175,335094,335156
P000175,335772,335851
P000175,336839,336913
P000175,337766,337854
P000175,340673,340743
P000175,341780,342104
P000175,344210,344722
P000175,345553,345647
P000175,346647,346733
P000175,347990,348127
P000175,349210,349276
P000175,350375,350633
P000175,351290,351385
P000175,352282,352534
P000175,353045,353115
P000175,354610,354696
P000175,356109,356154
P000175,356865,356962
P000175,357439,357467
P000177,533,568
P000177,716,1066
P000177,1944,1978
P000177,2992,4193
P000177,4805,4851
P000177,5096,5142
P000177,5689,5878
P000177,6833,7032
P000177,7387,7408
P000177,9182,9275
P000177,11497,11536
P000177,12429,12614
P000177,15851,15989
P000177,17804,18009
P000177,18591,18617
P000177,18793,18848
P000177,19205,19231
P000177,19407,19453
P000177,19976,20002
P000177,20601,20732
P000177,21124,21332
P000177,21646,21674
P000177,21883,21934
P000177,22431,22978
P000177,23737,23767
P000177,24905,25088
P000177,25347,25375
P000177,26255,26400
P000177,26684,26714
P000177,28842,29300
P000177,29456,29493
P000177,29994,30103
P000177,30591,30617
P000177,31074,31131
P000177,31638,31686
P000177,32465,32687
P000177,33071,33372
P000177,34119,34384
P000177,34920,34971
P000177,36152,36205
P000177,36998,37161
P000177,37801,37831
P000177,38311,38320
P000177,39661,40096
P000177,40202,40237
P000177,40766,40817
P000177,41299,41346
P000177,41894,41938
P000177,42456,42500
P000177,42835,43324
P000177,43636,43692
P000177,43946,44031
P000177,44562,44626
P000177,45378,45432
P000177,45708,45780
P000177,46270,46440
P000177,46665,46867
P000177,47573,47632
P000177,48853,49818
P000177,50465,51058
P000177,52025,52092
P000177,52520,52560
P000177,52899,52927
P000177,53127,53253
P000177,54834,54875
P000177,55430,56053
P000177,56158,56256
P000177,56649,56766
P000177,57334,57434
P000177,58438,58525
P000177,58895,59199
P000177,59331,59408
P000177,59924,59995
P000177,60334,60543
P000177,60870,61284
P000177,61387,61418
P000177,62062,62094
P000177,62508,62717
P000177,63177,63228
P000177,63560,63729
P000177,64110,64154
P000177,64647,64688
P000177,65207,65248
P000177,65693,65722
P000177,66038,66148
P000177,66402,66431
P000177,67642,67721
P000177,69832,69861
P000177,70193,70337
P000177,70520,70902
P000177,71452,71493
P000177,71982,72328
P000177,72904,72984
P000177,73813,73902
P000177,74813,74952
P000177,75613,75641
P000177,76220,76395
P000177,76781,77153
P000177,77730,77832
P000177,78583,78774
P000177,79611,79661
P000177,80441,80482
P000177,80924,80953
P000177,81318,81672
P000177,81992,82270
P000177,83029,83384
P000177,83847,83863
P000177,84103,84123
P000177,84520,84592
P000177,85017,85050
P000177,86094,86121
P000177,89822,89850
P000177,90362,90393
P000177,90872,91112
P000177,91433,91618
P000177,92290,92371
P000177,92623,92649
P000177,92752,92783
P000177,92887,92922
P000177,93420,93580
P000177,93725,93738
P000177,94059,94358
P000177,94710,94759
P000177,95148,95171
P000177,95422,95471
P000177,97164,97307
P000177,97551,97579
P000177,100401,100764
P000177,100961,101282
P000177,101666,101760
P000177,103200,103243
P000177,103842,103872
P000177,104498,104589
P000177,105530,105567
P000177,105705,105727
P000177,106060,106103
P000177,106571,106613
P000177,106953,107071
P000177,107614,107705
P000177,108217,108273
P000177,108747,108793
P000177,108992,109202
P000177,109633,109669
P000177,110015,110049
P000177,110803,110836
P000177,111583,111684
P000177,112101,112160
P000177,112446,112491
P000177,113101,113278
P000177,113476,113763
P000177,114248,114446
P000177,115452,115491
P000177,115811,115861
P000177,119626,119656
P000177,121386,121420
P000177,122363,122397
P000177,122933,123175
P000177,123584,123704
P000177,125059,125103
P000177,125613,125667
P000177,126119,126176
P000177,127214,127247
P000177,127551,127601
P000177,127849,127906
P000177,128820,129004
P000177,129293,129983
P000177,130495,130514
P000177,131006,131027
P000177,131596,131612
P000177,132480,132634
P000177,133034,133081
P000177,133485,133814
P000177,135715,135742
P000177,135883,135932
P000177,136227,136439
P000177,136993,137045
P000177,137545,137574
P000177,137898,137941
P000177,138323,138368
P000177,138853,139172
P000177,139283,139424
P000177,140017,140066
P000177,140389,140433
P000177,140841,141077
P000177,141301,141321
P000177,142053,142110
P000177,142487,142502
P000177,143708,143833
P000177,144778,144799
P000177,145018,145050
P000177,145648,145863
P000177,147798,147843
P000177,148669,148760
P000177,149110,149455
P000177,150055,150091
P000177,150929,151001
P000177,151429,151488
P000177,152312,152352
P000177,153227,153410
P000177,153988,154134
P000177,154582,154657
P000177,155569,155607
P000177,156257,156297
P000177,156919,156954
P000177,157726,157779
P000177,158485,158518
P000177,158807,158828
P000177,160061,160089
P000177,160585,161047
P000177,161554,161744
P000177,164487,165033
P000177,165382,165426
P000177,165509,165582
P000177,165904,165935
P000177,166013,166055
P000177,166616,166901
P000177,170687,170755
P000177,171077,171221
P000177,172324,172641
P000177,173832,173870
P000177,174505,174534
P000177,174858,175019
P000177,175461,175485
P000177,175824,175847
P000177,176539,176606
P000177,177005,177093
P000177,177697,177729
P000177,178635,178669
P000177,179001,179030
P000177,179677,179828
P000177,180352,180661
P000177,181455,181502
P000177,181751,181793
P000177,182305,182358
P000177,182663,182708
P000177,183107,183304
P000177,184019,184093
P000177,184835,184863
P000177,185554,185837
P000177,186281,186306
P000177,186795,186826
P000177,187359,187519
P000177,188045,188210
P000177,190784,190830
P000177,191113,191151
P000177,191517,191759
P000177,192106,192138
P000177,192371,192407
P000177,192661,192793
P000177,193657,193687
P000177,195081,195103
P000177,195454,195539
P000177,195801,195841
P000177,197417,197437
P000177,198044,198122
P000177,198449,198522
P000177,198865,198913
P000177,199192,199238
P000177,199472,199516
P000177,199784,199837
P000177,200102,200171
P000177,200710,200748
P000177,201342,201371
P000177,201675,201846
P000177,202025,202320
P000177,203865,203943
P000177,204365,204445
P000177,205034,205116
P000177,205635,205696
P000177,206233,206262
P000177,206454,206917
P000177,207282,207516
P000177,207625,207701
P000177,208377,208408
P000177,209256,209416
P000177,210550,210584
P000177,211549,211605
P000177,213474,213556
P000177,213842,214110
P000177,214871,214954
P000177,215306,215334
P000177,215978,216001
P000177,218109,218383
P000177,220693,220790
P000177,221282,221387
P000177,222089,222111
P000177,222605,222792
P000177,223123,223156
P000177,225235,225318
P000177,226986,227059
P000177,227329,227351
P000177,228229,228254
P000177,229186,229213
P000177,229737,229776
P000177,230052,230368
P000177,230795,230842
P000177,231636,231668
P000177,232075,232180
P000177,233434,233478
P000177,233716,233774
P000177,234246,234278
P000177,234706,235256
P000177,235697,235970
P000177,238115,238144
P000177,238515,238548
P000177,238923,238948
P000177,239243,239275
P000177,239609,239646
P000177,240078,240122
P000177,240719,240763
P000177,242175,242394
P000177,242668,242812
P000177,243409,243443
P000177,244004,244028
P000177,244802,244959
P000177,245557,245590
P000177,246327,246367
P000177,247430,247494
P000177,250133,250283
P000177,250438,250673
P000177,251523,251549
P000177,252095,252337
P000177,252511,252586
P000177,253537,253698
P000177,253946,254152
P000177,254646,254705
P000177,255026,255096
P000177,255519,255633
P000177,255785,255810
P000177,256610,256634
P000177,257285,257310
P000177,257727,257816
P000177,257893,258156
P000177,258969,259028
P000177,259273,259299
P000177,259726,259771
P000177,259943,259962
P000177,260150,260222
P000177,260623,260716
P000177,261054,261090
P000177,261552,261590
P000177,261706,261768
P000177,261876,262010
P000177,263098,263126
P000177,263233,263276
P000177,263797,263858
P000177,264337,264408
P000177,264606,264688
P000177,264870,264904
P000177,265138,265181
P000177,265693,265744
P000177,266095,266130
P000177,266363,266392
P000177,266640,266803
P000177,267090,267427
P000177,267859,267886
P000177,268524,268548
P000177,269455,269509
P000177,269892,269919
P000177,270233,270257
P000177,270550,270608
P000177,270908,270935
P000177,271424,271448
P000177,271862,271915
P000177,272235,272262
P000177,272626,272650
P000177,273234,273426
P000177,275273,275370
P000177,275432,275497
P000177,275772,275824
P000177,276222,276274
P000177,276646,276702
P000177,276923,276979
P000177,277268,277297
P000177,277653,277812
P000177,278028,278374
P000177,278895,278951
P000177,279259,279307
P000177,279731,279787
P000177,280136,280183
P000177,280510,280564
P000177,281139,281234
P000177,281659,281829
P000177,282172,282455
P000177,282823,282864
P000177,283216,283255
P000177,284159,284291
P000177,284895,284939
P000177,285171,285200
P000177,285659,285750
P000177,286128,286152
P000177,286451,286483
P000179,88,283
P000179,22787,23278
P000179,28159,28302
P000179,28837,28858
P000179,29370,29405
P000179,29681,29755
P000179,30104,30119
P000179,31167,31326
P000179,31580,31598
P000179,31788,32178
P000179,33757,33839
P000179,35866,35898
P000179,36250,36273
P000179,36345,36368
P000179,37151,37382
P000179,37711,37734
P000179,38496,38548
P000179,39346,39449
P000179,39818,40029
P000179,40629,40644
P000179,43766,44022
P000179,44438,44479
P000179,45881,45896
P000179,46107,46146
P000179,46726,46824
P000179,47196,47232
P000179,47986,48019
P000179,49206,49361
P000179,52041,52074
P000179,53066,53112
P000179,53553,53591
P000179,54065,54305
P000179,57713,57771
P000179,58648,58772
P000179,59581,59708
P000179,60264,60292
P000179,60807,60856
P000179,62000,62030
P000179,62398,62567
P000179,62988,63137
P000179,63842,64093
P000179,64320,64355
P000179,64637,64964
P000179,65471,65509
P000179,65955,65988
P000179,66575,66693
P000179,67292,67312
P000179,67597,67640
P000179,67952,68204
P000179,69077,69190
P000179,69725,69762
P000179,70331,70384
P000179,71210,71311
P000179,71946,71978
P000179,72241,72543
P000179,73057,73098
P000179,86602,86654
P000179,88611,88824
P000179,89692,89740
P000179,90988,91320
P000179,92263,92311
P000179,93676,93877
P000179,94624,94650
P000179,94940,95144
P000179,96209,96250
P000179,96707,96741
P000179,97370,97539
P000179,98069,98110
P000179,98580,98611
P000179,99755,100059
P000179,106312,106382
P000179,114135,114193
P000179,116598,116660
P000179,118540,118595
P000179,121118,121140
P000179,122924,123025
P000179,123224,123306
P000179,125290,125736
P000179,179485,179511
P000179,180347,180376
P000179,180638,180670
P000179,183788,183886
P000179,184307,184343
P000179,184709,184740
P000179,185659,185690
P000179,185993,186027
P000179,186389,186423
P000179,186808,186848
P000179,187571,187609
P000179,188149,188183
P000179,191779,191816
P000179,192703,192858
P000179,193087,193293
P000179,194069,194090
P000179,194272,194305
P000179,194483,194712
P000179,195823,195844
P000179,196057,196084
P000179,197127,197168
P000179,198877,199076
P000179,199290,199312
P000179,200061,200093
P000179,200314,200343
P000179,200915,200951
P000179,201896,201940
P000179,202299,202349
P000179,202606,202641
P000179,203231,203283
P000179,204278,204418
P000179,204691,204727
P000179,205053,205087
P000179,205664,205699
P000179,210607,210629
P000179,210815,211088
P000179,213078,213123
P000179,213534,213579
P000179,213859,213918
P000179,217816,217902
P000179,218888,219120
P000179,220673,220739
P000179,221422,221493
P000179,225783,225893
P000179,227775,227810
P000179,228180,228216
P000179,228931,228960
P000179,229416,229442
P000179,229828,229973
P000179,230458,230500
P000179,231190,231422
P000179,233096,233222
P000179,256570,256633
P000179,257769,257922
P000179,260932,261130
P000179,262064,262127
P000179,264703,264861
P000179,271901,272062
P000179,278998,279315
P000179,279879,280127
P000179,281317,281372
P000179,281702,281933
P000179,282122,282170
P000179,283055,283139
P000179,283556,283675
P000179,284123,284175
P000179,284580,284851
P000179,285487,285570
P000179,286266,286314
P000179,287399,287440
P000179,288082,288119
P000179,288649,288694
P000179,289524,289573
P000179,290129,290196
P000179,290891,290946
P000179,291469,291515
P000179,292039,292075
P000179,293656,293930
P000179,294755,294831
P000179,295439,295496
P000179,295917,295948
P000179,296825,297012
P000179,300420,300616
P000179,301749,301798
P000179,304138,304272
P000179,306447,306716
P000179,307344,307408
P000179,308158,308226
P000179,309238,309469
P000179,312806,312966
P000179,314968,315037
P000179,316391,316444
P000180,6329,6615
P000180,7072,7092
P000180,7439,7466
P000180,7809,8421
P000180,8512,8554
P000180,8601,8639
P000180,9671,9771
P000180,10007,10033
P000180,10572,10597
P000180,10722,11001
P000180,11096,11185
P000180,12776,12797
P000180,13766,13980
P000180,15018,15136
P000180,15946,15979
P000180,17217,17319
P000180,17739,17880
P000180,18536,18571
P000180,19194,19373
P000180,21140,21176
P000180,21620,21652
P000180,22015,22058
P000180,22422,22477
P000180,22898,22926
P000180,23773,23810
P000180,23854,24041
P000180,24502,24543
P000180,24774,24818
P000180,25101,25588
P000180,26567,26835
P000180,31054,31082
P000180,31562,31777
P000180,32533,32741
P000180,33152,33312
P000180,36520,36560
P000180,36824,36857
P000180,37500,37532
P000180,38612,38647
P000180,41262,41492
P000180,42852,43059
P000180,44157,44194
P000180,45150,45193
P000180,46041,46255
P000180,46977,47015
P000180,47724,47764
P000180,48149,48186
P000180,49001,49231
P000180,50061,50118
P000180,50912,50950
P000180,52583,52615
P000180,52742,52803
P000180,53120,53671
P000180,54203,54314
P000180,54732,54940
P000180,55463,55515
P000180,55913,55962
P000180,58228,58486
P000180,58716,58767
P000180,59303,59545
P000180,59910,59964
P000180,60358,60407
P000180,60843,61134
P000180,61588,61630
P000180,61922,61942
P000180,62376,62404
P000180,63102,63130
P000180,63458,63497
P000180,64445,64564
P000180,65486,65535
P000180,66508,66540
P000180,69682,70172
P000180,70441,70572
P000180,71017,71469
P000180,71629,71653
P000180,71767,71790
P000180,72479,72499
P000180,72677,72725
P000180,73075,73199
P000180,73565,73594
P000180,74248,74269
P000180,74855,74891
P000180,75115,75138
P000180,76804,76881
P000180,77167,77657
P000180,78078,78108
P000180,78672,78848
P000180,79184,79223
P000180,79515,79545
P000180,79840,79883
P000180,80192,80228
P000180,80865,80907
P000180,84257,84331
P000180,84649,85352
P000180,85953,86003
P000180,86422,86459
P000180,86647,86677
P000180,86894,86915
P000180,87041,87082
P000180,88093,88125
P000180,88343,88379
P000180,88543,88578
P000180,89544,89730
P000180,90496,90944
P000180,91700,91743
P000180,92033,92180
P000180,92517,92676
P000180,93394,93622
P000180,93865,93912
P000180,94381,94450
P000180,95040,95060
P000180,95157,95193
P000180,97307,97860
P000180,98515,98568
P000180,98989,99108
P000180,99471,99671
P000180,101741,101936
P000180,102229,102283
P000180,102648,102679
P000180,103448,103549
P000180,103994,104167
P000180,104993,105020
P000180,105271,105391
P000180,105691,106019
P000180,106300,106344
P000180,106858,106908
P000180,108055,108107
P000180,108549,108736
P000180,109011,109055
P000180,109351,109513
P000180,109911,109953
P000180,110323,110369
P000180,110756,111025
P000180,111395,111437
P000180,111617,111641
P000180,112000,112033
P000180,112307,112345
P000180,112771,112817
P000180,113152,113197
P000180,113483,113522
P000180,114079,114116
P000180,115419,115488
P000180,115821,116368
P000180,116914,117015
P000180,117437,117466
P000180,119115,119163
P000180,119409,119628
P000180,120186,120462
P000180,120712,120773
P000180,121039,121089
P000180,121550,121594
P000180,122869,122905
P000180,124750,124933
P000180,125138,125420
P000180,126040,126396
P000180,126826,126964
P000180,127267,127300
P000180,127785,127904
P000180,128165,128275
P000180,128457,128489
P000180,129272,129322
P000180,129727,129768
P000180,130165,130197
P000180,132014,132891
P000180,133211,133387
P000180,134037,134062
P000180,134563,134651
P000180,135060,135085
P000180,135746,135983
P000180,137171,137202
P000180,137867,137902
P000180,138183,138203
P000180,138485,138521
P000180,139522,139558
P000180,140389,140424
P000180,142464,142529
P000180,142845,143150
P000180,144231,144346
P000180,144501,144607
P000180,144949,144983
P000180,145165,145186
P000180,145499,145535
P000180,147361,147431
P000180,147748,148011
P000180,148267,148373
P000180,148458,148868
P000180,149214,149238
P000180,149645,149765
P000180,150492,150600
P000180,150850,150886
P000180,151123,151377
P000180,151674,151738
P000180,152062,152091
P000180,152238,152272
P000180,152464,152499
P000180,152748,152771
P000180,153446,153481
P000180,153627,153819
P000180,154062,154233
P000180,156217,156364
P000180,157026,157138
P000180,157959,158278
P000180,158391,158431
P000180,159241,159354
P000180,160330,160360
P000180,161435,161458
P000180,163572,163751
P000180,164203,164359
P000180,164930,165193
P000180,165410,165443
P000180,165679,165833
P000180,166618,166668
P000180,167083,167125
P000180,167562,167585
P000180,168761,168836
P000180,169237,169907
P000180,170061,170108
P000180,170610,170648
P000180,171163,171198
P000180,171413,171545
P000180,171905,171940
P000180,172247,172282
P000180,172776,172811
P000180,173387,173504
P000180,173730,173761
P000180,174051,174091
P000180,174420,174457
P000180,174958,174981
P000180,176237,176438
P000180,176669,177072
P000180,177426,177455
P000180,178405,178549
P000180,178819,178856
P000180,179076,179184
P000180,179708,179960
P000180,180341,180392
P000180,180667,180708
P000180,180890,180932
P000180,181415,181448
P000180,184160,184237
P000180,184631,185007
P000180,185670,185698
P000180,186154,186182
P000180,187075,187226
P000180,187727,188041
P000180,188657,188680
P000180,189369,189407
P000180,190046,190077
P000180,190680,190810
P000180,191012,191152
P000180,191642,191830
P000180,191928,191955
P000180,192222,192250
P000180,193247,193267
P000180,193575,193706
P000180,194038,194073
P000180,194324,194346
P000180,194614,194646
P000180,194760,194780
P000180,195081,195287
P000180,196901,197183
P000180,197989,198031
P000180,198205,198360
P000180,198720,198746
P000180,198989,199021
P000180,199780,199933
P000180,200563,200598
P000180,201520,201552
P000180,201692,201766
P000180,202904,203304
P000180,204150,204188
P000180,204305,204461
P000180,204700,204729
P000180,205348,205391
P000180,206204,206241
P000180,207559,207727
P000180,208780,208816
P000180,209593,209789
P000180,210443,210490
P000180,210831,210863
P000180,211132,211161
P000180,212421,212583
P000180,212830,213282
P000180,213750,213773
P000180,214156,214177
P000180,214300,214333
P000180,214723,214760
P000180,215259,215400
P000180,217454,217703
P000180,218276,218672
P000180,219518,219549
P000180,220113,220142
P000180,220862,221118
P000180,221643,221684
P000180,222395,222430
P000180,222726,222891
P000180,223861,223903
P000180,224109,224286
P000180,224550,224596
P000180,225324,225362
P000180,226127,226169
P000180,226497,226536
P000180,226865,226903
P000180,228290,228322
P000180,228452,228544
P000180,228892,229372
P000180,229610,229676
P000180,229929,229980
P000180,230188,230232
P000180,230420,230470
P000180,230685,230705
P000180,230849,230882
P000180,231329,231364
P000180,231597,231632
P000180,231989,232015
P000180,232353,232504
P000180,233401,233505
P000180,233582,233676
P000180,234620,234719
P000180,234955,235318
P000180,235487,235509
P000180,235624,235662
P000180,235771,235830
P000180,237837,237869
P000180,238017,238271
P000180,238797,239290
P000180,240050,240290
P000180,240753,240866
P000180,241133,241162
P000180,241365,241386
P000180,241522,241738
P000180,242095,242139
P000180,242301,242340
P000180,242455,242494
P000180,242614,242652
P000180,243183,243215
P000180,243410,243631
P000180,246421,246471
P000180,246961,246997
P000180,247481,247504
P000180,248566,248598
P000180,248744,248814
P000180,249192,249632
P000180,250295,250401
P000180,250900,250926
P000180,251744,251781
P000180,252040,252081
P000180,252678,252959
P000180,253160,253192
P000180,253862,253886
P000180,254174,254636
P000180,255304,255352
P000180,255811,255840
P000180,256287,256481
P000180,256793,256955
P000180,257658,257690
P000180,257891,257923
P000180,258359,258387
P000180,258906,258953
P000180,260535,260567
P000180,260704,260909
P000180,261046,261395
P000180,261602,261645
P000180,261804,261849
P000180,262451,262486
P000180,262623,262666
P000180,262748,263028
P000180,263509,263762
P000180,263912,263943
P000180,264154,264190
P000180,264452,264498
P000180,264707,264755
P000180,264956,265155
P000180,265564,265599
P000180,265779,265827
P000180,266165,266319
P000180,266699,266733
P000180,267423,267761
P000180,267926,268076
P000180,268255,268287
P000180,268462,268491
P000180,268695,268719
P000180,268935,268956
P000180,269087,269130
P000180,269625,269662
P000180,270007,270190
P000180,270313,270349
P000180,270424,270465
P000180,271043,271233
P000180,271411,271458
P000180,271722,271773
P000180,272034,272205
P000180,272886,272938
P000180,273231,273266
P000180,273933,273965
P000180,274110,274183
P000180,274324,274428
P000180,274693,274845
P000180,275055,275192
P000180,275473,275930
P000180,276530,276563
P000180,277330,277371
P000180,278001,278037
P000180,278267,278297
P000180,279806,279840
P000180,280481,280586
P000180,281058,281214
P000180,281683,281810
P000180,282279,282298
P000180,284093,284125
P000180,284268,284337
P000180,284661,285052
P000180,287833,287870
P000180,288232,288268
P000180,289717,289742
P000180,289896,289948
P000180,290452,290617
P000180,291359,292012
P000180,292537,292702
P000180,293202,293232
P000180,293440,293472
P000180,293730,293928
P000180,294887,294947
P000180,295890,295944
P000180,296427,296655
P000180,296929,296952
P000180,297196,297217
P000180,297532,297560
P000180,297784,297896
P000180,298193,298216
P000180,298394,298415
P000180,298513,298537
P000180,298663,298943
P000180,299387,299497
P000180,299840,299862
P000180,300352,300440
P000180,300666,300690
P000180,301475,301499
P000180,301771,301803
P000180,303560,303585
P000180,303720,303758
P000180,303928,304139
P000180,304879,304942
P000183,579403,579782
P000183,579929,579955
P000183,580108,580137
P000183,580263,580296
P000183,580459,580481
P000183,580623,580645
P000183,581316,581353
P000183,581537,581578
P000183,581731,581769
P000185,35510,35641
P000185,35954,36112
P000185,36907,37536
P000185,38075,38129
P000185,38688,38753
P000185,39200,39246
P000185,39881,39946
P000185,40559,40599
P000185,41236,41627
P000185,42234,42283
P000185,42941,42987
P000185,43483,43540
P000185,44027,44062
P000185,44530,44578
P000185,45036,45089
P000185,45761,45803
P000185,46522,46933
P000185,47546,47606
P000185,48150,48215
P000185,49224,49275
P000185,49837,49899
P000185,50696,50868
P000185,51457,51488
P000185,52150,52359
P000185,52996,53157
P000185,53760,53803
P000185,54108,54150
P000185,54352,54397
P000185,95803,95916
P000185,96269,96459
P000185,97407,97763
P000185,98603,98663
P000185,100472,100628
P000185,101275,101331
P000185,101696,101772
P000185,102576,102651
P000185,103492,103538
P000185,104069,104213
P000185,104983,105035
P000185,105753,105804
P000185,106443,106509
P000185,107369,107425
P000185,107954,108025
P000185,108521,108590
P000185,109293,109348
P000185,110512,110650
P000185,111252,111325
P000185,111832,111900
P000185,112587,112647
P000185,113117,113162
P000185,113658,113707
P000185,114446,114494
P000185,114992,115168
P000185,115355,115378
P000185,115819,115871
P000185,116077,116105
P000185,118047,118083
P000185,120118,120274
P000185,120421,120554
P000185,121792,121819
P000186,782,1059
P000186,2151,2184
P000186,2305,2447
P000186,3329,3485
P000186,4034,4080
P000186,6004,6282
P000186,7543,7697
P000186,12901,12927
P000186,13494,13510
P000186,17045,17071
P000186,19254,19275
P000186,31237,31331
P000186,36032,36229
P000186,39867,39889
P000186,40614,40636
P000186,41395,41411
P000186,42855,42868
P000186,45154,45297
P000186,46126,46746
P000186,47566,47608
P000186,48311,48351
P000186,48949,48990
P000186,49118,49155
P000186,49462,49492
P000186,53746,53873
P000186,54146,54185
P000186,82063,82221
P000186,85024,85217
P000186,95367,95414
P000186,111363,111516
P000186,126156,126181
P000186,127146,127177
P000186,133752,133848
P000186,136083,136236
P000186,137560,137582
P000186,140488,140616
P000186,144413,144441
P000186,146772,146794
P000186,153292,153307
P000186,156831,156849
P000186,157480,157577
P000186,167276,167386
P000186,174824,174850
P000186,186566,186598
P000186,195336,195368
P000186,196153,196303
P000186,198050,198081
P000186,204050,204083
P000186,204314,204351
P000186,205039,205074
P000186,206117,206163
P000186,206973,207013
P000186,208803,208822
P000186,212998,213042
P000186,216237,216269
P000186,218012,218030
P000186,218542,218644
P000186,223332,223366
P000186,231137,231256
P000186,234435,234588
P000186,236723,236745
P000186,239486,239507
P000186,246376,246397
P000186,249110,249145
P000186,276084,276211
P000186,282137,282163
P000186,287555,287582
P000186,299214,299435
P000186,300772,300908
P000186,306608,306630
P000186,308989,309021
P000186,310240,310259
P000186,312593,312609
P000186,321966,321994
P000187,4479,4614
P000187,5463,5494
P000187,6193,6224
P000187,7248,7279
P000187,8636,8761
P000187,9340,9366
P000187,9838,10012
P000187,10639,10670
P000187,10966,10998
P000188,38208,38247
P000188,38777,38807
P000188,102445,102625
P000189,630,762
P000189,1378,1481
P000189,2611,2782
P000189,6044,6145
P000189,8461,8642
P000189,9500,9606
P000189,11584,11611
P000189,13601,13690
P000189,16146,16168
P000189,23129,23208
P000193,10293,10530
P000193,11925,12149
P000193,19068,19114
P000193,20624,20670
P000193,22251,22303
P000193,41959,42036
P000193,42383,42453
P000193,42603,42679
P000193,42824,42898
P000193,43886,44053
P000193,45010,45046
P000193,45791,45831
P000193,51221,51625
P000193,57982,58024
P000193,62908,63116
P000193,72975,73013
P000193,113620,113662
P000193,117016,117264
P000193,118619,118673
P000193,129250,129296
P000194,1428,1459
P000194,3304,3324
P000194,5890,6074
P000194,6768,6834
P000194,13042,13068
P000194,13652,13700
P000194,15180,15203
P000195,22171,22464
P000195,22907,22953
P000195,27893,28140
P000195,29793,30102
P000195,31028,31105
P000195,33185,33430
P000195,36250,36722
P000195,39086,39371
P000195,40760,40795
P000195,41485,41579
P000195,42247,42264
P000195,43271,43395
P000195,45142,45174
P000195,45867,46154
P000195,46896,47019
P000195,47620,47645
P000195,48895,48915
P000195,50331,50541
P000195,51258,51289
P000195,52480,52620
P000195,53979,54009
P000195,54559,54587
P000195,55186,55224
P000195,56169,56708
P000195,58506,58526
P000195,59138,59182
P000195,59891,60053
P000195,61035,61078
P000195,61772,61980
P000195,62678,62724
P000195,63199,63240
P000195,63694,63896
P000195,64661,64685
P000195,65007,65042
P000195,65675,65705
P000195,66304,66630
P000195,67105,67141
P000195,69712,69733
P000195,69969,70009
P000195,72357,72457
P000195,73239,73260
P000195,74017,74037
P000195,74269,74407
P000195,75576,75602
P000195,76042,76071
P000195,76474,76632
P000195,77361,77453
P000195,78123,78204
P000195,78876,78892
P000195,79884,80145
P000195,80797,80834
P000195,81622,81823
P000195,81994,82020
P000195,82659,82696
P000195,83972,84003
P000195,84600,84626
P000195,85340,85648
P000195,86660,86703
P000195,87904,87934
P000195,89446,89584
P000195,91030,91164
P000195,92568,92595
P000195,93490,93522
P000195,94512,95067
P000195,96412,96609
P000195,97299,97431
P000195,98199,98229
P000195,99003,99025
P000195,99439,99468
P000195,99895,100031
P000195,100430,100472
P000195,100797,100830
P000195,101458,101639
P000195,102293,102505
P000195,103024,103064
P000195,103610,103643
P000195,103992,104027
P000195,105004,105171
P000195,105581,105970
P000195,106632,106670
P000195,107099,107125
P000195,108058,108083
P000195,108835,108919
P000195,109263,109286
P000195,110492,110779
P000195,111531,111554
P000195,112063,112112
P000195,112762,112814
P000195,113391,113502
P000195,114111,114373
P000195,115212,115253
P000195,116035,116084
P000195,116911,116967
P000195,117758,118114
P000195,118600,118633
P000195,118762,118798
P000195,119342,119374
P000195,120317,120614
P000195,121344,121388
P000195,122248,122273
P000195,122873,122982
P000195,123792,123826
P000195,124514,124902
P000195,126089,126103
P000195,126348,126424
P000195,126740,126761
P000195,127662,127692
P000195,128319,128374
P000195,132893,133214
P000195,133806,134064
P000195,134066,134100
P000195,135171,135203
P000195,135883,135916
P000195,136556,136600
P000195,137178,137355
P000195,138607,138652
P000195,140560,140681
P000195,141290,141325
P000195,141901,141950
P000195,142608,142804
P000195,143433,143913
P000195,144989,145042
P000195,146232,146274
P000195,146772,146844
P000195,147613,147665
P000195,148401,148450
P000195,149346,149394
P000195,150264,150309
P000195,151128,151175
P000195,151732,151767
P000195,152287,152675
P000195,153794,153818
P000195,155464,155644
P000195,156228,156248
P000195,156877,156911
P000195,157781,157885
P000195,158394,158418
P000195,160094,160111
P000195,160668,160799
P000195,161427,161515
P000195,162231,162254
P000195,162865,163089
P000195,163376,163419
P000195,163958,163991
P000195,165762,166148
P000195,167336,167382
P000195,167996,168034
P000195,168619,168661
P000195,169504,169707
P000195,170834,170866
P000195,171826,171948
P000195,172645,172668
P000195,173317,173339
P000195,175575,175885
P000195,176452,176592
P000195,177414,177452
P000195,177797,177827
P000195,179384,179432
P000195,180032,180079
P000195,181255,181456
P000195,182631,182769
P000195,183634,183657
P000195,184171,184202
P000195,184650,184772
P000195,185098,185129
P000195,185506,185534
P000195,200249,200293
P000195,203466,203495
P000195,204968,204999
P000195,205684,205701
P000195,206244,206276
P000195,206852,206867
P000195,207498,207576
P000195,208146,208163
P000195,208831,209106
P000195,209741,209758
P000195,210927,211015
P000195,211535,211551
P000195,212127,212210
P000195,212957,212974
P000195,213539,213882
P000195,214552,214575
P000195,215215,215337
P000195,215945,215969
P000195,217280,217391
P000195,218074,218090
P000195,219446,219757
P000195,220825,220842
P000195,221474,221649
P000195,222325,222349
P000195,222927,222957
P000195,224006,224036
P000195,225115,225150
P000195,226540,226724
P000195,228204,228233
P000195,228235,228250
P000195,229288,229323
P000195,230693,230757
P000195,231367,231420
P000195,241583,241634
P000195,242206,242231
P000195,242768,242799
P000195,243177,243206
P000195,246443,246469
P000195,252266,252356
P000195,252974,253047
P000195,256624,256773
P000197,105254,105331
P000197,105851,105887
P000197,106161,106192
P000197,112062,112083
P000197,117039,117082
P000197,117615,117653
P000197,118531,118567
P000197,121277,121350
P000197,123158,123187
P000197,127984,128073
P000197,128549,128596
P000197,129187,129224
P000197,133669,133799
P000197,147060,147140
P000197,151874,151930
P000197,156757,156855
P000197,158031,158081
P000197,159541,159592
P000197,161197,161247
P000197,162338,162385
P000197,163567,163623
P000197,177689,177719
P000197,180316,180343
P000197,182272,182301
P000197,183941,184018
P000197,184358,184396
P000197,184998,185030
P000197,185499,185528
P000197,186141,186170
P000197,186769,186801
P000197,187302,187332
P000197,187943,187978
P000197,188353,188391
P000198,37900,37997
P000198,38830,38848
P000198,70694,70770
P000198,91994,92248
P000198,189268,189298
P000198,191191,191435
P000198,191480,191510
P000198,193039,193108
P000198,193614,193646
P000198,193805,193838
P000198,193926,193956
P000198,194670,194701
P000198,196085,196195
P000198,196269,196300
P000198,196342,196374
P000198,196498,196527
P000198,196580,196610
P000198,196740,196771
P000198,202765,202832
P000198,203055,203084
P000198,203125,203155
P000198,203191,203218
P000198,203314,203427
P000198,203569,203591
P000198,203698,203720
P000198,204380,204459
P000198,215019,215053
P000198,215510,215541
P000198,215827,215859
P000198,216457,216490
P000198,216814,216843
P000198,216929,216957
P000198,217104,217133
P000198,217353,217379
P000198,217458,217485
P000198,217607,217635
P000198,217806,217877
P000198,218709,218738
P000198,220066,220096
P000198,220151,220182
P000198,220426,220456
P000198,220615,220649
P000198,220680,220713
P000198,220755,220789
P000198,221186,221217
P000198,221282,221314
P000198,221408,221441
P000198,221600,221666
P000198,221813,221845
P000198,222085,222118
P000198,222260,222290
P000198,222393,222424
P000198,222540,222572
P000198,222743,222781
P000198,223469,223523
P000198,225319,225359
P000198,230223,230251
P000198,233041,233073
P000198,235779,235811
P000198,236003,236036
P000198,237386,237415
P000198,240598,240629
P000198,288374,288406
P000198,288608,288644
P000198,288809,288848
P000198,289262,289300
P000198,289681,289717
P000198,289834,289869
P000198,290113,290150
P000198,290295,290333
P000198,290842,290956
P000198,291216,291250
P000198,291508,291548
P000198,292246,292358
P000198,292577,292612
P000198,292873,292909
P000198,293018,293053
P000198,293572,293682
P000198,293871,293908
P000198,294098,294135
P000198,294336,294363
P000198,299125,299160
P000198,304272,304300
P000198,366245,366277
P000198,371576,371691
P000198,371911,371932
P000198,372230,372251
P000198,372467,372486
P000198,390994,391061
P000198,394820,394851
P000198,395318,395441
P000198,397366,397392
P000198,399226,399252
P000198,400871,400898
P000198,404867,404891
P000198,407888,407968
P000198,408093,408142
P000198,408331,408380
P000198,408887,408992
P000198,409068,409083
P000198,409132,409148
P000198,409193,409215
P000198,413534,413572
P000198,415587,415622
P000198,416350,416381
P000198,420210,420246
P000198,420958,420993
P000198,421600,421648
P000198,422093,422139
P000198,422335,422358
P000198,424389,424447
P000198,424836,424871
P000198,425159,425196
P000198,471444,472000
P000198,472046,472082
P000198,472781,474068
P000198,474199,475358
P000198,475549,475736
P000198,475848,476012
P000198,476351,477590
P000198,493307,493513
P000198,493809,493821
P000198,495163,495209
P000198,496479,496524
P000198,532628,532666
P000198,533796,533831
P000198,562531,562557
P000198,563687,563715
P000198,565357,565385
P000198,566706,566735
P000198,568213,568240
P000198,568906,568938
P000198,569328,569360
P000198,603391,603435
P000198,606310,606395
P000198,606862,606902
P000198,618158,618416
P000198,619136,619169
P000198,619597,619637
P000198,620190,620232
P000198,621271,621315
P000198,621974,622000
P000198,622374,622404
P000198,622662,622692
P000198,622993,623022
P000198,623315,623350
P000198,623818,623882
P000198,623959,623985
P000198,624052,624082
P000198,624265,624295
P000198,624490,624519
P000198,625695,625741
P000198,625828,625900
P000198,625980,626016
P000198,626098,626139
P000198,626301,626341
P000198,626515,626554
P000198,626613,626658
P000198,645652,645672
P000198,646052,646066
P000199,6503,7099
P000199,8278,8317
P000199,16367,16431
P000199,17772,17817
P000199,19293,19371
P000199,64951,64970
P000199,66852,66862
P000199,72603,72621
P000199,77355,77725
P000199,77994,78089
P000199,79397,79431
P000199,83600,83624
P000199,83688,83714
P000199,83905,83939
P000199,84285,84326
P000199,86008,86546
P000199,95719,95784
P000199,97984,98188
P000199,100705,100764
P000199,101776,102138
P000199,102161,102305
P000199,105090,105340
P000199,109211,109455
P000199,110871,110921
P000199,112500,112728
P000199,114653,114721
P000199,123223,123276
P000199,123559,123583
P000199,131012,131276
P000199,131574,131610
P000199,132137,132465
P000199,133559,133716
P000199,134449,134491
P000199,135445,135489
P000199,136050,136080
P000199,136415,136548
P000199,137503,137732
P000199,138863,138902
P000199,139561,139676
P000199,140806,140852
P000199,141123,141174
P000199,143782,143811
P000199,147612,147860
P000199,148168,148219
P000199,148469,148529
P000199,148903,148960
P000199,149337,149398
P000199,149816,149882
P000199,150598,150756
P000199,151172,151633
P000199,152418,152448
P000199,152972,153263
P000199,154041,154207
P000199,155504,155561
P000199,156306,156358
P000199,156913,156940
P000199,157617,157672
P000199,157999,158053
P000199,158454,158506
P000199,159156,159220
P000199,160099,160142
P000199,161333,161474
P000199,167122,167342
P000199,168113,168157
P000199,170706,170837
P000199,173480,173727
P000199,176610,176657
P000199,178269,178299
P000199,178672,179012
P000199,180423,180892
P000199,195047,195945
P000199,212656,212798
P000199,242667,242743
P000199,262057,262856
P000199,263771,263825
P000199,267323,267909
P000199,271003,271074
P000199,273631,273747
P000199,276029,276111
P000199,288793,288859
P000199,290276,290374
P000199,297111,297316
P000199,298484,298743
P000199,300015,300083
P000199,300569,300607
P000199,312074,312129
P000199,318166,318217
P000199,325661,326110
P000199,326547,326624
P000199,326950,327142
P000199,328512,328559
P000199,329769,329814
P000199,332172,332203
P000199,333067,333105
P000199,333865,334029
P000199,337050,337580
P000199,338971,339062
P000199,339887,339907
P000199,345527,345790
P000199,347654,347748
P000199,348259,348412
P000199,348692,348709
P000199,349557,349582
P000199,350428,350485
P000199,352782,352927
P000199,355279,355365
P000199,356556,357045
P000199,398540,398761
P000199,399421,399606
P000199,404375,404422
P000199,406494,406545
P000199,407345,407533
P000199,418311,418347
P000199,422078,422289
P000199,439473,439522
P000199,439813,439864
P000199,440902,440953
P000199,458859,458915
P000199,463237,463411
P000199,472407,472757
P000199,517506,517549
P000199,518326,518494
P000199,522779,522847
P000199,525698,526066
P000199,526742,526789
P000199,527943,527985
P000199,530212,530758
P000199,531441,531480
P000199,533740,533838
P000199,534344,534563
P000199,538926,538971
P000199,539768,539825
P000199,543450,543668
P000199,544251,544301
P000199,544867,545090
P000199,545718,545769
P000199,545929,546078
P000199,547225,547460
P000199,547968,547993
P000199,548612,548641
P000199,550177,550321
P000199,551677,551775
P000199,552093,552113
P000199,552946,553183
P000199,553929,553975
P000199,555517,555540
P000199,555923,556175
P000199,556683,556892
P000199,557590,557615
P000199,557906,557940
P000199,558290,558378
P000199,559385,559420
P000199,560529,560655
P000199,561179,561214
P000199,561870,561907
P000199,575798,575818
P000199,576611,576803
P000199,582871,582997
P000199,583292,583450
P000199,586411,586571
P000199,587616,587645
P000199,593485,593524
P000199,594171,594221
P000199,596145,596416
P000199,596867,596897
P000199,597613,597655
P000199,598670,598701
P000199,600450,600747
P000199,603667,603717
P000199,604468,604519
P000199,615305,615331
P000199,617659,617767
P000199,618372,618553
P000199,622264,622304
P000199,624031,624072
P000199,624312,624332
P000199,624819,625186
P000199,625734,625774
P000199,626077,626114
P000199,626508,626553
P000199,626867,626889
P000199,627143,627354
P000199,628379,628604
P000199,628816,628870
P000199,632738,632769
P000199,633383,633427
P000199,646859,646991
P000199,648176,648199
P000199,648363,648405
P000199,648647,648873
P000199,650380,650424
P000199,651139,651310
P000199,654614,654751
P000199,655528,655552
P000199,658865,658925
P000199,659347,659697
P000199,660205,660274
P000199,660741,660756
P000199,661420,661454
P000199,662257,662355
P000199,662786,663006
P000199,664445,664530
P000199,665264,665291
P000199,667905,667932
P000199,671775,671817
P000199,674322,674516
P000199,685014,685161
P000199,687464,687489
P000199,687992,688166
P000199,693737,693883
P000199,694278,694301
P000200,16080,16215
P000200,41780,41798
P000200,44134,44179
P000200,70741,70785
P000200,79558,79590
P000200,84077,84113
P000200,93463,93500
P000200,119745,119765
P000200,119907,119989
P000200,120143,120186
P000200,120337,120382
P000200,120531,120573
P000200,120722,120746
P000200,120894,120923
P000200,121069,121099
P000200,121241,121277
P000201,176,189
P000201,323,337
P000201,2982,2995
P000201,3107,3119
P000201,3425,3463
P000201,4692,4705
P000201,5128,5161
P000201,5223,5252
P000203,136,604
P000203,1379,1408
P000203,1946,1973
P000203,2373,2400
P000203,3374,3660
P000203,3767,3797
P000203,3965,3989
P000203,4447,4477
P000203,5202,5229
P000203,5388,5414
P000203,7310,7338
P000203,8054,8081
P000203,8598,8792
P000203,8895,8925
P000203,9065,9089
P000203,12607,12637
P000203,14727,14754
P000203,15923,15949
P000203,16309,16337
P000203,16511,16538
P000203,17156,17349
P000203,17463,17493
P000203,17713,17737
P000203,18135,18275
P000203,21627,21665
P000203,27524,27551
P000203,27802,27828
P000203,28606,28634
P000203,28799,28826
P000203,29444,29636
P000203,29761,29791
P000203,29929,30039
P000203,30160,30187
P000203,30993,31023
P000203,33276,33303
P000203,33855,33881
P000203,33981,34009
P000203,34268,34295
P000203,34513,34709
P000203,34843,34873
P000203,35112,35136
P000203,36197,36227
P000203,37035,37062
P000203,37338,37364
P000203,37523,37551
P000203,37619,37646
P000203,38600,38798
P000203,39051,39135
P000203,40950,40976
P000203,41578,41610
P000203,42850,42991
P000203,43233,43252
P000203,43405,43424
P000203,44313,44330
P000203,46456,46686
P000203,47965,47998
P000203,49318,49346
P000203,50952,50982
P000203,51842,51872
P000203,55317,55354
P000203,59410,59455
P000203,60467,60690
P000203,65260,65513
P000203,67008,67077
P000203,68083,68179
P000203,69231,69261
P000203,70993,71013
P000203,71521,71538
P000203,72137,72155
P000203,73270,73294
P000203,74283,74407
P000203,74848,74981
P000203,76369,76416
P000203,78444,78533
P000203,79519,79552
P000203,82196,82214
P000203,82673,82698
P000203,83421,83553
P000203,83737,83960
P000203,84352,84372
P000203,84704,84723
P000203,84908,84926
P000203,85156,85180
P000203,85645,85832
P000203,90471,90525
P000203,95194,95230
P000203,95880,96070
P000203,96780,97033
P000203,97805,97823
P000203,99370,99556
P000203,99690,99767
P000203,100227,100300
P000203,101542,101562
P000203,102336,102589
P000203,103050,103085
P000203,103521,103554
P000203,105668,105787
P000203,106167,106229
P000203,107382,107400
P000203,108454,108472
P000203,109606,109742
P000203,110948,111126
P000203,111939,111966
P000203,113335,113355
P000203,114044,114070
P000203,114480,114496
P000203,115059,115075
P000203,115399,115416
P000203,115782,115802
P000203,118048,118065
P000203,118996,119023
P000203,122340,122507
P000203,124369,124408
P000203,125647,125710
P000203,131475,131505
P000203,132245,132281
P000203,134370,134531
P000203,134990,135015
P000203,136181,136220
P000203,137183,137213
P000203,138871,138904
P000203,139940,139972
P000203,140173,140219
P000203,141812,141855
P000203,143579,143835
P000203,146128,146141
P000203,146848,146994
P000203,148473,148496
P000203,148822,148831
P000203,149401,149515
P000203,150327,150347
P000203,151133,151198
P000203,152408,152426
P000203,154180,154198
P000203,156088,156112
P000203,157138,157163
P000203,157841,157871
P000203,162109,162280
P000203,162671,162798
P000203,163170,163190
P000203,163441,163460
P000203,163750,163768
P000203,164057,164073
P000203,165489,165843
P000203,168955,169012
P000203,170122,170238
P000203,171138,171167
P000203,174166,174206
P000203,175158,175208
P000203,177793,177848
P000207,617,976
P000207,3473,3518
P000207,3520,3618
P000207,4124,4142
P000207,4438,4453
P000207,4829,4962
P000207,6013,6032
P000207,6782,6855
P000207,7024,7124
P000207,8696,8728
P000207,10178,10206
P000207,14965,15010
P000207,16210,16382
P000207,17114,17134
P000207,18255,18284
P000207,19179,19213
P000207,20126,20241
P000207,21251,21276
P000207,21651,21668
P000207,22341,22363
P000207,22462,22497
P000207,23052,23177
P000207,23890,23923
P000207,26551,26652
P000207,27778,27804
P000207,28873,28901
P000207,30590,30794
P000207,31271,31295
P000207,31553,31583
P000207,31975,32000
P000207,32154,32188
P000207,32622,32669
P000207,32927,33273
P000207,33401,33418
P000207,33576,33596
P000207,34390,34411
P000207,34592,34618
P000207,34901,34933
P000207,35386,35470
P000207,36567,36596
P000207,38918,38946
P000207,40019,40055
P000207,41698,41740
P000207,41742,41833
P000207,42572,42595
P000207,43153,43168
P000207,44631,44768
P000207,45713,46089
P000207,46360,46379
P000207,47258,47279
P000207,49290,49307
P000207,49705,49824
P000207,50480,50525
P000207,51171,51333
P000207,52680,52694
P000207,53201,53237
P000207,54045,54144
P000207,55290,55311
P000207,60716,60819
P000207,61935,62133
P000207,63838,63859
P000207,66345,66466
P000207,66468,66599
P000207,66600,66646
P000207,67663,67704
P000207,67881,67940
P000207,68670,68696
P000207,69373,69437
P000207,70514,70748
P000207,70896,70974
P000207,74130,74153
P000207,76878,77009
P000207,79100,79116
P000207,80401,80417
P000207,82026,82083
P000207,83400,83417
P000207,84809,84826
P000207,85987,86003
P000207,87210,87225
P000207,88322,88339
P000207,90213,90230
P000207,91363,91381
P000207,92687,92703
P000207,93767,93793
P000207,94923,94964
P000207,99492,99523
P000207,99912,99941
P000207,100524,100621
P000207,100723,100805
P000207,100998,101022
P000207,101358,101380
P000207,103769,103788
P000207,104516,104535
P000207,105063,105087
P000207,105201,105244
P000207,105782,105918
P000207,106637,106653
P000207,109814,109842
P000207,110306,110328
P000207,111691,111727
P000207,112187,112327
P000207,113903,114019
P000207,115743,115760
P000207,117394,117421
P000207,118399,118444
P000207,119289,119444
P000207,120228,120260
P000207,120762,120803
P000207,122145,122333
P000207,123026,123052
P000207,123635,123666
P000207,123863,123890
P000207,124146,124174
P000207,124667,124698
P000207,125533,125568
P000207,125888,125937
P000207,126505,126566
P000207,129225,129252
P000207,133106,133156
P000207,133474,133818
P000207,134699,134752
P000207,135372,135414
P000207,135714,135739
P000207,136195,136305
P000207,138050,138089
P000207,138432,138469
P000207,140276,140308
P000207,140524,140557
P000207,140944,141047
P000207,142401,142673
P000207,144212,144382
P000207,147167,147195
P000207,147588,147616
P000207,147617,147644
P000207,148680,148699
P000207,149392,149428
P000207,150947,150988
P000207,151423,151587
P000207,153903,154007
P000207,154121,154184
P000207,155411,155752
P000207,156206,156241
P000207,156805,156837
P000207,157262,157299
P000207,157440,157472
P000207,157603,157637
P000207,158287,158421
P000207,158638,158679
P000207,159420,159457
P000207,160583,160602
P000207,160812,161053
P000207,162773,162795
P000207,163090,163128
P000207,163480,163564
P000207,164073,164245
P000207,164957,164994
P000207,166928,167011
P000207,167384,167497
P000207,168813,168845
P000207,172224,172263
P000207,173008,173087
P000207,174818,174941
P000207,175386,175404
P000207,175733,175752
P000207,175901,175917
P000207,177471,177500
P000207,178278,178323
P000207,180197,180242
P000207,182615,182802
P000207,182933,183118
P000207,184058,184276
P000207,185547,185725
P000207,186348,186400
P000207,187159,187202
P000207,188596,188634
P000207,190426,190452
P000207,192048,192091
P000207,193099,193134
P000207,194183,194329
P000207,197414,197546
P000207,199436,199468
P000207,199864,199903
P000207,200613,200652
P000207,202028,202326
P000207,202490,202589
P000207,204358,204398
P000207,205055,205106
P000207,206555,206626
P000207,208858,209097
P000207,209266,209351
P000207,221432,221460
P000207,225154,225297
P000207,234804,234832
P000207,237004,237032
P000207,238117,238159
P000207,241602,241644
P000207,244284,244381
P000207,246111,246133
P000207,249083,249320
P000207,249868,249889
P000207,255439,255551
P000207,257803,257832
P000207,263805,263836
P000207,265270,265306
P000207,265840,265928
P000207,267388,267409
P000207,269084,269137
P000207,272579,272750
P000207,273552,273637
P000207,273890,274016
P000207,274986,275035
P000207,277771,277821
P000211,1475,1549
P000211,10161,10258
P000211,24919,25019
P000211,25056,25227
P000211,27593,27620
P000211,33142,33420
P000211,35453,35494
P000211,36036,36075
P000211,41276,41534
P000211,48013,48494
P000211,52071,52124
P000211,63543,63569
P000211,73250,73811
P000211,73857,74165
P000211,74415,74543
P000211,78671,78697
P000211,80479,80506
P000211,81320,81345
P000211,83153,83195
P000211,89989,90562
P000211,94704,94847
P000211,97858,97897
P000211,98859,98890
P000211,104128,104408
P000211,106466,106504
P000211,110660,110709
P000211,113727,113775
P000211,115073,115766
P000211,116609,116636
P000211,118555,118622
P000211,119743,119804
P000211,128895,129301
P000211,133992,134066
P000211,135614,135674
P000211,136097,136156
P000211,138661,139093
P000211,140189,140228
P000211,145353,145393
P000211,146389,146459
P000211,150100,150176
P000211,151642,152086
P000211,152586,152641
P000211,153094,153162
P000211,155948,156304
P000211,157986,158046
P000211,158766,158824
P000211,159500,159555
P000211,168843,169143
P000211,169262,169286
P000211,169409,169426
P000211,169599,169631
P000211,169744,169763
P000211,169987,170011
P000213,1372,1416
P000213,2697,2741
P000213,3608,3980
P000213,7161,7195
P000213,7475,8065
P000213,8340,8459
P000213,8814,8951
P000213,10176,10218
P000213,11090,11227
P000213,11740,11884
P000213,12518,12556
P000213,13408,13448
P000213,14183,14437
P000213,14960,14995
P000213,15466,15649
P000213,16478,16514
P000213,17525,17558
P000213,18238,18426
P000213,19419,19480
P000213,19977,20138
P000213,20573,20607
P000213,21507,21800
P000213,23382,23406
P000213,24086,24119
P000213,24984,25245
P000213,25939,25985
P000213,26796,26838
P000213,27216,27255
P000213,27858,27901
P000213,28249,28501
P000213,31315,31481
P000213,32125,32151
P000213,33067,33180
P000213,34569,35038
P000213,37053,37327
P000213,37972,38022
P000213,38483,38537
P000213,39021,39069
P000213,39606,39653
P000213,40322,40543
P000213,41022,41071
P000213,41973,42013
P000213,42836,42875
P000213,43585,43623
P000213,45161,45381
P000213,46290,46330
P000213,47447,47486
P000213,48373,48424
P000213,49480,50226
P000213,50593,50635
P000213,51073,51113
P000213,51562,51600
P000213,52643,52679
P000213,53288,53326
P000213,54368,54404
P000213,54695,54742
P000213,55424,55694
P000213,56554,56598
P000213,57400,57441
P000213,58767,58809
P000213,59795,59849
P000213,61280,61634
P000213,63356,63395
P000213,64310,64348
P000213,65170,65216
P000213,66002,66219
P000213,66947,67136
P000213,67616,67657
P000213,68695,68888
P000213,69604,69647
P000213,70187,70239
P000213,71087,71332
P000213,71990,72036
P000213,72595,72642
P000213,73758,73802
P000213,74539,74964
P000213,76467,76511
P000213,76894,76936
P000213,77605,77643
P000213,78095,78133
P000213,78817,78973
P000213,79566,79598
P000213,80471,80503
P000213,81179,81221
P000213,82851,83395
P000213,83822,83860
P000213,84730,84771
P000213,85550,85589
P000213,86177,86211
P000213,86884,86923
P000213,87537,87584
P000213,88299,88606
P000213,90140,90176
P000213,91984,92021
P000213,92827,92997
P000213,94042,94070
P000213,95219,95412
P000213,96347,96392
P000213,97387,97435
P000213,98446,98779
P000213,99865,99907
P000213,100796,100943
P000213,102105,102150
P000213,102796,103029
P000213,103663,103713
P000213,104504,104553
P000213,105245,105293
P000213,106238,106272
P000213,106968,107312
P000213,108249,108292
P000213,108625,108670
P000213,109267,109311
P000213,110316,110357
P000213,111070,111338
P000213,112051,112101
P000213,112717,112764
P000213,113595,113637
P000213,114238,114282
P000213,115233,115646
P000213,116548,116700
P000213,117453,117497
P000213,117965,118074
P000213,118614,118642
P000213,119185,119312
P000213,119737,119770
P000213,120254,120537
P000213,121377,121421
P000213,122081,122323
P000213,123044,123082
P000213,123770,124005
P000213,124416,124561
P000213,125076,125107
P000213,126536,126574
P000213,127345,127386
P000213,128134,128282
P000213,129088,129189
P000213,129846,129877
P000213,130634,130669
P000213,131355,131523
P000213,132224,132273
P000213,133129,133565
P000213,134227,134273
P000213,135193,135252
P000213,136315,136367
P000213,137794,137970
P000213,138758,138807
P000213,139594,139908
P000213,140331,140380
P000213,141366,141407
P000213,142074,142114
P000213,143532,143571
P000213,144230,144278
P000213,145970,146164
P000213,146615,146657
P000213,146961,147005
P000213,147326,147368
P000213,147691,147732
P000213,148326,148364
P000213,150119,150325
P000213,150800,150834
P000213,151358,151394
P000213,151686,151719
P000213,152257,152403
P000213,152552,152592
P000215,17123,17338
P000215,23830,24177
P000215,27040,27209
P000215,30056,30088
P000215,38680,38719
P000215,45661,45721
P000215,50014,50086
P000215,81327,81382
P000215,84846,84917
P000215,109392,109555
P000215,113353,113477
P000215,114967,114988
P000215,115505,115837
P000215,116288,116315
P000215,116627,116664
P000215,117526,117558
P000215,117697,117724
P000215,117903,117927
P000215,119448,119612
P000215,120283,120310
P000215,140837,140921
P000215,142522,142558
P000215,149536,149582
P000216,1859,2019
P000216,2499,2505
P000216,3484,3855
P000216,4282,4288
P000216,4745,4751
P000216,6338,6343
P000216,11255,11482
P000216,15724,15939
P000216,18814,18900
P000216,22604,22613
P000216,24499,24530
P000216,32025,32201
P000216,36494,36664
P000216,37910,37916
P000216,39585,39758
P000216,44181,44187
P000216,47078,47084
P000216,48654,48660
P000216,49923,50282
P000216,52221,52227
P000216,58702,58975
P000216,60912,60918
P000216,62379,62385
P000216,63112,63118
P000216,65382,65388
P000216,66961,66966
P000216,67958,68079
P000216,68757,68897
P000216,74057,74063
P000216,77496,77954
P000216,81257,81263
P000216,83542,83548
P000216,85356,85361
P000216,87179,87183
P000216,88432,88438
P000216,89109,89191
P000216,93534,93772
P000216,99746,99752
P000216,103330,103533
P000216,105997,106003
P000216,107149,107160
P000216,108096,108115
P000216,108969,109114
P000216,113705,113941
P000216,114666,114815
P000216,116480,116486
P000216,117556,117769
P000216,118804,118810
P000216,119658,119692
P000216,120424,120479
P000216,121302,121512
P000216,125238,125663
P000216,126384,126390
P000216,129095,129101
P000216,129822,129896
P000216,131479,131543
P000216,132330,132390
P000216,134167,134215
P000216,135950,136242
P000216,137184,137190
P000216,138813,138819
P000216,142881,143167
P000216,144687,144693
P000216,145557,145563
P000216,147114,147493
P000216,147707,148048
P000216,152721,152763
P000216,153851,153915
P000216,155827,155902
P000216,157628,157674
P000216,161366,161440
P000216,164432,164561
P000216,166789,167032
P000216,168265,168271
P000216,173384,173393
P000216,174292,174298
P000216,175838,175882
P000216,177993,178212
P000216,184266,184272
P000216,185056,185096
P000216,191052,191087
P000216,192121,192311
P000216,192804,192810
P000216,193742,193748
P000217,4686,4934
P000217,4936,4973
P000217,6013,6038
P000217,7173,7238
P000217,7240,7260
P000217,9307,9335
P000217,10383,10414
P000217,11197,11259
P000217,11261,11280
P000217,11948,12398
P000217,12400,12416
P000217,15866,16123
P000217,16261,16334
P000217,16831,16863
P000218,188046,188150
P000218,195140,195165
P000218,202893,202936
P000218,209073,209112
P000218,216635,216762
P000218,228096,228175
P000218,228751,229014
P000218,229452,229576
P000218,240552,240628
P000218,246491,246522
P000218,248851,248910
P000218,250480,250568
P000218,251095,251207
P000218,262197,262453
P000218,268275,268341
P000218,271638,271661
P000218,275150,275277
P000218,290461,290527
P000218,293500,293526
P000218,298406,298536
P000218,300497,300539
P000218,305405,305461
P000218,317121,317167
P000218,336063,336165
P000218,476752,477021
P000218,477023,477071
P000218,478583,478729
P000218,480015,480051
P000218,482358,482390
P000218,485166,485422
P000218,486287,486323
P000218,487613,487645
P000218,497000,497135
P000218,498841,498885
P000218,502665,502816
P000218,504162,504195
P000218,506489,506784
P000218,508720,508756
P000218,511895,511929
P000218,513189,513223
P000218,514691,514732
P000218,519890,520157
P000218,523638,523675
P000218,526518,526643
P000218,527964,528121
P000218,528914,529284
P000218,531916,532025
P000218,533889,533921
P000218,535480,535511
P000218,536145,536286
P000218,537647,537673
P000218,542006,542037
P000218,542603,543105
P000218,544863,544921
P000218,547324,547381
P000218,549526,549711
P000218,551752,551899
P000218,553339,553425
P000218,554767,554785
P000218,557030,557192
P000218,557758,557802
P000218,558549,558691
P000218,559953,560079
P000218,562405,562616
P000218,564326,564371
P000218,567315,567334
P000218,569013,569038
P000218,571369,571389
P000218,574290,574326
P000218,576356,576378
P000218,576761,576924
P000218,579558,579590
P000218,581381,581412
P000218,583068,583289
P000218,584107,584126
P000218,585118,585138
P000218,586055,586073
P000218,587430,587678
P000218,589111,589191
P000218,590476,590531
P000218,593238,593476
P000218,595352,595486
P000218,595831,595862
P000218,596409,596714
P000218,597262,597311
P000218,599797,599847
P000218,600985,601244
P000218,603311,603617
P000218,605371,605510
P000218,607406,607444
P000218,608638,608686
P000218,612277,612315
P000218,616216,616395
P000218,617793,617824
P000218,618976,619010
P000218,620570,620605
P000218,623055,623405
P000218,625558,625599
P000218,627527,627565
P000218,629095,629117
P000218,630583,630739
P000218,631971,632002
P000218,634219,634247
P000218,636588,636614
P000218,637813,637954
P000218,639633,639664
P000218,642050,642292
P000218,644685,644718
P000218,646687,646717
P000218,647756,648112
P000218,654412,654443
P000218,657518,657655
P000218,661925,662067
P000218,665615,665650
P000218,669834,669973
P000218,673054,673083
P000218,676568,676698
P000218,679161,679191
P000218,681378,681570
P000218,684311,684360
P000218,687281,687419
P000218,688675,688709
P000218,691943,691984
P000218,693582,693776
P000218,697741,697861
P000218,701378,701404
P000218,703508,703825
P000218,706538,706586
P000218,708574,708722
P000218,710995,711047
P000218,712542,712582
P000219,52190,52223
P000219,54072,54303
P000219,59536,59737
P000219,62162,62179
P000219,62233,62258
P000219,62952,63335
P000219,85416,85593
P000219,91134,91271
P000219,96254,96353
P000219,97301,97318
P000219,99025,99167
P000219,100520,100561
P000219,101030,101142
P000219,101344,101383
P000219,104189,104371
P000219,111485,111597
P000219,138746,138921
P000219,144272,144517
P000219,147777,147824
P000219,156678,156709
P000219,159665,159905
P000219,161284,161363
P000219,161688,161771
P000219,162404,162433
P000219,163153,163474
P000219,165783,165814
P000219,171327,171361
P000219,180259,180287
P000219,208419,208679
P000219,261799,261830
P000219,268753,268932
P000219,276767,276807
P000219,279783,279943
P000219,280561,280592
P000219,282059,282086
P000219,285786,285846
P000219,287102,287165
P000219,305367,305449
P000219,309946,309970
P000219,312991,313020
P000219,323443,323474
P000219,324438,324466
P000219,328116,328189
P000219,332775,332808
P000224,559,699
P000224,1550,1599
P000224,5055,5315
P000224,6465,6597
P000224,7286,7305
P000224,7689,7706
P000224,7836,7930
P000224,11591,11619
P000224,12624,12643
P000224,17527,17547
P000224,18623,18659
P000224,21089,21228
P000224,23028,23222
P000224,23432,23604
P000224,26353,26379
P000224,28063,28086
P000224,30155,30194
P000224,32842,32880
P000224,33942,33960
P000224,34299,34427
P000224,34745,34972
P000224,35063,35172
P000224,35458,35505
P000224,37328,37374
P000224,37821,37857
P000224,38812,38830
P000224,39202,39235
P000224,39556,39592
P000224,39911,39949
P000224,40370,40408
P000224,40840,40877
P000224,41390,41406
P000224,42863,42900
P000224,43029,43066
P000224,43197,43233
P000224,43294,43332
P000224,43543,43566
P000224,43655,43689
P000224,43750,43770
P000224,43870,43889
P000224,44609,44645
P000224,45121,45136
P000224,45216,45233
P000224,45336,45350
P000224,45377,45395
P000224,45643,45658
P000224,45824,45843
P000224,45969,45990
P000224,46209,46228
P000224,46368,46387
P000224,46588,46605
P000224,47312,47331
P000224,47526,47546
P000224,47983,48003
P000224,48075,48095
P000224,49118,49138
P000224,49214,49239
P000224,49366,49394
P000224,49528,49550
P000224,50089,50113
P000224,50185,50205
P000224,50271,50298
P000224,51750,51789
P000224,53031,53086
P000224,55802,55843
P000224,62564,62776
P000224,62986,63226
P000224,66021,66123
P000224,67178,67287
P000224,73876,73902
P000224,79198,79214
P000224,81378,81397
P000224,82235,82254
P000224,83919,83938
P000224,84960,84980
P000224,85791,85812
P000224,86687,86727
P000224,93749,93883
P000224,95795,95837
P000224,97507,97541
P000224,97784,97801
P000224,98369,98387
P000224,99781,99808
P000224,107934,108137
P000224,110625,110700
P000224,116119,116138
P000224,117212,117257
P000224,120727,120763
P000224,129520,129548
P000224,130559,130617
P000224,135178,135194
P000224,135723,135780
P000224,136074,136090
P000224,140542,140691
P000224,141255,141487
P000224,144320,144341
P000224,144930,144974
P000224,146191,146281
P000224,146869,146988
P000224,148251,148265
P000224,149362,149394
P000224,150727,150829
P000224,151103,151130
P000224,151691,151713
P000224,152557,152575
P000224,153415,153499
P000224,154205,154408
P000224,155154,155177
P000224,157811,157847
P000224,163136,163172
P000224,164328,164389
P000224,166554,166568
P000224,168915,169016
P000224,170373,170390
P000224,171939,171986
P000224,173525,173689
P000224,175674,175718
P000224,176700,176732
P000224,177724,177739
P000224,179911,179934
P000224,180020,180049
P000224,180113,180136
P000224,180214,180238
P000224,180300,180325
P000224,180415,180443
P000224,181783,181907
P000224,184216,184436
P000224,185237,185255
P000224,185661,185687
P000224,186066,186092
P000224,186223,186333
P000224,186880,187014
P000224,190096,190131
P000224,193307,193326
P000224,193935,193955
P000224,194310,194329
P000224,200545,200599
P000224,202126,202228
P000224,202900,203028
P000224,204660,204674
P000224,207747,207854
P000224,208184,208383
P000224,208508,208781
P000224,210286,210306
P000224,211395,211419
P000224,211804,211892
P000224,212263,212288
P000224,212596,212684
P000224,213196,213221
P000224,213380,213463
P000224,213674,213697
P000224,214204,214244
P000224,214850,214949
P000224,214961,215053
P000224,215993,216017
P000224,216361,216388
P000224,217447,217650
P000224,220432,220480
P000224,223402,223596
P000224,224567,224612
P000224,225451,226032
P000224,226346,226413
P000224,226425,226560
P000224,226972,227144
P000224,227547,227623
P000224,228188,228206
P000224,229272,229294
P000224,229999,230021
P000224,230176,230196
P000224,230398,230412
P000224,230802,230885
P000224,231141,231159
P000224,231951,232027
P000224,233125,233205
P000224,233353,233480
P000224,233573,233622
P000224,234309,234389
P000224,234540,234630
P000224,234842,234934
P000224,235059,235458
P000224,236056,236089
P000224,237013,237043
P000224,237554,237584
P000224,238922,239050
P000224,240865,240951
P000224,241774,241803
P000224,242273,242309
P000224,243227,243337
P000224,244262,244335
P000224,247280,247309
P000224,249410,249442
P000224,249951,250035
P000224,250666,250776
P000224,254474,254508
P000224,254625,254702
P000224,255682,255889
P000224,256581,256598
P000224,257084,257103
P000224,257387,257461
P000224,258305,258323
P000224,259384,259480
P000224,260309,260335
P000224,260697,260725
P000224,260972,261071
P000224,261414,261430
P000224,261725,261742
P000224,262327,262343
P000224,263295,263311
P000224,263604,263692
P000224,263924,263943
P000224,264146,264165
P000224,264291,264311
P000224,265604,265720
P000224,266875,266894
P000224,267202,267232
P000224,267670,267707
P000224,269088,269124
P000224,269512,269612
P000224,270519,270595
P000224,270698,270771
P000224,272040,272061
P000224,274752,274776
P000224,275204,275311
P000224,276851,276976
P000224,277235,277264
P000224,277412,277440
P000224,277576,277755
P000224,278348,278373
P000224,278845,278878
P000224,280061,280090
P000224,280144,280175
P000224,280959,280992
P000224,281493,281528
P000224,281612,281641
P000224,283011,283274
P000224,284750,284764
P000224,285016,285042
P000224,285510,285642
P000224,286084,286198
P000224,287208,287223
P000224,288202,288225
P000224,289016,289036
P000224,289181,289204
P000224,290690,290836
P000224,292058,292077
P000224,293343,293364
P000224,294110,294141
P000224,297452,297496
P000224,297616,297687
P000224,298342,298397
P000224,300833,301018
P000224,302066,302230
P000224,302616,302633
P000224,303038,303055
P000224,303370,303410
P000224,307576,307591
P000224,308658,308737
P000224,308873,309085
P000224,309574,309633
P000224,310963,311002
P000224,312447,312597
P000224,313993,314037
P000224,315723,316115
P000224,317121,317160
P000224,317865,317900
P000224,318727,318759
P000224,319723,319952
P000224,320439,320457
P000224,321533,321564
P000224,322431,322477
P000224,325276,325515
P000224,326707,326796
P000224,327895,328064
P000224,328962,328991
P000224,329331,329370
P000224,332815,332934
P000224,334588,334763
P000224,334765,335000
P000224,335310,335457
P000224,335793,336004
P000224,336685,336702
P000224,337109,337139
P000224,338324,338340
P000224,338708,338967
P000224,339479,339513
P000224,340920,341004
P000224,341281,341441
P000224,341862,341877
P000224,342116,342133
P000224,342874,342949
P000224,343229,343436
P000224,343438,343569
P000224,351645,351686
P000224,352584,352607
P000224,352958,352998
P000224,355262,355380
P000224,355731,355762
P000224,358950,358981
P000224,359372,359453
P000224,360120,360140
P000224,361292,361313
P000224,362156,362174
P000224,363264,363291
P000224,363293,363317
P000224,364493,364518
P000224,366051,366233
P000224,366869,366956
P000224,371606,371681
P000224,374081,374102
P000224,376904,377023
P000224,379403,379431
P000224,380660,380769
P000224,381616,381650
P000224,382360,382444
P000224,383030,383308
P000224,383973,383994
P000224,385135,385232
P000224,385498,385518
P000224,385918,386015
P000224,388180,388278
P000224,388374,388403
P000224,389152,389201
P000224,389586,389698
P000224,390589,390757
P000224,391046,391153
P000224,391841,391878
P000224,393118,393145
P000224,393219,393243
P000224,393668,393693
P000224,393787,393875
P000224,395146,395170
P000224,396880,397028
P000224,399520,399752
P000224,400543,400780
P000224,401491,401528
P000224,401954,401968
P000224,402181,402198
P000224,402538,402555
P000224,402904,402927
P000224,403823,403875
P000224,404188,404204
P000224,404882,404904
P000224,405638,405657
P000224,406124,406151
P000224,406474,406491
P000224,407051,407071
P000224,407264,407295
P000224,408006,408120
P000224,408242,408430
P000224,408739,408820
P000224,409069,409233
P000224,410564,410681
P000224,411448,411477
P000224,411940,411970
P000224,413919,413935
P000224,415077,415100
P000224,415247,415267
P000224,415494,415515
P000224,416227,416254
P000224,416938,417028
P000224,417764,417994
P000224,418626,418749
P000224,419168,419200
P000224,419705,419735
P000224,420003,420102
P000224,420811,420840
P000224,422699,422806
P000224,424057,424080
P000224,425137,425384
P000224,425972,425995
P000224,426909,426936
P000224,427084,427108
P000224,427446,427471
P000224,428509,428582
P000224,429814,430042
P000224,430616,430786
P000224,431335,431534
P000224,431936,431958
P000224,438774,438805
P000224,444466,444789
P000224,446833,446879
P000224,447269,447321
P000224,449648,449869
P000224,456208,456312
P000224,456879,456906
P000224,458834,459070
P000224,459571,459612
P000224,467567,467603
P000224,468479,468521
P000224,470065,470103
P000224,472956,473106
P000224,477114,477302
P000224,481822,481864
P000224,482403,482460
P000224,485825,485859
P000224,492672,492713
P000224,495750,495795
P000224,496912,496961
P000224,499352,499453
P000224,499704,500036
P000224,500202,500228
P000224,501478,501496
P000224,501675,501691
P000224,502796,503052
P000224,508921,508960
P000224,509481,509525
P000224,511023,511237
P000224,511535,511553
P000224,512256,512443
P000224,513236,513285
P000224,513750,513913
P000224,518904,518959
P000224,525710,526084
P000224,527552,527569
P000224,529339,529364
P000224,531078,531106
P000224,532871,532924
P000224,534053,534068
P000224,535606,535625
P000224,537327,537346
P000224,537851,537880
P000224,538268,538294
P000224,540073,540101
P000224,540613,540639
P000224,541127,541162
P000224,542812,542843
P000224,543699,543908
P000224,544625,544649
P000224,544890,544915
P000224,546360,546397
P000224,547209,547459
P000224,549959,549979
P000224,550825,550853
P000224,551639,551667
P000224,552596,552631
P000224,553185,553216
P000224,554711,554928
P000224,556401,556425
P000224,557020,557053
P000224,558831,558858
P000224,559428,559627
P000224,562222,562311
P000224,564662,564680
P000224,565740,565776
P000224,566068,566099
P000224,566714,566741
P000224,568002,568025
P000224,568289,568320
P000224,569709,569828
P000224,571334,571557
P000224,572495,572511
P000224,574240,574263
P000224,577340,577376
P000224,577890,578245
P000224,578995,579012
P000224,579099,579122
P000224,579275,579300
P000224,580873,580887
P000224,581752,581778
P000224,582025,582049
P000224,582364,582483
P000224,583232,583503
P000224,585663,585831
P000224,591545,591607
P000224,595007,595051
P000224,598616,598837
P000224,601734,601753
P000224,606998,607019
P000224,613112,613134
P000224,617221,617248
P000224,618452,618486
P000224,619220,619413
P000224,624821,624870
P000224,629018,629054
P000224,629683,629969
P000224,632083,632126
P000224,632633,632738
P000224,632899,633079
P000224,635355,635741
P000224,635742,635851
P000224,636576,636596
P000224,638149,638166
P000224,638702,638733
P000224,639972,640001
P000224,640818,640869
P000224,646224,646260
P000224,649580,649710
P000224,657789,657876
P000224,659278,659352
P000224,663886,663913
P000224,665008,665033
P000224,666044,666057
P000224,667787,667804
P000224,668271,668314
P000224,671091,671139
P000224,672255,672343
P000224,672344,672443
P000224,673683,673851
P000224,676309,676407
P000224,676602,676733
P000224,677276,677305
P000224,678860,678884
P000224,679621,679653
P000224,681867,681954
P000224,682081,682215
P000224,682908,683037
P000224,683845,684087
P000224,685104,685358
P000224,686871,686913
P000224,687579,687747
P000224,689933,689967
P000224,692459,692483
P000224,698973,699008
P000224,700967,700993
P000224,704154,704186
P000224,705099,705177
P000224,706111,706141
P000224,707149,707199
P000224,707424,707467
P000224,708005,708122
P000224,712247,712346
P000224,712684,712713
P000224,714707,714886
P000224,718772,718844
P000224,719920,719937
P000224,720924,720951
P000224,722199,722224
P000224,723459,723482
P000224,726400,726425
P000224,726885,726917
P000224,728592,728620
P000224,728885,728904
P000224,736733,736773
P000224,738735,738863
P000224,738986,739294
P000224,742120,742232
P000224,742558,742598
P000224,744024,744163
P000224,744803,744888
P000224,746211,746412
P000224,746667,746685
P000224,746796,746864
P000224,750263,750289
P000224,750597,750611
P000224,753742,753775
P000224,754091,754122
P000224,755198,755233
P000224,755964,756034
P000224,759618,759688
P000224,760760,760778
P000224,761686,761704
P000224,761981,762001
P000224,762151,762209
P000224,762210,762272
P000224,762519,762537
P000224,762632,762700
P000224,764423,764451
P000224,764876,764890
P000224,765825,765840
P000224,766052,766070
P000224,766353,766371
P000224,768370,768388
P000224,768752,768770
P000224,769057,769180
P000224,769381,769399
P000224,769540,769608
P000224,770681,770707
P000224,770852,770959
P000224,771269,771376
P000224,772007,772148
P000224,774563,774591
P000224,775877,775906
P000224,778026,778041
P000224,778427,778445
P000224,778757,778775
P000224,778917,778942
P000224,779104,779134
P000224,780182,780234
P000224,782401,782539
P000224,782860,782933
P000224,786165,786195
P000224,787286,787316
P000224,787767,787797
P000225,2212,2348
P000225,7094,7411
P000225,8335,8353
P000225,69185,69805
P000225,72194,72224
P000225,76694,76731
P000225,78679,78713
P000225,81301,81344
P000225,90623,91096
P000225,97296,97459
P000225,113616,113651
P000225,132557,132580
P000225,141104,141137
P000225,149340,149467
P000225,150970,150991
P000225,191889,191992
P000225,192833,192928
P000225,195326,195530
P000225,195688,195721
P000225,195954,195988
P000225,196057,196100
P000225,257964,258051
P000225,259113,259145
P000225,412161,412186
P000225,418802,418825
P000225,442030,442060
P000225,463317,463365
P000225,470504,470550
P000225,473330,473373
P000225,488470,488925
P000225,499346,499374
P000225,515564,515611
P000225,527346,527399
P000225,535892,536159
P000225,545520,545568
P000225,562366,562408
P000225,565938,565986
P000225,576056,576204
P000225,581679,581806
P000225,595098,595124
P000225,602874,603005
P000225,609460,609507
P000225,610234,610278
P000225,612134,612185
P000225,618839,618910
P000227,41269,41319
P000227,42371,42418
P000227,50933,51015
P000227,58383,58501
P000227,59564,59618
P000227,60106,60155
P000227,66549,66581
P000227,67137,67249
P000227,76221,76252
P000227,77442,77463
P000227,78868,78943
P000227,79204,79253
P000227,81699,81714
P000227,85493,85536
P000227,86006,86174
P000227,87478,87509
P000227,89101,89140
P000227,91878,91953
P000227,96945,96993
P000227,98197,98357
P000227,118902,118938
P000227,122751,122785
P000227,125780,125813
P000227,127443,127480
P000227,129310,129349
P000227,130615,130666
P000227,132700,132738
P000227,135800,135992
P000227,136566,136601
P000227,137443,137471
P000227,137919,137942
P000227,138442,138462
P000227,139447,139482
P000227,140136,140169
P000227,141128,141176
P000227,141375,141383
P000227,142572,142614
P000227,150743,150775
P000227,150977,150999
P000227,151318,151343
P000227,152023,152047
P000227,164168,164202
P000227,165370,165406
P000227,166343,166413
P000227,166836,166900
P000227,169487,169533
P000227,171331,171355
P000227,176846,176861
P000227,185993,186024
P000227,187080,187186
P000227,189150,189177
P000227,191513,191529
P000227,191995,192064
P000227,192170,192240
P000227,192718,192797
P000227,197811,197893
P000227,200098,200436
P000227,201549,201582
P000227,202048,202081
P000227,204063,204087
P000227,206030,206072
P000227,207167,207295
P000227,208942,208968
P000227,209861,209903
P000227,213828,213910
P000227,214578,214595
P000227,214745,214761
P000227,215148,215165
P000227,215614,215628
P000227,215809,215828
P000227,217208,217231
P000227,217810,217837
P000227,223074,223120
P000227,224906,225002
P000227,225889,225931
P000227,226157,226215
P000227,227122,227255
P000227,228392,228421
P000227,229161,229195
P000227,231995,232065
P000227,232118,232190
P000227,235507,235612
P000227,240487,240581
P000227,241194,241232
P000227,242079,242129
P000227,254987,255145
P000227,255389,255403
P000227,255459,255484
P000227,262663,262776
P000227,263135,263240
P000227,270514,270599
P000227,272157,272242
P000227,274714,274774
P000227,275863,275890
P000227,276397,276419
P000227,277192,277214
P000227,277385,277408
P000227,277998,278023
P000227,278451,278483
P000227,278970,278994
P000227,279416,279441
P000227,279764,279791
P000227,280415,280446
P000227,280702,280739
P000227,281062,281101
P000227,281500,281529
P000227,282518,282583
P000227,283889,283930
P000227,284761,284834
P000227,285721,285784
P000227,286199,286255
P000227,287402,287439
P000227,287744,287782
P000227,288184,288251
P000227,290643,290673
P000227,291685,291709
P000227,293530,293562
P000227,294884,294920
P000227,296235,296305
P000227,296450,296660
P000227,298387,298420
P000227,301000,301032
P000227,302284,302357
P000227,303242,303278
P000227,304312,304355
P000227,307415,307468
P000227,308493,308506
P000227,309566,309615
P000227,318087,318192
P000227,323270,323332
P000227,324430,324459
P000227,325665,325692
P000227,326812,326837
P000227,327095,327117
P000227,327661,327686
P000227,331670,331760
P000227,333338,333462
P000227,335005,335038
P000227,335925,335955
P000227,336401,336451
P000227,336690,336732
P000227,339912,339930
P000227,353140,353180
P000227,354333,354375
P000227,355458,355484
P000227,356906,356935
P000227,357769,357788
P000227,358512,358552
P000227,360068,360189
P000227,366751,366788
P000227,372457,372481
P000229,1901,1964
P000229,3349,3508
P000229,4729,4953
P000229,10934,11106
P000229,21263,21338
P000229,26493,26626
P000229,32803,32881
P000229,35587,35672
P000229,37158,37182
P000229,37282,37300
P000229,44849,45041
P000229,45902,45957
P000229,46438,46453
P000229,46749,46850
P000229,52305,52326
P000229,52583,52611
P000229,53013,53063
P000229,53590,53626
P000229,54134,54173
P000229,54750,54763
P000229,54878,54894
P000229,55097,55150
P000229,55415,55430
P000229,55553,55570
P000229,57346,57376
P000229,57634,58116
P000229,58287,58329
P000229,58493,58534
P000229,59348,59378
P000229,59481,59507
P000229,83555,83590
P000229,84418,84443
P000229,85373,85527
P000229,86081,86265
P000229,86503,86527
P000229,86869,86921
P000229,87240,87271
P000229,89794,89835
P000229,90520,90557
P000229,91072,91094
P000229,92286,92494
P000229,93740,93948
P000229,94688,94723
P000229,95228,95259
P000229,95727,95876
P000229,100822,101061
P000229,101647,101675
P000229,104355,104386
P000229,106717,106885
P000229,107342,107352
P000229,108125,108153
P000229,109500,109533
P000229,109760,109884
P000229,110735,110932
P000229,113878,113897
P000229,115650,116038
P000229,116745,116772
P000229,117301,117333
P000229,117824,117852
P000229,118619,118636
P000229,119186,119202
P000229,121080,121278
P000229,121683,121814
P000229,122708,122866
P000229,123277,123442
P000229,124316,124332
P000229,125384,125417
P000229,126933,126959
P000229,128769,128889
P000229,128995,129052
P000229,129278,129338
P000229,130687,130812
P000229,130934,130964
P000229,131324,131357
P000229,133427,133579
P000229,134109,134130
P000229,134812,134835
P000229,136434,136456
P000229,137605,137624
P000229,137861,137886
P000229,141022,141055
P000229,143044,143445
P000229,144288,144321
P000229,144451,144497
P000229,144712,144751
P000229,149522,149559
P000229,160098,160191
P000229,160356,160535
P000229,162462,162510
P000229,167341,167377
P000229,171025,171135
P000229,171301,171344
P000229,173239,173515
P000229,173923,173952
P000229,174211,174266
P000229,175091,175262
P000229,177446,177477
P000229,179696,179722
P000229,180222,180265
P000229,181605,181645
P000229,181938,181982
P000229,200084,200191
P000229,200879,200903
P000229,202205,202479
P000229,202714,202753
P000229,202975,203015
P000229,203331,203368
P000229,203587,203629
P000229,204409,204455
P000229,205834,205883
P000229,205939,205955
P000229,206547,206562
P000229,206898,206915
P000229,207156,207363
P000229,207779,208021
P000229,208470,208503
P000229,209513,209538
P000229,209862,209919
P000229,214338,214381
P000229,214848,214926
P000229,215321,215339
P000229,218843,218939
P000229,219142,219170
P000229,219570,219659
P000229,220277,220316
P000229,226827,226919
P000229,227151,227314
P000229,231217,231306
P000229,231767,231784
P000229,234920,235001
P000229,236103,236131
P000229,237698,237717
P000229,238188,238247
P000229,251622,251653
P000229,251983,252010
P000229,252540,252556
P000229,252874,252923
P000229,253203,253218
P000229,253411,253428
P000229,254113,254208
P000229,256446,256563
P000229,256903,257010
P000229,257595,257631
P000229,258742,258807
P000229,259444,259477
P000229,265455,265610
P000229,265788,265982
P000229,268103,268248
P000229,273022,273108
P000229,273994,274199
P000229,274584,274625
P000229,274986,275025
P000229,283271,283353
P000229,283757,283773
P000229,284210,284259
P000229,284844,284859
P000229,285105,285122
P000229,285212,285229
P000229,296485,296624
P000229,297156,297187
P000229,298336,298362
P000229,298827,298860
P000229,299092,299129
P000229,300400,300434
P000229,303828,303865
P000229,304360,304395
P000229,304649,304677
P000229,305426,305439
P000229,305556,305572
P000229,305808,305865
P000229,306019,306034
P000229,306136,306153
P000229,306469,306672
P000229,307022,307122
P000229,307998,308206
P000229,309486,309522
P000229,310388,310442
P000229,311824,311850
P000229,313717,313734
P000229,313950,313963
P000229,314345,314358
P000229,314493,314509
P000229,314976,314991
P000229,315139,315156
P000229,315326,315441
P000229,320924,321078
P000229,321485,321528
P000229,322154,322227
P000229,330776,330879
P000229,331104,331113
P000229,331387,331396
P000229,335495,335536
P000229,337902,337915
P000229,338167,338183
P000229,338662,338677
P000229,342558,342574
P000229,345010,345083
P000229,345195,345213
P000229,345566,345592
P000229,357056,357150
P000229,357316,357350
P000229,360002,360015
P000229,360139,360155
P000229,360636,360696
P000229,361087,361119
P000229,361488,361513
P000229,362058,362129
P000229,362665,362868
P000229,363099,363353
P000229,364661,364765
P000229,364944,364965
P000229,366888,366918
P000229,366968,367011
P000229,367711,367740
P000229,370812,370832
P000229,372246,372343
P000229,372741,372757
P000229,373024,373065
P000229,373323,373456
P000229,374322,374355
P000229,375300,375444
P000229,376948,376957
P000229,378113,378200
P000229,379393,379406
P000229,379598,379614
P000229,381074,381095
P000229,384981,385135
P000229,390623,390676
P000229,403727,403748
P000229,404433,404451
P000229,417150,417315
P000229,417888,418096
P000229,418217,418255
P000229,418915,418956
P000229,419332,419372
P000229,427544,427631
P000229,427818,427877
P000229,428633,428689
P000229,429378,429430
P000229,429494,429528
P000229,429615,429649
P000229,429835,430028
P000229,430109,430182
P000229,430653,430676
P000229,434566,434636
P000229,434788,434884
P000229,435013,435032
P000229,435181,435315
P000229,435820,435842
P000229,440999,441053
P000229,442604,442628
P000229,443590,443629
P000229,443968,443990
P000229,448237,448305
P000229,448525,448545
P000229,448974,449026
P000229,449456,449479
P000229,452266,452302
P000229,452641,452835
P000229,453322,453367
P000229,453833,453886
P000230,84460,84522
P000230,84878,84907
P000230,85053,85078
P000230,85266,85291
P000230,115717,115736
P000230,117007,117023
P000230,140341,140378
P000230,157380,157412
P000230,158531,158558
P000230,159360,159385
P000230,172744,172830
P000230,191817,192058
P000230,192398,192438
P000230,192498,192592
P000230,193129,193168
P000230,193272,193418
P000230,193811,193866
P000230,194300,194359
P000230,194953,195047
P000230,195210,195253
P000230,195595,195692
P000230,203271,203306
P000230,203825,203844
P000230,204396,204420
P000230,205015,205059
P000230,205491,205511
P000230,210783,210911
P000230,211141,211251
P000230,211926,211956
P000230,216991,217156
P000230,217510,217536
P000230,217643,217669
P000230,217888,217915
P000230,233024,233083
P000230,233297,233326
P000230,234191,234225
P000230,234995,235025
P000230,235190,235248
P000230,235333,235361
P000230,235543,235579
P000230,250028,250066
P000236,3889,3944
P000236,25473,25821
P000236,25935,25964
P000236,27509,27549
P000236,28606,28663
P000236,28993,29103
P000236,34454,34575
P000236,34646,34749
P000236,35398,35477
P000236,35605,35783
P000236,36013,36044
P000236,36334,36546
P000236,36760,36778
P000236,37779,37799
P000236,38747,38862
P000236,39478,39494
P000236,39925,39939
P000236,40562,40622
P000236,43690,43870
P000236,43895,43934
P000236,43968,43997
P000236,45222,45323
P000236,45809,45932
P000236,134800,134875
P000236,134975,134984
P000236,137468,137490
P000236,140126,140165
P000236,140766,140841
P000236,142035,142079
P000236,144525,144559
P000236,145600,145648
P000236,164018,164102
P000236,165306,165330
P000236,165999,166026
P000236,193417,193456
P000236,193821,193967
P000236,194111,194128
P000236,194236,194253
P000236,194329,194385
P000236,280995,281091
P000236,289608,289628
P000236,313930,314034
P000236,334992,335032
P000236,342966,343014
P000236,344020,344060
P000236,344777,344811
P000236,347097,347129
P000236,348429,348482
P000236,350482,350522
P000236,351103,351142
P000236,352870,352981
P000236,354372,354399
P000236,361726,361765
P000236,411197,411227
P000236,412645,412690
P000236,415144,415164
P000236,418241,418269
P000236,420655,420674
P000236,422152,422179
P000236,426367,426405
P000236,427963,428009
P000236,429939,429979
P000236,432567,432613
P000236,433759,433807
P000236,435678,435731
P000236,439605,439636
P000236,441649,441697
P000236,442994,443043
P000236,446145,446179
P000236,450581,450613
P000236,451341,451383
P000236,456707,456746
P000236,459425,459496
P000236,464669,464697
P000236,466942,466987
P000236,468987,469023
P000236,471040,471082
P000236,471842,471872
P000236,474736,474763
P000236,476027,476057
P000236,476661,476693
P000236,477381,477412
P000236,477995,478019
P000236,478790,478830
P000236,479445,479482
P000236,480064,480099
P000236,482611,482652
P000236,488602,488650
P000236,490927,490982
P000236,493217,493266
P000236,494626,494677
P000236,495965,496001
P000236,496574,496614
P000236,498272,498304
P000236,500842,500869
P000236,501838,501860
P000236,503175,503218
P000236,512067,512153
P000236,513600,513645
P000236,515617,515659
P000236,518017,518050
P000236,519634,519695
P000236,521891,521914
P000236,522064,522088
P000236,522236,522256
P000236,522468,522490
P000236,522998,523015
P000236,523401,523422
P000237,5283,5890
P000237,7026,7052
P000237,8527,8550
P000237,9680,9762
P000237,10410,10423
P000237,10789,10805
P000237,11214,11228
P000237,11439,11658
P000237,11741,11860
P000237,12209,12240
P000237,12861,12889
P000237,19308,19397
P000237,20720,20736
P000237,22818,23168
P000237,25969,26042
P000237,26396,26619
P000237,27459,27523
P000237,28524,28567
P000237,29777,29822
P000237,30960,31011
P000237,31911,31958
P000237,32676,32726
P000237,33074,33093
P000237,34297,34317
P000237,34910,34965
P000237,35810,35871
P000237,36061,36473
P000237,39912,39941
P000237,40298,40386
P000237,41237,41267
P000237,41981,42095
P000237,44893,44911
P000237,47727,47770
P000237,59620,59685
P000237,63946,64216
P000237,65274,65301
P000237,65654,65679
P000237,65944,65972
P000237,66531,66558
P000237,70495,70704
P000237,72345,72394
P000237,76500,76697
P000237,78387,78573
P000237,79197,79231
P000237,79521,79582
P000237,80173,80206
P000237,80811,80831
P000237,82158,82179
P000237,84276,84402
P000237,85332,85362
P000237,85713,85743
P000237,87543,87570
P000237,89348,89516
P000237,89610,89637
P000237,90778,90947
P000237,92271,92373
P000237,97727,97765
P000237,98892,99228
P000237,103683,103731
P000237,104528,105065
P000237,106198,106214
P000237,106335,106353
P000237,106502,106524
P000237,107309,107328
P000237,110824,110874
P000237,114774,114850
P000237,115424,115456
P000237,115718,115741
P000237,115929,115958
P000237,116199,116387
P000237,117735,118011
P000237,118140,118177
P000237,118955,118975
P000237,119132,119149
P000237,119369,119593
P000237,120437,120609
P000237,121587,121625
P000237,124061,124099
P000237,125744,125763
P000237,129500,129605
P000237,129908,130045
P000237,130104,130129
P000237,130177,130202
P000237,130283,130308
P000237,130375,130402
P000237,130773,130837
P000237,131811,131882
P000237,133672,133746
P000237,135832,136033
P000237,136584,136734
P000237,137320,137386
P000237,137888,137912
P000237,138014,138042
P000237,138293,138322
P000237,139319,139339
P000237,139433,139456
P000237,139970,140018
P000237,140554,140712
P000237,141495,141529
P000237,142169,142206
P000237,142552,142889
P000237,143371,143409
P000237,143729,143776
P000237,144086,144116
P000240,9994,10103
P000240,12716,12751
P000240,13301,13576
P000240,40667,40768
P000240,56446,56485
P000240,123536,124292
P000240,128882,128969
P000240,129464,129505
P000240,129879,129973
P000240,130602,130631
P000240,131119,131153
P000240,132423,132497
P000240,136458,136467
P000240,136569,136786
P000240,137240,137275
P000240,137899,137935
P000240,141951,142085
P000240,143563,143596
P000240,155527,155562
P000240,163436,163647
P000240,166747,166800
P000240,176414,176463
P000240,237776,238026
P000240,245162,245185
P000240,246598,246623
P000240,267163,267197
P000240,267895,267950
P000240,269084,269115
P000240,269642,269661
P000240,271958,271986
P000240,273464,273493
P000240,284282,284441
P000240,284984,285040
P000240,288604,288835
P000240,292209,292476
P000240,294344,294606
P000240,295103,295151
P000240,295862,295910
P000240,302088,302370
P000240,304396,304438
P000240,305617,305711
P000240,311279,311309
P000240,312334,312370
P000240,313036,313224
P000240,314413,314451
P000240,315251,315295
P000240,316223,316509
P000240,317312,317358
P000240,317910,318008
P000240,318837,318869
P000240,319492,319625
P000240,320692,320727
P000240,322217,322368
P000240,323687,323729
P000240,602066,602626
P000240,636402,636603
P000240,666436,666519
P000240,705181,705268
P000241,6064,6177
P000241,6275,6305
P000241,7405,7614
P000241,8616,8665
P000241,9721,9779
P000241,11680,11707
P000241,12099,12323
P000241,12425,12495
P000241,12628,12812
P000241,13234,13280
P000241,13492,13543
P000241,15469,15745
P000241,18667,18703
P000241,20791,20924
P000241,23488,23857
P000241,23988,24020
P000241,24419,24447
P000241,24673,24722
P000241,24929,24954
P000241,25262,25365
P000241,25940,25966
P000241,26261,26319
P000241,30122,30165
P000241,30860,30905
P000241,34454,34511
P000241,36425,36496
P000241,36738,36847
P000241,37272,37318
P000241,37548,37630
P000241,39252,39428
P000241,42210,42281
P000241,49136,49360
P000241,50984,51020
P000241,55663,55694
P000241,58025,58098
P000241,61425,61536
P000241,64269,64378
P000241,68785,69070
P000241,71309,71492
P000241,72252,72313
P000241,73229,73244
P000241,74285,74527
P000241,75668,75713
P000241,78405,78458
P000241,82010,82058
P000241,86370,86665
P000241,87407,87728
P000241,87798,87829
P000241,88055,88088
P000241,89616,89872
P000241,91313,91366
P000241,96805,96862
P000241,98187,98291
P000241,100174,100191
P000241,100652,100724
P000241,101422,101439
P000241,106355,106406
P000241,106552,106728
P000241,107127,107179
P000241,108969,109053
P000241,109920,109939
P000241,110617,110689
P000241,111647,111664
P000241,112212,112409
P000241,112643,112706
P000241,113031,113343
P000241,114402,114495
P000241,115368,115684
P000241,118239,118349
P000241,119323,119347
P000241,120145,120162
P000241,121151,121180
P000241,126311,126358
P000241,128200,128547
P000241,129186,129256
P000241,129791,129816
P000241,132534,132592
P000241,137569,137617
P000241,146012,146160
P000241,146699,146854
P000241,147580,147611
P000241,151541,151565
P000241,152386,152561
P000241,152784,152793
P000241,153337,153417
P000241,153864,153873
P000241,154484,154908
P000241,155076,155135
P000241,155648,155672
P000241,156480,156538
P000241,158616,158665
P000241,159439,159490
P000241,160463,160620
P000241,161779,161857
P000241,162322,162343
P000241,164817,164970
P000241,166216,166562
P000241,167177,167234
P000241,168650,168708
P000241,169390,169696
P000241,175281,175314
P000241,176049,176215
P000241,177894,178105
P000241,178259,178356
P000241,178970,179004
P000241,180885,180917
P000241,181254,181529
P000241,182852,182889
P000241,183283,183326
P000241,184870,185004
P000241,185416,185474
P000241,185746,185961
P000241,186351,186415
P000241,187032,187063
P000241,188014,188050
P000241,192145,192228
P000241,192279,192298
P000241,193565,193586
P000241,193997,194157
P000241,195844,195892
P000241,198682,198860
P000241,206913,206971
P000241,211195,211214
P000241,214673,214701
P000241,219083,219125
P000241,221549,221670
P000241,221703,221730
P000241,223321,223362
P000241,230723,231062
P000241,231064,231082
P000241,231194,231222
P000241,231331,231362
P000241,232528,232652
P000241,232689,232707
P000241,234723,234763
P000241,235187,235281
P000241,235453,235484
P000241,240933,240959
P000241,243240,243417
P000241,248695,249059
P000241,249362,249381
P000241,249596,249605
P000241,251468,251628
P000241,251771,251952
P000241,252684,252723
P000241,253909,253950
P000241,254588,254728
P000241,257407,257457
P000241,258467,258560
P000241,259927,259957
P000241,261474,261645
P000241,261840,261862
P000241,262248,262584
P000241,262897,262926
P000241,263530,263563
P000241,263984,264026
P000241,270583,270614
P000241,271480,271504
P000241,271986,272077
P000241,273871,273915
P000241,275405,275413
P000241,276757,276785
P000241,278595,278706
P000241,279126,279152
P000241,284952,285004
P000241,287043,287232
P000241,290905,291046
P000241,292182,292217
P000241,295050,295192
P000241,298617,298794
P000241,299990,300024
P000241,300219,300357
P000241,301194,301389
P000241,301977,302129
P000241,302329,302359
P000241,302616,302641
P000241,303987,304022
P000241,305689,305865
P000241,306964,307106
P000241,308594,308743
P000241,310515,310544
P000241,313387,313490
P000241,313559,313577
P000241,314000,314043
P000241,314802,314939
P000241,316331,316371
P000241,317678,317981
P000241,324992,325097
P000241,326181,326272
P000241,329840,329962
P000241,330228,330260
P000241,333121,333144
P000241,338476,338566
P000241,340319,340397
P000241,343553,343754
P000241,344598,344732
P000241,344831,344873
P000241,347035,347304
P000241,349461,349513
P000241,350320,350346
P000241,352194,352400
P000241,353781,353858
P000241,358608,358686
P000241,358840,358858
P000241,359051,359132
P000241,362157,362361
P000241,364197,364239
P000241,364566,364731
P000241,368624,368661
P000241,369977,370310
P000241,370835,370858
P000241,373455,373564
P000241,374859,374890
P000241,375327,375357
P000241,380351,380544
P000241,386609,386787
P000241,389837,389887
P000241,390828,391109
P000241,391751,391837
P000241,393330,393600
P000241,394486,394545
P000241,397551,397624
P000241,400493,400723
P000241,403143,403287
P000241,403418,403473
P000241,404484,404658
P000241,405050,405258
P000241,406889,406905
P000241,412941,412993
P000241,417267,417412
P000241,417631,417659
P000241,417950,418024
P000241,418331,418351
P000241,424369,424404
P000241,424708,424768
P000241,426713,426776
P000241,432784,432825
P000241,433361,433394
P000241,433960,433997
P000241,436138,436167
P000241,436482,436501
P000241,436629,436651
P000241,445032,445189
P000241,445189,445226
P000241,446170,446212
P000241,446772,446873
P000241,447725,447841
P000241,450061,450099
P000241,451818,451961
P000241,454248,454313
P000241,458461,458625
P000241,459972,460107
P000241,465181,465208
P000241,467538,467683
P000241,469356,469661
P000241,477524,477565
P000241,485459,485571
P000241,487274,487302
P000241,489579,489619
P000241,495203,495283
P000241,502761,502784
P000241,506540,506570
P000241,507121,507230
P000241,507881,507977
P000241,508122,508165
P000241,508521,508565
P000242,7303,7327
P000242,7417,7532
P000242,11932,11982
P000242,18572,18594
P000242,27037,27053
P000242,27999,28014
P000242,29080,29094
P000242,32637,32665
P000242,32765,32887
P000242,35573,35601
P000242,37992,38209
P000242,38225,38390
P000242,38942,38961
P000242,39346,39365
P000242,39681,39698
P000242,40056,40084
P000242,41634,41693
P000242,42276,42447
P000242,43174,43199
P000242,43651,43679
P000242,43929,43956
P000242,45723,45758
P000242,46845,47104
P000242,48686,48701
P000242,49140,49156
P000242,49480,49494
P000242,49971,49999
P000242,50451,50505
P000242,51400,51507
P000242,51851,51875
P000242,51913,52061
P000242,60388,60426
P000242,64505,64550
P000242,65838,65932
P000242,65934,65964
P000242,66748,67187
P000242,69754,69786
P000242,71637,71675
P000242,72577,72612
P000242,73867,74094
P000242,79083,79126
P000242,80342,80366
P000242,81636,81666
P000242,84191,84219
P000242,87135,87160
P000242,88159,88321
P000242,92208,92239
P000242,93151,93210
P000242,93597,93613
P000242,94194,94211
P000242,94366,94385
P000242,95824,95836
P000242,95918,95935
P000242,96288,96304
P000242,96604,96834
P000242,107145,107202
P000242,108818,108879
P000242,110968,111020
P000242,117167,117225
P000242,119898,119957
P000242,120640,120670
P000242,122100,122132
P000242,123276,123319
P000242,130762,130887
P000242,131070,131303
P000242,132170,132264
P000242,133204,133232
P000242,136896,136930
P000242,139320,139472
P000242,139561,139580
P000242,139824,139871
P000242,140283,140313
P000242,143035,143064
P000242,143228,143254
P000242,143493,143521
P000242,151453,151617
P000242,151942,152133
P000242,152991,153010
P000242,153395,153413
P000242,154330,154347
P000242,155181,155197
P000242,155764,155801
P000242,156157,156196
P000242,156665,156788
P000242,157458,157618
P000242,163293,163381
P000242,163764,163788
P000242,164188,164221
P000242,165592,165653
P000242,168499,168548
P000242,171912,171964
P000242,177074,177237
P000242,177978,178014
P000242,179686,179779
P000242,180514,180544
P000242,183193,183230
P000242,183869,183901
P000242,183951,183973
P000242,185180,185199
P000242,186504,186534
P000242,188467,188572
P000242,192631,192726
P000242,193525,193545
P000242,195798,195877
P000242,201310,201401
P000242,202185,202272
P000242,203869,203892
P000242,204472,204507
P000242,206776,206814
P000242,211770,211803
P000242,212624,212661
P000242,213731,213773
P000242,235494,235686
P000242,236221,236278
P000242,236458,236495
P000242,237684,237838
P000242,238264,238300
P000242,239054,239091
P000242,243392,243477
P000242,243945,243966
P000242,249525,249549
P000242,250215,250302
P000242,250801,250951
P000242,251284,251322
P000242,252481,252511
P000242,253497,253660
P000242,253820,253839
P000242,254225,254253
P000242,254392,254409
P000242,254592,254610
P000242,255538,255594
P000242,256363,256447
P000242,258424,258497
P000242,258695,258803
P000242,259182,259221
P000242,261407,261432
P000242,262058,262177
P000242,263644,263726
P000242,265332,265350
P000242,270058,270078
P000242,272587,272714
P000242,273081,273205
P000242,277488,277526
P000242,278143,278289
P000242,278644,278833
P000242,280921,281026
P000242,281838,282022
P000242,283841,283915
P000242,289299,289364
P000242,294092,294271
P000242,294734,294885
P000242,296668,296802
P000242,297588,297608
P000242,300077,300099
P000242,303071,303156
P000242,303321,303351
P000242,305883,306053
P000242,309394,309425
P000242,310804,310944
P000242,311190,311303
P000242,313923,314082
P000242,315106,315138
P000242,315428,315463
P000242,318338,318596
P000242,320990,321063
P000242,321585,321664
P000242,321782,321901
P000242,324225,324304
P000242,325890,325910
P000242,327164,327297
P000242,327527,327610
P000242,328438,328465
P000242,329262,329307
P000242,331550,331701
P000242,332503,332653
P000242,332984,333107
P000242,339592,339666
P000242,339908,339928
P000242,341342,341358
P000242,341874,341905
P000242,343212,343237
P000242,345660,345686
P000242,347402,347435
P000242,349717,349902
P000242,351606,351820
P000242,353280,353307
P000242,353800,353831
P000242,354359,354391
P000242,354750,354876
P000242,356053,356092
P000242,357735,357883
P000242,359081,359256
P000242,363304,363406
P000242,363703,364000
P000242,364939,364985
P000242,365674,365725
P000242,366498,366578
P000242,368240,368265
P000242,369561,369592
P000242,371221,371433
P000242,372679,372734
P000242,374537,374610
P000242,376263,376299
P000242,377505,377595
P000242,379071,379286
P000242,381066,381114
P000242,383274,383641
P000242,387009,387052
P000242,388285,388372
P000242,389725,389785
P000242,390396,390482
P000242,392722,392802
P000242,394474,394508
P000242,396034,396117
P000242,396704,396762
P000242,397346,397546
P000242,399526,399564
P000242,403699,403794
P000242,404686,404767
P000242,405240,405258
P000242,405747,405775
P000242,407578,407707
P000242,408616,408707
P000242,409900,410019
P000242,411839,411867
P000242,413401,413429
P000242,414127,414147
P000242,415218,415308
P000242,415582,415729
P000242,416127,416190
P000242,417199,417335
P000242,417952,417981
P000242,418877,418965
P000242,419877,419897
P000242,422972,423113
P000242,424057,424194
P000242,424872,424930
P000242,425888,426011
P000242,426667,426685
P000242,427572,427627
P000242,428454,428600
P000242,429022,429042
P000242,432954,432974
P000242,433849,433880
P000242,435168,435213
P000242,438923,439016
P000242,439872,439892
P000242,440664,440942
P000242,441920,441967
P000242,442855,442897
P000242,443791,443834
P000242,445090,445122
P000242,446346,446381
P000242,448407,448558
P000242,454635,454676
P000242,456484,456680
P000242,457463,457753
P000242,458103,458137
P000242,459520,459549
P000242,459948,460067
P000242,460541,460590
P000245,6438,6861
P000245,7454,7496
P000245,7706,7727
P000245,8214,8238
P000245,8502,8522
P000245,214521,214637
P000245,214766,214797
P000245,214926,214943
P000246,658,669
P000246,2788,2813
P000246,4883,5362
P000246,6393,6423
P000246,6731,7023
P000246,8347,8539
P000246,8642,8680
P000246,8828,8863
P000246,9301,9327
P000246,10536,10561
P000246,12303,12350
P000246,13252,13305
P000246,13993,14160
P000246,14724,14748
P000246,14820,14835
P000246,14944,14967
P000246,15078,15102
P000246,16386,16408
P000246,17576,17883
P000246,20133,20178
P000246,21118,21214
P000246,22104,22147
P000246,23437,23521
P000246,24244,24313
P000246,25475,25542
P000246,25899,25939
P000246,26344,26438
P000246,26905,26917
P000246,27231,27249
P000246,27662,27703
P000246,29120,29216
P000246,29778,29862
P000246,32710,32772
P000246,34747,34816
P000246,39695,39715
P000246,39969,40648
P000246,42047,42090
P000246,45755,45784
P000246,47034,47176
P000246,50086,50105
P000246,51416,51479
P000246,52769,52795
P000246,53788,53817
P000246,54435,54460
P000246,55246,55268
P000246,56005,56028
P000246,56633,56662
P000246,57543,57568
P000246,58403,58437
P000246,59763,59791
P000246,60198,60230
P000246,61177,61206
P000246,63859,63892
P000246,64106,64129
P000246,64600,64624
P000246,65324,65348
P000246,65642,65669
P000246,65804,65834
P000246,66282,66399
P000246,66923,67000
P000246,80176,80200
P000246,84262,84404
P000246,90590,90612
P000246,91993,92036
P000246,92712,92732
P000246,92984,93949
P000246,97755,97822
P000246,98695,98755
P000246,99600,99633
P000246,102023,102193
P000246,103776,103796
P000246,105099,105130
P000246,106054,106110
P000246,114166,114182
P000246,115662,115779
P000246,121722,121756
P000246,122932,122952
P000246,123328,123734
P000246,124563,124892
P000246,132847,132893
P000246,134750,134979
P000246,139323,139369
P000246,140685,140738
P000246,144878,145070
P000246,150941,150986
P000246,156575,156611
P000246,162518,162538
P000246,162752,163163
P000246,164019,164198
P000246,167920,167959
P000246,175079,175097
P000246,175225,175272
P000246,178435,178547
P000246,179244,179384
P000246,182444,182473
P000246,186197,186569
P000246,192298,192332
P000246,195134,195289
P000246,202467,202673
P000246,209916,209953
P000246,217653,217822
P000246,218808,218843
P000246,222937,222971
P000246,226648,226836
P000246,235581,235617
P000246,237204,237316
P000246,237566,237599
P000246,237601,237635
P000246,238351,238372
P000246,239967,240013
P000246,241580,241600
P000246,241839,242078
P000246,249084,249193
P000246,249770,249797
P000246,250353,250374
P000246,251540,252096
P000246,258501,258536
P000246,268483,268533
P000246,278925,278974
P000246,286273,286330
P000246,293769,293821
P000246,301690,301925
P000246,303451,303519
P000246,316954,317180
P000246,322118,322164
P000246,330448,330508
P000246,335036,335056
P000246,335422,336053
P000246,337457,337651
P000246,337948,338161
P000246,339875,340118
P000246,350187,350268
P000246,352552,352626
P000246,363302,363409
P000246,364159,364386
P000246,376036,376144
P000246,378986,379137
P000246,381232,381262
P000246,387976,388011
P000246,389796,389818
P000246,392375,392396
P000246,393137,393251
P000246,397754,397783
P000246,399054,399074
P000246,399330,399650
P000246,401064,401164
P000246,401873,402187
P000246,404437,404477
P000246,405152,405208
P000246,414937,414997
P000246,422444,422477
P000246,433634,433721
P000246,434696,434966
P000246,438015,438053
P000246,453293,453322
P000246,458746,458794
P000246,463006,463037
P000246,466519,466670
P000246,467667,467986
P000246,468851,468986
P000246,479220,479248
P000246,481057,481089
P000246,482878,482898
P000246,483522,483689
P000246,485307,485624
P000246,489584,489613
P000246,492033,492076
P000246,497252,497293
P000246,500933,501041
P000246,503964,504160
P000246,507814,507859
P000246,509712,509755
P000246,512160,512296
P000246,520698,520804
P000246,523904,523927
P000246,530002,530046
P000246,533411,533431
P000246,533639,533892
P000246,536902,537307
P000246,538229,538260
P000246,539985,540026
P000246,541827,542102
P000246,544142,544171
P000246,551860,551890
P000246,562378,562477
P000246,564066,564098
P000246,566403,566443
P000246,570171,570315
P000246,579544,579583
P000246,582805,583080
P000246,586033,586246
P000246,592244,592275
P000246,593486,593703
P000246,596789,596837
P000246,597674,597714
P000246,599626,599989
P000246,602405,602441
P000246,604736,604781
P000246,605513,605709
P000246,610506,610538
P000246,613384,613419
P000246,613969,613996
P000246,616273,616416
P000246,617771,617806
P000246,618874,618985
P000246,619337,619527
P000246,621382,621417
P000246,622156,622205
P000246,623564,623735
P000246,626625,627011
P000246,628114,628179
P000246,629384,629620
P000246,635454,635563
P000246,636669,636684
P000246,636791,636809
P000246,639930,639959
P000246,644025,644064
P000246,644815,644892
P000246,647286,647340
P000246,652468,652650
P000246,655771,655829
P000246,665484,665504
P000246,665864,665999
P000246,667384,667902
P000246,669515,669595
P000246,716403,716445
P000246,718310,718357
P000246,722716,722763
P000246,724354,724555
P000246,725551,725573
P000246,725775,725811
P000246,726083,726125
P000246,727728,727975
P000247,34377,34406
P000247,35377,35408
P000247,35675,35710
P000247,36970,37004
P000247,41333,41399
P000247,41738,41800
P000247,42628,42695
P000247,43654,43704
P000250,24062,24359
P000250,25015,25292
P000250,25537,25595
P000250,26113,26187
P000250,26256,26290
P000250,26744,27331
P000250,27445,27498
P000250,27563,27620
P000250,27684,27719
P000250,28128,28159
P000250,28293,28501
P000250,28640,28693
P000250,29420,29654
P000250,29803,29861
P000250,29985,30012
P000250,30177,30409
P000250,30561,30634
P000250,30806,31042
P000250,31439,31466
P000250,31617,31732
P000250,32019,32047
P000250,32245,32553
P000250,33209,33624
P000250,33752,33774
P000250,33894,33921
P000250,34296,34532
P000250,34676,34713
P000250,34782,35045
P000250,35319,35397
P000250,35578,36363
P000250,36477,36518
P000250,36584,36621
P000250,36685,36868
P000250,36976,37018
P000250,37173,37208
P000250,37360,37608
P000250,37658,37702
P000250,37736,37792
P000250,37848,37997
P000250,38136,38314
P000250,38822,38855
P000250,38857,38905
P000250,39091,39396
P000250,39545,39592
P000250,39716,39777
P000250,39942,39972
P000250,40294,40475
P000250,40665,41044
P000250,41253,41287
P000250,41336,41373
P000250,41401,41530
P000250,41610,41890
P000250,41935,41974
P000250,42056,42098
P000250,42155,42201
P000250,42311,42351
P000250,42353,42826
P000250,43482,43740
P000250,43885,44063
P000250,44237,44269
P000250,44271,44323
P000250,44467,44518
P000250,44587,44619
P000250,45073,45335
P000250,45337,45384
P000250,45553,45603
P000250,45725,45781
P000250,45915,46186
P000250,46326,46375
P000250,46918,46971
P000250,47114,47175
P000250,47221,47482
P000250,47632,47682
P000250,47806,47853
P000250,48169,48223
P000250,48395,48587
P000250,48985,49032
P000250,49184,49240
P000250,49724,50529
P000250,50930,51167
P000250,51215,51298
P000250,51300,51364
P000250,51366,51592
P000250,51909,51984
P000250,52286,52503
P000250,52572,52616
P000250,52694,52739
P000250,52741,52777
P000250,53231,53396
P000250,53637,53670
P000250,54079,54121
P000250,54411,54880
P000250,54918,54957
P000250,55005,55137
P000250,55161,55200
P000250,55223,55351
P000250,55384,55423
P000250,55458,55543
P000250,55569,55586
P000250,55610,55709
P000250,55767,55789
P000250,55989,56025
P000250,56063,56105
P000250,56248,56735
P000250,56929,57036
P000250,57323,57446
P000250,57768,58033
P000250,58430,58482
P000250,58633,58919
P000250,58964,59011
P000250,59099,59260
P000250,59310,59348
P000250,61252,61626
P000250,61944,61968
P000250,62952,63078
P000250,63478,63509
P000250,64518,64566
P000250,65804,66647
P000250,66858,66897
P000250,67811,67840
P000250,68325,68355
P000250,69304,69339
P000250,70232,70407
P000250,70916,71002
P000250,71401,71419
P000250,72326,72365
P000250,72764,72981
P000250,75062,75117
P000250,76702,77040
P000250,78706,78756
P000250,82104,82143
P000250,84021,84053
P000250,85643,85705
P000250,86967,86985
P000250,98263,98426
P000250,98596,98628
P000250,98801,98829
P000250,101999,102207
P000250,102423,102992
P000250,103839,103859
P000250,104307,104352
P000250,104699,104924
P000250,105327,105364
P000250,105643,105766
P000250,105853,105886
P000250,106213,106242
P000250,108321,108494
P000250,108778,108884
P000250,109161,109183
P000250,109315,109342
P000250,109374,109399
P000250,109606,109622
P000250,109663,109855
P000250,110455,110494
P000250,111868,111908
P000250,112256,112290
P000250,113429,113663
P000250,122350,122528
P000250,126000,126032
P000250,126113,126459
P000251,526,626
P000251,1950,2046
P000251,3270,3291
P000251,3600,3654
P000251,4254,4397
P000251,4710,4904
P000251,5140,5181
P000251,5430,5468
P000251,5874,5913
P000251,6039,6069
P000251,6204,6341
P000251,7448,7478
P000251,7621,7667
P000251,9151,9591
P000251,10919,10965
P000251,12481,12593
P000251,12822,12847
P000251,13171,13196
P000251,14259,14292
P000251,14531,14709
P000251,15186,15205
P000251,15575,15600
P000251,16129,16222
P000251,16797,16821
P000251,17461,17490
P000251,18379,18423
P000251,18959,18987
P000251,20845,20949
P000251,21278,21306
P000251,21581,21681
P000251,22745,22773
P000251,23964,24291
P000251,24649,24669
P000251,25252,25276
P000251,27338,27372
P000251,30217,30382
P000251,30799,30833
P000251,31257,31299
P000251,31473,31503
P000251,32058,32091
P000252,454,591
P000252,2259,2268
P000252,3279,3288
P000252,4241,4249
P000252,6325,6389
P000252,8701,8973
P000252,11671,11714
P000252,11928,11937
P000252,14250,14394
P000252,15790,15799
P000252,16869,16878
P000252,17788,17796
P000252,18541,18548
P000252,19265,19274
P000252,19852,19861
P000252,20408,20452
P000252,20717,20768
P000252,21958,22097
P000252,22884,22988
P000252,24162,24171
P000252,25063,25072
P000252,26051,26059
P000252,26904,26935
P000252,28647,28737
P000252,30409,30418
P000252,31100,31109
P000253,4713,5178
P000253,7030,7080
P000253,8421,8737
P000253,12941,13022
P000253,16856,16882
P000253,24857,25131
P000253,26380,26450
P000253,27204,27258
P000253,34075,34108
P000253,34825,34853
P000253,35348,35375
P000253,40702,40735
P000253,45264,45295
P000254,4367,4777
P000254,4779,4809
P000254,5613,5653
P000254,6672,6722
P000254,6990,7171
P000254,7724,7783
P000254,20828,21005
P000254,22371,22488
P000254,26833,27402
P000254,28500,28526
P000254,30836,31047
P000254,31516,31567
P000254,34536,34649
P000254,34798,34835
P000254,57492,57521
P000254,59024,59056
P000254,59693,59813
P000254,59990,60155
P000254,65823,66146
P000254,67199,67314
P000254,68048,68069
P000254,68254,68356
P000254,69826,69892
P000254,81079,81136
P000254,88435,88612
P000254,88891,88940
P000254,89292,89407
P000254,89576,89664
P000254,93308,93376
P000254,93641,93810
P000254,98443,98738
P000254,100736,100781
P000254,104579,104751
P000254,107683,107713
P000254,109094,109183
P000254,110304,110435
P000254,110437,110472
P000254,112427,112455
P000254,124920,124950
P000254,130224,130263
P000254,130792,131111
P000254,131725,131771
P000254,132128,132182
P000254,132350,132564
P000254,132679,132748
P000254,132986,133001
P000254,133123,133153
P000254,133480,133565
P000254,134063,134284
P000254,134668,134715
P000254,135217,135308
P000254,135561,135683
P000254,135878,135932
P000254,138049,138166
P000254,138299,138356
P000254,138694,138767
P000254,139406,139480
P000254,139790,139816
P000254,140464,140556
P000254,140558,140568
P000254,140790,140817
P000254,141459,141559
P000254,141748,141786
P000254,142065,142297
P000254,142419,142530
P000254,142646,142706
P000254,143783,143952
P000254,146001,146179
P000254,148002,148117
P000254,149460,149483
P000254,149858,149905
P000254,150732,150822
P000254,151566,151606
P000254,152180,153036
P000254,161712,161740
P000254,172657,172706
P000254,174188,174349
P000254,174625,174653
P000254,177922,178312
P000254,178445,178556
P000254,178791,178835
P000254,178999,179068
P000254,180007,180371
P000254,180796,180842
P000254,181136,181191
P000254,182679,182837
P000254,184106,184473
P000254,186325,186766
P000254,187020,187173
P000254,187313,187349
P000254,187561,187599
P000254,188566,188690
P000254,189317,189407
P000254,197897,198180
P000254,200032,200057
P000254,200358,200404
P000254,200603,200653
P000254,200830,200933
P000254,201599,201650
P000254,202718,202845
P000254,203895,203933
P000254,206118,206220
P000254,206337,206537
P000254,207284,207350
P000254,207708,207754
P000254,210151,210326
P000254,212317,212351
P000254,217446,217490
P000254,218389,218406
P000259,583,739
P000259,1941,2197
P000259,3614,3633
P000259,7145,7167
P000259,9623,9674
P000259,11231,11637
P000259,12603,12633
P000259,14349,14409
P000259,14786,14832
P000259,15577,15623
P000259,16983,17054
P000259,18106,18228
P000259,18596,18626
P000259,18862,18898
P000259,19150,19177
P000259,20635,20665
P000259,21498,21534
P000259,26253,26289
P000259,27205,27240
P000259,28529,28619
P000259,28883,28903
P000259,29897,30329
P000259,30975,31027
P000259,32828,32880
P000259,35109,35156
P000259,36657,36715
P000259,37845,37896
P000259,39970,40185
P000259,40407,40440
P000259,43009,43075
P000259,44944,44986
P000259,45772,45846
P000259,46593,46661
P000259,47715,47842
P000259,48176,48251
P000259,49625,49910
P000259,51900,51954
P000259,54182,54242
P000259,54797,54875
P000259,59589,59620
P000259,60105,60141
P000259,62614,62948
P000259,63426,63459
P000259,64878,64914
P000259,66235,66318
P000259,67723,67764
P000259,68631,68668
P000259,69344,69383
P000259,71275,71343
P000259,72031,72069
P000259,72492,72561
P000259,72962,73023
P000259,73486,73531
P000259,74365,74471
P000259,74857,74893
P000259,75210,75241
P000259,75966,76022
P000259,78304,78458
P000259,79267,79339
P000259,81258,81299
P000259,82149,82204
P000259,82800,82838
P000259,83242,83440
P000259,84083,84128
P000259,84588,84626
P000259,85710,85746
P000259,86225,86291
P000259,87663,87703
P000259,88084,88137
P000259,88807,88834
P000259,89123,89199
P000259,89809,89841
P000259,90337,90375
P000259,90781,90871
P000259,92266,92333
P000259,92686,92718
P000259,92929,92967
P000259,93782,93920
P000259,94274,94331
P000259,95100,95118
P000259,96378,96441
P000259,96744,96762
P000259,97201,97256
P000259,98729,98898
P000259,99251,99295
P000259,99937,99961
P000259,100368,100412
P000259,101166,101537
P000259,102044,102103
P000259,102535,102575
P000259,103160,103384
P000259,104684,104739
P000259,105237,105314
P000259,105406,105444
P000259,105768,105801
P000259,106080,106153
P000259,107468,107509
P000259,108003,108026
P000259,108688,108881
P000259,110180,110207
P000259,110830,110869
P000259,111131,111181
P000259,112332,112447
P000259,112898,112940
P000259,113126,113161
P000259,113819,113918
P000259,114386,114433
P000259,114862,114885
P000259,115715,115754
P000259,116160,116190
P000259,116880,116922
P000259,117391,117398
P000259,118058,118230
P000259,118676,118718
P000259,119139,119190
P000259,119616,119678
P000259,120960,121040
P000259,121443,121480
P000259,121922,122246
P000259,123577,123642
P000259,124231,124269
P000259,126581,126709
P000259,128822,128862
P000259,129727,129770
P000259,130717,130781
P000259,131609,131657
P000259,132636,132705
P000259,134385,134500
P000259,135488,135556
P000263,84379,84398
P000263,91300,91345
P000263,92434,92467
P000263,97399,97435
P000263,100783,100997
P000263,106746,106998
P000263,107078,107097
P000263,107627,107715
P000263,108011,108032
P000263,112083,112288
P000263,113861,113916
P000263,115869,115890
P000263,118288,118434
P000263,118958,118979
P000263,123104,123201
P000263,125130,125271
P000263,125746,125811
P000263,128582,128619
P000263,132563,132771
P000263,138452,138487
P000263,140151,140183
P000263,144548,144715
P000263,145863,145921
P000263,146678,146697
P000263,152388,152598
P000263,157147,157278
P000263,159101,159134
P000263,167044,167180
P000263,167631,167848
P000263,168136,168164
P000263,168384,168424
P000263,170562,170713
P000263,174587,174778
P000263,175121,175149
P000263,179611,180097
P000263,180259,180297
P000263,181032,181143
P000263,183193,183250
P000263,184093,184140
P000263,185008,185582
P000263,186197,186256
P000263,204211,204248
P000263,207441,207567
P000263,207993,208305
P000263,209584,209856
P000263,210830,210882
P000263,212326,212380
P000263,213821,213960
P000263,214191,214281
P000263,216910,217097
P000263,217977,218013
P000263,219296,219337
P000263,220414,220455
P000263,223905,223999
P000263,226868,226991
P000263,227710,227746
P000263,228264,228294
P000263,230225,230665
P000263,230790,230825
P000263,231418,231470
P000263,232626,232674
P000263,233738,233780
P000263,234530,234575
P000263,235243,235734
P000263,236268,236325
P000263,237566,237652
P000263,239367,239432
P000263,240791,240839
P000263,242438,242608
P000263,242874,243077
P000263,244064,244124
P000263,245783,246877
P000263,248320,248416
P000263,252465,252584
P000263,253306,253847
P000263,254862,254887
P000263,255309,255336
P000263,256277,256408
P000263,258249,258290
P000263,258986,259537
P000263,259666,259762
P000263,260287,260405
P000263,261686,261923
P000263,262770,262821
P000263,263943,263991
P000263,264629,264914
P000263,265410,265488
P000263,266091,266158
P000263,266559,266766
P000263,269496,269717
P000263,275999,276027
P000263,276721,276756
P000263,277214,277421
P000263,277836,277889
P000263,278816,278861
P000263,280915,280944
P000263,281305,281418
P000263,281723,281750
P000263,283210,283331
P000263,285529,285558
P000263,286695,286833
P000263,287050,287446
P000263,288647,288683
P000263,289194,289537
P000263,290992,291071
P000263,292182,292251
P000263,293270,293408
P000263,295335,295362
P000263,296086,296262
P000263,296734,297105
P000263,298101,298150
P000263,299461,299665
P000263,301499,301668
P000263,302621,302681
P000263,303468,303488
P000263,304856,304885
P000263,305330,305736
P000263,305811,305904
P000263,307419,307606
P000263,308001,308114
P000263,308793,308981
P000263,309078,309113
P000263,309209,309256
P000263,310013,310043
P000263,310413,310565
P000263,310934,311208
P000263,311932,312303
P000263,313173,313187
P000263,313487,313500
P000263,314388,314453
P000263,314948,314981
P000263,319059,319109
P000263,322350,322380
P000263,323502,323526
P000263,324114,324145
P000263,325087,325340
P000263,325861,325904
P000263,325978,326152
P000263,327555,327708
P000263,327857,327946
P000263,328094,328122
P000263,330705,330855
P000263,331516,331698
P000263,332811,332866
P000263,334491,334638
P000263,335871,336169
P000263,336561,336605
P000263,338086,338135
P000263,339937,339972
P000263,340286,340432
P000263,340707,340735
P000263,344360,344710
P000263,344938,345278
P000263,346258,346327
P000263,347601,347653
P000263,348435,348484
P000263,349227,349264
P000263,349961,350030
P000263,350315,350343
P000263,350761,350847
P000263,351671,351714
P000263,352633,352668
P000263,353352,353425
P000263,354342,354397
P000263,355376,355422
P000263,355712,355925
P000263,356373,356410
P000263,357491,357524
P000263,358437,358471
P000263,359816,359918
P000263,362291,362460
P000263,362694,362975
P000263,363881,364083
P000263,372597,372631
P000263,375384,375625
P000263,376077,376139
P000263,378484,378538
P000263,379032,379089
P000263,379705,379810
P000263,380116,380149
P000263,380479,380529
P000263,380840,380897
P000263,381251,381296
P000263,382114,382501
P000263,385406,385423
P000263,385670,385705
P000263,387653,387689
P000263,389956,390000
P000263,391985,392128
P000263,401327,401546
P000263,403789,403983
P000263,404252,404358
P000263,409290,409335
P000263,417724,417753
P000263,419873,419896
P000263,420038,420059
P000263,420949,421091
P000263,421410,422079
P000263,422820,422839
P000263,425666,425682
P000263,426654,426730
P000263,427158,427204
P000263,427652,427934
P000263,430608,430657
P000263,431285,431509
P000263,432366,432474
P000263,434318,434361
P000263,434815,434860
P000263,435416,435542
P000263,435864,436157
P000263,436847,436896
P000263,439202,439244
P000263,440094,440320
P000263,444426,444555
P000263,445855,445875
P000263,446367,446399
P000263,447193,447374
P000263,449896,449931
P000263,451207,451252
P000263,452733,452840
P000263,455486,455522
P000263,456646,456655
P000263,461061,461101
P000263,462506,462688
P000263,464166,464205
P000263,465222,465260
P000263,465972,466013
P000263,466760,466795
P000263,471801,472264
P000263,472977,473170
P000263,478916,478958
P000263,479616,480150
P000263,481252,481375
P000263,484554,484573
P000263,485592,485617
P000263,486688,486856
P000263,487035,487085
P000263,487433,487471
P000263,489190,489216
P000263,491377,491440
P000263,494898,494966
P000263,496893,497059
P000263,497280,497381
P000263,497651,497799
P000263,498366,498403
P000263,498692,498723
P000263,498934,498969
P000263,499193,499262
P000263,500268,500295
P000263,500581,500645
P000263,500841,500882
P000263,501469,501503
P000263,501864,501885
P000263,502753,502773
P000263,505265,505575
P000263,507084,507120
P000263,507379,507415
P000263,507804,507833
P000263,508311,508458
P000263,508913,509018
P000263,509113,509132
P000263,509217,509239
P000263,510084,510107
P000263,510921,510998
P000263,511681,511770
P000263,512202,512279
P000263,515234,515263
P000263,516176,516317
P000263,516885,517197
P000263,520246,520299
P000263,521067,521230
P000263,521374,521485
P000263,521555,521699
P000263,521993,522025
P000263,522388,522425
P000263,523000,523038
P000263,523226,523406
P000263,523712,523746
P000263,524535,524574
P000263,527559,527587
P000263,529735,529810
P000263,531674,531700
P000263,533662,533905
P000263,536290,536330
P000263,538044,538196
P000263,538814,538981
P000263,549264,549300
P000263,549660,549777
P000263,553211,553353
P000263,557004,557087
P000263,562388,562538
P000263,562768,562822
P000263,564781,564997
P000263,566415,566454
P000263,580199,580219
P000263,580864,580937
P000263,581560,581633
P000263,582002,582050
P000263,582544,582590
P000263,583004,583048
P000263,583418,583471
P000263,584738,584807
P000263,585697,585737
P000263,586749,586778
P000263,587210,587373
P000263,587676,587827
P000263,588998,589081
P000263,589612,589699
P000263,590153,590237
P000263,590878,590964
P000263,591660,591721
P000263,592381,592410
P000263,592740,593297
P000263,593864,593972
P000263,594118,594136
P000263,594342,594359
P000263,594509,594527
P000263,596615,596664
P000263,599239,599365
P000263,599619,599650
P000263,600929,600981
P000263,608528,608564
P000263,608761,608778
P000263,609630,609788
P000263,610198,610412
P000263,612499,612636
P000263,615080,615114
P000263,617166,617222
P000263,619847,620033
P000263,620908,620959
P000263,624372,624571
P000263,625733,625766
P000263,627343,627384
P000263,629433,629553
P000263,630243,630276
P000263,635083,635122
P000263,637117,637163
P000263,640905,641174
P000263,642677,642709
P000263,643170,643275
P000263,643835,643880
P000263,644739,644783
P000263,645047,645108
P000263,645638,645670
P000263,646231,646625
P000263,646944,647024
P000263,647561,647593
P000263,648007,648053
P000263,648217,648257
P000263,649454,649640
P000263,651848,651877
P000263,652700,652725
P000263,653007,653039
P000263,655156,655195
P000263,656424,656640
P000263,657005,657039
P000263,657642,657676
P000263,658817,658918
P000263,660598,660649
P000263,662259,662323
P000263,665115,665262
P000263,665437,665671
P000263,667624,667684
P000263,668513,668549
P000263,670445,670473
P000263,670839,671001
P000263,671278,671577
P000263,672354,672531
P000263,672759,672985
P000263,681075,681163
P000263,682484,682537
P000263,684682,684721
P000263,687740,687773
P000263,688066,688097
P000263,689661,689696
P000263,690994,691095
P000263,694260,694305
P000263,694677,694806
P000263,695768,695819
P000263,699758,699784
P000263,700644,700858
P000263,702012,702046
P000263,702992,703018
P000263,705132,705153
P000263,706726,706769
P000263,707232,707266
P000263,708764,708803
P000263,709304,709402
P000263,710636,710698
P000263,712767,712801
P000263,713051,713094
P000263,714475,714504
P000263,714809,714969
P000263,715280,715312
P000263,718301,718327
P000263,718723,718747
P000263,719068,719108
P000263,719453,719462
P000263,719991,720000
P000263,720444,720481
P000263,720876,720885
P000263,721292,721301
P000263,721819,722014
P000263,722515,722543
P000263,724065,724167
P000263,724604,724654
P000263,725129,725181
P000263,725622,725678
P000263,725919,725976
P000263,726384,726413
P000263,726846,727002
P000263,727280,727626
P000263,728219,728273
P000263,728607,728655
P000263,729125,729181
P000263,729607,729654
P000263,730335,730389
P000263,731013,731108
P000263,731638,731806
P000263,732659,732941
P000263,733349,733390
P000263,734127,734168
P000263,735795,735830
P000263,736919,737046
P000263,738550,738594
P000263,740280,740309
P000263,741759,741851
P000263,742258,742285
P000263,742785,742817
P000263,759671,759715
P000269,2827,3248
P000269,5261,5299
P000269,6372,6438
P000269,8788,8794
P000269,9049,9076
P000269,10880,10889
P000269,19973,20000
P000269,27263,27311
P000269,32473,32506
P000269,33821,33857
P000269,37265,37320
P000269,45707,45963
P000269,50905,51143
P000269,53781,53829
P000269,56154,56208
P000269,62620,62666
P000269,63104,63137
P000269,70635,70684
P000269,81992,82208
P000269,134857,134911
P000269,147403,147859
P000269,148772,148815
P000269,149166,149193
P000269,149621,149650
P000269,168460,168533
P000269,198078,198178
P000269,264394,264447
P000269,265386,265479
P000269,279549,279654
P000275,97148,97236
P000275,98466,98522
P000275,99100,99144
P000275,99739,99853
P000275,100611,100641
P000275,100864,100893
P000275,101137,101215
P000275,101651,101713
P000275,102350,102433
P000275,102876,102938
P000275,103158,103219
P000275,103531,103609
P000275,103895,103947
P000275,104099,104164
